asset,kalshi_ticker,poly_slug,direction,window_start,close_time,combined_cost,cost_a,cost_b,logged_at,kalshi_outcome,polymarket_outcome,payout,profit,settled_at
BTC,KXBTC15M-26SEP090645-45,btc-updown-15m-1788949800,A,2026-09-09T10:30:00+00:00,2026-09-09T10:45:00Z,0.72,0.72,1.27,2026-09-09T10:41:51.092492+00:00,down,down,1.0,0.28,2026-09-09T10:51:11.110686+00:00
ETH,KXETH15M-26SEP090645-45,eth-updown-15m-1788949800,A,2026-09-09T10:30:00+00:00,2026-09-09T10:45:00Z,0.74,0.74,1.26,2026-09-09T10:39:55.364115+00:00,down,down,1.0,0.26,2026-09-09T12:15:23.427239+00:00
BTC,KXBTC15M-26SEP090700-00,btc-updown-15m-1788950700,A,2026-09-09T10:45:00+00:00,2026-09-09T11:00:00Z,0.75,0.75,1.24,2026-09-09T10:45:24.713016+00:00,down,down,1.0,0.25,2026-09-09T12:15:23.427239+00:00
BTC,KXBTC15M-26SEP090815-15,btc-updown-15m-1788956100,A,2026-09-09T12:15:00+00:00,2026-09-09T12:15:00Z,0.521,0.521,1.47,2026-09-09T12:15:22.595469+00:00,up,down,0.0,-0.521,2026-09-09T12:33:54.784176+00:00
BTC,KXBTC15M-26SEP090830-30,btc-updown-15m-1788956100,A,2026-09-09T12:15:00+00:00,2026-09-09T12:30:00Z,0.79,0.79,1.21,2026-09-09T12:18:32.497908+00:00,up,down,0.0,-0.79,2026-09-09T12:33:54.784176+00:00
ETH,KXETH15M-26SEP090830-30,eth-updown-15m-1788956100,A,2026-09-09T12:15:00+00:00,2026-09-09T12:30:00Z,0.77,0.77,1.22,2026-09-09T12:18:26.878785+00:00,up,up,1.0,0.23,2026-09-09T12:35:04.033683+00:00
BTC,KXBTC15M-26SEP090845-45,btc-updown-15m-1788957900,A,2026-09-09T12:45:00+00:00,2026-09-09T12:45:00Z,0.451,0.451,1.54,2026-09-09T12:45:22.703460+00:00,up,up,1.0,0.549,2026-09-09T13:07:02.711546+00:00
ETH,KXETH15M-26SEP090915-15,eth-updown-15m-1788958800,B,2026-09-09T13:00:00+00:00,2026-09-09T13:15:00Z,0.75,1.26,0.75,2026-09-09T13:04:36.855391+00:00,up,up,1.0,0.25,2026-09-09T13:19:40.659860+00:00
BTC,KXBTC15M-26SEP090915-15,btc-updown-15m-1788958800,A,2026-09-09T13:00:00+00:00,2026-09-09T13:15:00Z,0.79,0.79,1.21,2026-09-09T13:09:19.180476+00:00,down,down,1.0,0.21,2026-09-09T13:20:04.649730+00:00
BTC,KXBTC15M-26SEP090930-30,btc-updown-15m-1788959700,B,2026-09-09T13:15:00+00:00,2026-09-09T13:30:00Z,0.72,1.28,0.72,2026-09-09T13:20:56.439330+00:00,up,up,1.0,0.28,2026-09-09T13:36:02.393395+00:00
ETH,KXETH15M-26SEP090930-30,eth-updown-15m-1788960600,A,2026-09-09T13:30:00+00:00,2026-09-09T13:30:00Z,0.341,0.341,1.65,2026-09-09T13:30:23.550931+00:00,up,down,0.0,-0.341,2026-09-09T13:50:21.966961+00:00
ETH,KXETH15M-26SEP090945-45,eth-updown-15m-1788960600,B,2026-09-09T13:30:00+00:00,2026-09-09T13:45:00Z,0.75,1.23,0.75,2026-09-09T13:32:33.822928+00:00,down,down,1.0,0.25,2026-09-09T13:50:21.966961+00:00
BTC,KXBTC15M-26SEP090945-45,btc-updown-15m-1788961500,B,2026-09-09T13:45:00+00:00,2026-09-09T13:45:00Z,0.361,1.62,0.361,2026-09-09T13:45:22.735855+00:00,down,down,1.0,0.639,2026-09-09T14:02:23.875641+00:00
BTC,KXBTC15M-26SEP091000-00,btc-updown-15m-1788961500,A,2026-09-09T13:45:00+00:00,2026-09-09T14:00:00Z,0.76,0.76,1.24,2026-09-09T13:54:10.150103+00:00,down,down,1.0,0.24,2026-09-09T14:02:23.875641+00:00
BTC,KXBTC15M-26SEP091015-15,btc-updown-15m-1788962400,A,2026-09-09T14:00:00+00:00,2026-09-09T14:15:00Z,0.76,0.76,1.24,2026-09-09T14:06:39.903992+00:00,down,down,1.0,0.24,2026-09-09T14:17:52.781149+00:00
ETH,KXETH15M-26SEP091000-00,eth-updown-15m-1788962400,B,2026-09-09T14:00:00+00:00,2026-09-09T14:00:00Z,0.425,1.57,0.425,2026-09-09T14:00:23.177798+00:00,down,down,1.0,0.575,2026-09-09T14:19:04.696801+00:00
ETH,KXETH15M-26SEP091015-15,eth-updown-15m-1788962400,A,2026-09-09T14:00:00+00:00,2026-09-09T14:15:00Z,0.78,0.78,1.22,2026-09-09T14:01:28.285238+00:00,down,down,1.0,0.22,2026-09-09T14:19:04.696801+00:00
ETH,KXETH15M-26SEP091030-30,eth-updown-15m-1788963300,B,2026-09-09T14:15:00+00:00,2026-09-09T14:30:00Z,0.76,1.22,0.76,2026-09-09T14:26:04.139671+00:00,up,up,1.0,0.24,2026-09-09T14:34:57.789444+00:00
BTC,KXBTC15M-26SEP091030-30,btc-updown-15m-1788963300,B,2026-09-09T14:15:00+00:00,2026-09-09T14:30:00Z,0.79,1.21,0.79,2026-09-09T14:26:09.988286+00:00,up,up,1.0,0.21,2026-09-09T14:36:39.579323+00:00
BTC,KXBTC15M-26SEP091045-45,btc-updown-15m-1788964200,A,2026-09-09T14:30:00+00:00,2026-09-09T14:45:00Z,0.59,0.59,1.41,2026-09-09T14:41:36.418158+00:00,down,down,1.0,0.41,2026-09-09T14:49:09.099347+00:00
ETH,KXETH15M-26SEP091045-45,eth-updown-15m-1788964200,A,2026-09-09T14:30:00+00:00,2026-09-09T14:45:00Z,0.78,0.78,1.23,2026-09-09T14:34:24.742028+00:00,down,down,1.0,0.22,2026-09-09T14:49:26.470047+00:00
ETH,KXETH15M-26SEP091100-00,eth-updown-15m-1788965100,A,2026-09-09T14:45:00+00:00,2026-09-09T15:00:00Z,0.75,0.75,1.25,2026-09-09T14:52:20.342626+00:00,down,down,1.0,0.25,2026-09-09T15:03:07.976793+00:00
BTC,KXBTC15M-26SEP091100-00,btc-updown-15m-1788965100,B,2026-09-09T14:45:00+00:00,2026-09-09T15:00:00Z,0.79,1.21,0.79,2026-09-09T14:49:48.755340+00:00,down,down,1.0,0.21,2026-09-09T15:06:51.160776+00:00
ETH,KXETH15M-26SEP091115-15,eth-updown-15m-1788966000,A,2026-09-09T15:00:00+00:00,2026-09-09T15:15:00Z,0.64,0.64,1.36,2026-09-09T15:01:35.845498+00:00,down,down,1.0,0.36,2026-09-09T15:20:16.548200+00:00
BTC,KXBTC15M-26SEP091115-15,btc-updown-15m-1788966000,B,2026-09-09T15:00:00+00:00,2026-09-09T15:15:00Z,0.79,1.21,0.79,2026-09-09T15:00:52.997117+00:00,down,down,1.0,0.21,2026-09-09T15:20:59.069451+00:00
BTC,KXBTC15M-26SEP091130-30,btc-updown-15m-1788966900,B,2026-09-09T15:15:00+00:00,2026-09-09T15:30:00Z,0.76,1.24,0.76,2026-09-09T15:15:48.729392+00:00,down,down,1.0,0.24,2026-09-09T15:34:45.822768+00:00
ETH,KXETH15M-26SEP091130-30,eth-updown-15m-1788966900,A,2026-09-09T15:15:00+00:00,2026-09-09T15:30:00Z,0.79,0.79,1.22,2026-09-09T15:21:19.887181+00:00,down,down,1.0,0.21,2026-09-09T15:35:20.539382+00:00
BTC,KXBTC15M-26SEP091200-00,btc-updown-15m-1788968700,A,2026-09-09T15:45:00+00:00,2026-09-09T16:00:00Z,0.76,0.76,1.24,2026-09-09T15:51:11.764100+00:00,down,down,1.0,0.24,2026-09-09T16:02:36.202006+00:00
ETH,KXETH15M-26SEP091200-00,eth-updown-15m-1788968700,A,2026-09-09T15:45:00+00:00,2026-09-09T16:00:00Z,0.79,0.79,1.21,2026-09-09T15:51:11.764100+00:00,down,down,1.0,0.21,2026-09-09T16:05:05.402349+00:00
ETH,KXETH15M-26SEP091215-15,eth-updown-15m-1788969600,B,2026-09-09T16:00:00+00:00,2026-09-09T16:15:00Z,0.74,1.28,0.74,2026-09-09T16:13:03.187917+00:00,up,up,1.0,0.26,2026-09-09T16:20:08.184136+00:00
BTC,KXBTC15M-26SEP091215-15,btc-updown-15m-1788969600,A,2026-09-09T16:00:00+00:00,2026-09-09T16:15:00Z,0.79,0.79,1.21,2026-09-09T16:08:50.226120+00:00,up,up,1.0,0.21,2026-09-09T16:20:20.151345+00:00
BTC,KXBTC15M-26SEP091230-30,btc-updown-15m-1788970500,A,2026-09-09T16:15:00+00:00,2026-09-09T16:30:00Z,0.77,0.77,1.23,2026-09-09T16:25:58.314382+00:00,down,down,1.0,0.23,2026-09-09T16:33:31.325870+00:00
ETH,KXETH15M-26SEP091230-30,eth-updown-15m-1788970500,A,2026-09-09T16:15:00+00:00,2026-09-09T16:30:00Z,0.78,0.78,1.21,2026-09-09T16:22:39.864508+00:00,down,down,1.0,0.22,2026-09-09T16:36:24.417030+00:00
BTC,KXBTC15M-26SEP091300-00,btc-updown-15m-1788972300,B,2026-09-09T16:45:00+00:00,2026-09-09T17:00:00Z,0.76,1.24,0.76,2026-09-09T16:58:30.048462+00:00,up,up,1.0,0.24,2026-09-09T17:05:35.019782+00:00
BTC,KXBTC15M-26SEP091315-15,btc-updown-15m-1788973200,B,2026-09-09T17:00:00+00:00,2026-09-09T17:15:00Z,0.79,1.21,0.79,2026-09-09T17:02:21.822297+00:00,up,up,1.0,0.21,2026-09-09T17:18:24.791887+00:00
ETH,KXETH15M-26SEP091300-00,eth-updown-15m-1788973200,B,2026-09-09T17:00:00+00:00,2026-09-09T17:00:00Z,0.541,1.45,0.541,2026-09-09T17:00:25.318073+00:00,down,up,0.0,-0.541,2026-09-09T17:20:45.379870+00:00
ETH,KXETH15M-26SEP091315-15,eth-updown-15m-1788973200,A,2026-09-09T17:00:00+00:00,2026-09-09T17:15:00Z,0.79,0.79,1.21,2026-09-09T17:03:41.997641+00:00,up,up,1.0,0.21,2026-09-09T17:20:45.379870+00:00
BTC,KXBTC15M-26SEP091330-30,btc-updown-15m-1788974100,B,2026-09-09T17:15:00+00:00,2026-09-09T17:30:00Z,0.78,1.22,0.78,2026-09-09T17:25:16.818406+00:00,down,down,1.0,0.22,2026-09-09T17:33:20.834737+00:00
ETH,KXETH15M-26SEP091330-30,eth-updown-15m-1788974100,B,2026-09-09T17:15:00+00:00,2026-09-09T17:30:00Z,0.75,1.25,0.75,2026-09-09T17:25:11.267639+00:00,up,up,1.0,0.25,2026-09-09T17:36:37.170918+00:00
BTC,KXBTC15M-26SEP091345-45,btc-updown-15m-1788975900,B,2026-09-09T17:45:00+00:00,2026-09-09T17:45:00Z,0.471,1.52,0.471,2026-09-09T17:45:25.317500+00:00,down,up,0.0,-0.471,2026-09-09T18:07:15.343290+00:00
ETH,KXETH15M-26SEP091415-15,eth-updown-15m-1788976800,A,2026-09-09T18:00:00+00:00,2026-09-09T18:15:00Z,0.76,0.76,1.24,2026-09-09T18:06:42.817937+00:00,down,down,1.0,0.24,2026-09-09T18:18:04.780175+00:00
BTC,KXBTC15M-26SEP091430-30,btc-updown-15m-1788977700,A,2026-09-09T18:15:00+00:00,2026-09-09T18:30:00Z,0.74,0.74,1.22,2026-09-09T18:22:27.405676+00:00,up,up,1.0,0.26,2026-09-09T18:33:42.848721+00:00
ETH,KXETH15M-26SEP091430-30,eth-updown-15m-1788977700,A,2026-09-09T18:15:00+00:00,2026-09-09T18:30:00Z,0.79,0.79,1.21,2026-09-09T18:19:31.457837+00:00,up,up,1.0,0.21,2026-09-09T18:34:16.093290+00:00
BTC,KXBTC15M-26SEP091445-45,btc-updown-15m-1788978600,A,2026-09-09T18:30:00+00:00,2026-09-09T18:45:00Z,0.75,0.75,1.25,2026-09-09T18:34:37.656704+00:00,down,down,1.0,0.25,2026-09-09T18:50:03.484560+00:00
BTC,KXBTC15M-26SEP091545-45,btc-updown-15m-1788982200,A,2026-09-09T19:30:00+00:00,2026-09-09T19:45:00Z,0.79,0.79,1.21,2026-09-09T19:35:27.903468+00:00,down,down,1.0,0.21,2026-09-09T19:55:00.079978+00:00
ETH,KXETH15M-26SEP091545-45,eth-updown-15m-1788982200,A,2026-09-09T19:30:00+00:00,2026-09-09T19:45:00Z,0.79,0.79,1.21,2026-09-09T19:31:06.846428+00:00,down,down,1.0,0.21,2026-09-09T20:06:25.411361+00:00
BTC,KXBTC15M-26SEP091600-00,btc-updown-15m-1788983100,A,2026-09-09T19:45:00+00:00,2026-09-09T20:00:00Z,0.73,0.73,1.27,2026-09-09T19:50:22.377346+00:00,down,down,1.0,0.27,2026-09-09T20:33:19.832290+00:00
ETH,KXETH15M-26SEP091600-00,eth-updown-15m-1788983100,A,2026-09-09T19:45:00+00:00,2026-09-09T20:00:00Z,0.79,0.79,1.21,2026-09-09T19:50:16.729987+00:00,down,down,1.0,0.21,2026-09-09T20:34:50.950418+00:00
BTC,KXBTC15M-26SEP091530-30,btc-updown-15m-1788981300,B,2026-09-09T19:15:00+00:00,2026-09-09T19:30:00Z,0.79,1.21,0.79,2026-09-09T19:15:51.031183+00:00,up,up,1.0,0.21,2026-09-09T20:45:24.395216+00:00
ETH,KXETH15M-26SEP091615-15,eth-updown-15m-1788984900,A,2026-09-09T20:15:00+00:00,2026-09-09T20:15:00Z,0.561,0.561,1.43,2026-09-09T20:15:20.773419+00:00,up,down,0.0,-0.561,2026-09-09T20:49:13.779238+00:00
ETH,KXETH15M-26SEP091630-30,eth-updown-15m-1788984900,A,2026-09-09T20:15:00+00:00,2026-09-09T20:30:00Z,0.79,0.79,1.21,2026-09-09T20:24:01.623538+00:00,down,down,1.0,0.21,2026-09-09T20:49:13.779238+00:00
BTC,KXBTC15M-26SEP091630-30,btc-updown-15m-1788985800,B,2026-09-09T20:30:00+00:00,2026-09-09T20:30:00Z,0.371,1.62,0.371,2026-09-09T20:30:21.462358+00:00,down,up,0.0,-0.371,2026-09-09T21:00:24.841671+00:00
ETH,KXETH15M-26SEP091700-00,eth-updown-15m-1788986700,A,2026-09-09T20:45:00+00:00,2026-09-09T21:00:00Z,0.78,0.78,1.22,2026-09-09T20:48:21.139489+00:00,up,up,1.0,0.22,2026-09-09T21:12:22.738851+00:00
ETH,KXETH15M-26SEP091730-30,eth-updown-15m-1788988500,A,2026-09-09T21:15:00+00:00,2026-09-09T21:30:00Z,0.77,0.77,1.23,2026-09-09T21:17:09.864525+00:00,up,up,1.0,0.23,2026-09-09T21:46:31.597944+00:00
BTC,KXBTC15M-26SEP091745-45,btc-updown-15m-1788989400,B,2026-09-09T21:30:00+00:00,2026-09-09T21:45:00Z,0.79,1.21,0.79,2026-09-09T21:38:15.030225+00:00,down,down,1.0,0.21,2026-09-09T21:56:14.424085+00:00
ETH,KXETH15M-26SEP091800-00,eth-updown-15m-1788990300,A,2026-09-09T21:45:00+00:00,2026-09-09T22:00:00Z,0.79,0.79,1.21,2026-09-09T21:48:27.489986+00:00,down,down,1.0,0.21,2026-09-09T22:06:03.021057+00:00
BTC,KXBTC15M-26SEP091815-15,btc-updown-15m-1788992100,B,2026-09-09T22:15:00+00:00,2026-09-09T22:15:00Z,0.511,1.48,0.511,2026-09-09T22:15:20.548721+00:00,down,up,0.0,-0.511,2026-09-09T22:38:49.587332+00:00
BTC,KXBTC15M-26SEP091830-30,btc-updown-15m-1788992100,B,2026-09-09T22:15:00+00:00,2026-09-09T22:30:00Z,0.74,1.26,0.74,2026-09-09T22:16:51.354924+00:00,up,up,1.0,0.26,2026-09-09T22:38:49.587332+00:00
ETH,KXETH15M-26SEP091830-30,eth-updown-15m-1788992100,B,2026-09-09T22:15:00+00:00,2026-09-09T22:30:00Z,0.76,1.24,0.76,2026-09-09T22:18:18.547457+00:00,up,up,1.0,0.24,2026-09-09T22:42:26.122592+00:00
BTC,KXBTC15M-26SEP091845-45,btc-updown-15m-1788993000,B,2026-09-09T22:30:00+00:00,2026-09-09T22:45:00Z,0.73,1.27,0.73,2026-09-09T22:37:16.107065+00:00,down,down,1.0,0.27,2026-09-09T22:55:01.213864+00:00
BTC,KXBTC15M-26SEP091900-00,btc-updown-15m-1788993900,A,2026-09-09T22:45:00+00:00,2026-09-09T23:00:00Z,0.74,0.74,1.26,2026-09-09T22:52:40.037885+00:00,down,down,1.0,0.26,2026-09-09T23:03:11.916223+00:00
ETH,KXETH15M-26SEP091845-45,eth-updown-15m-1788993900,A,2026-09-09T22:45:00+00:00,2026-09-09T22:45:00Z,0.631,0.631,1.35,2026-09-09T22:45:17.175304+00:00,up,down,0.0,-0.631,2026-09-09T23:03:17.560748+00:00
ETH,KXETH15M-26SEP091900-00,eth-updown-15m-1788994800,B,2026-09-09T23:00:00+00:00,2026-09-09T23:00:00Z,0.321,1.67,0.321,2026-09-09T23:00:21.531432+00:00,down,up,0.0,-0.321,2026-09-09T23:18:35.410998+00:00
BTC,KXBTC15M-26SEP091915-15,btc-updown-15m-1788995700,A,2026-09-09T23:15:00+00:00,2026-09-09T23:15:00Z,0.441,0.441,1.55,2026-09-09T23:15:21.415442+00:00,up,up,1.0,0.559,2026-09-09T23:35:32.010919+00:00
ETH,KXETH15M-26SEP091930-30,eth-updown-15m-1788995700,A,2026-09-09T23:15:00+00:00,2026-09-09T23:30:00Z,0.79,0.79,1.21,2026-09-09T23:22:54.852924+00:00,up,up,1.0,0.21,2026-09-09T23:38:43.431596+00:00
ETH,KXETH15M-26SEP091945-45,eth-updown-15m-1788997500,A,2026-09-09T23:45:00+00:00,2026-09-09T23:45:00Z,0.481,0.481,1.51,2026-09-09T23:45:18.847425+00:00,up,up,1.0,0.519,2026-09-10T00:15:18.989295+00:00
BTC,KXBTC15M-26SEP091945-45,btc-updown-15m-1788997500,A,2026-09-09T23:45:00+00:00,2026-09-09T23:45:00Z,0.501,0.501,1.49,2026-09-09T23:45:18.847425+00:00,up,up,1.0,0.499,2026-09-10T00:16:04.654372+00:00
ETH,KXETH15M-26SEP092000-00,eth-updown-15m-1788998400,A,2026-09-10T00:00:00+00:00,2026-09-10T00:00:00Z,0.541,0.541,1.45,2026-09-10T00:00:24.248961+00:00,up,up,1.0,0.459,2026-09-10T00:22:38.327016+00:00
ETH,KXETH15M-26SEP092015-15,eth-updown-15m-1788998400,A,2026-09-10T00:00:00+00:00,2026-09-10T00:15:00Z,0.62,0.62,1.35,2026-09-10T00:13:18.845666+00:00,up,up,1.0,0.38,2026-09-10T00:22:38.327016+00:00
BTC,KXBTC15M-26SEP092015-15,btc-updown-15m-1788998400,A,2026-09-10T00:00:00+00:00,2026-09-10T00:15:00Z,0.79,0.79,1.21,2026-09-10T00:07:04.294409+00:00,up,up,1.0,0.21,2026-09-10T00:24:16.947850+00:00
BTC,KXBTC15M-26SEP092030-30,btc-updown-15m-1788999300,B,2026-09-10T00:15:00+00:00,2026-09-10T00:30:00Z,0.75,1.25,0.75,2026-09-10T00:23:35.104745+00:00,up,up,1.0,0.25,2026-09-10T00:45:23.128570+00:00
ETH,KXETH15M-26SEP092030-30,eth-updown-15m-1788999300,B,2026-09-10T00:15:00+00:00,2026-09-10T00:30:00Z,0.552,1.446,0.552,2026-09-10T00:23:35.104745+00:00,up,up,1.0,0.448,2026-09-10T00:47:56.454219+00:00
BTC,KXBTC15M-26SEP092045-45,btc-updown-15m-1789000200,B,2026-09-10T00:30:00+00:00,2026-09-10T00:45:00Z,0.75,1.25,0.75,2026-09-10T00:34:12.797388+00:00,down,down,1.0,0.25,2026-09-10T00:56:05.772790+00:00
BTC,KXBTC15M-26SEP091515-15,btc-updown-15m-1788980400,B,2026-09-09T19:00:00+00:00,2026-09-09T19:15:00Z,0.76,1.24,0.76,2026-09-09T19:12:56.272235+00:00,up,up,1.0,0.24,2026-09-10T01:00:31.058163+00:00
ETH,KXETH15M-26SEP092045-45,eth-updown-15m-1789000200,A,2026-09-10T00:30:00+00:00,2026-09-10T00:45:00Z,0.66,0.66,1.34,2026-09-10T00:39:45.042518+00:00,down,down,1.0,0.34,2026-09-10T01:03:13.647787+00:00
ETH,KXETH15M-26SEP092100-00,eth-updown-15m-1789001100,B,2026-09-10T00:45:00+00:00,2026-09-10T01:00:00Z,0.76,1.24,0.76,2026-09-10T00:47:06.305563+00:00,up,up,1.0,0.24,2026-09-10T01:05:44.407922+00:00
BTC,KXBTC15M-26SEP092100-00,btc-updown-15m-1789001100,B,2026-09-10T00:45:00+00:00,2026-09-10T01:00:00Z,0.79,1.12,0.79,2026-09-10T00:51:24.137127+00:00,up,up,1.0,0.21,2026-09-10T01:06:50.557987+00:00
ETH,KXETH15M-26SEP092115-15,eth-updown-15m-1789002000,B,2026-09-10T01:00:00+00:00,2026-09-10T01:15:00Z,0.79,1.21,0.79,2026-09-10T01:01:13.981024+00:00,up,up,1.0,0.21,2026-09-10T01:22:43.701097+00:00
ETH,KXETH15M-26SEP091515-15,eth-updown-15m-1788980400,B,2026-09-09T19:00:00+00:00,2026-09-09T19:15:00Z,0.79,1.21,0.79,2026-09-09T19:00:47.392002+00:00,down,down,1.0,0.21,2026-09-10T01:26:23.808328+00:00
ETH,KXETH15M-26SEP092130-30,eth-updown-15m-1789002900,B,2026-09-10T01:15:00+00:00,2026-09-10T01:30:00Z,0.7,1.3,0.7,2026-09-10T01:19:38.227238+00:00,down,down,1.0,0.3,2026-09-10T01:32:51.397448+00:00
ETH,KXETH15M-26SEP092145-45,eth-updown-15m-1789003800,B,2026-09-10T01:30:00+00:00,2026-09-10T01:45:00Z,0.63,1.31,0.63,2026-09-10T01:41:55.506305+00:00,down,down,1.0,0.37,2026-09-10T01:48:46.527692+00:00
BTC,KXBTC15M-26SEP092130-30,btc-updown-15m-1789003800,B,2026-09-10T01:30:00+00:00,2026-09-10T01:30:00Z,0.531,1.46,0.531,2026-09-10T01:30:20.309518+00:00,down,down,1.0,0.469,2026-09-10T01:52:17.471468+00:00
BTC,KXBTC15M-26SEP092145-45,btc-updown-15m-1789003800,B,2026-09-10T01:30:00+00:00,2026-09-10T01:45:00Z,0.529,1.472,0.529,2026-09-10T01:41:55.506305+00:00,down,down,1.0,0.471,2026-09-10T01:52:17.471468+00:00
ETH,KXETH15M-26SEP092200-00,eth-updown-15m-1789004700,B,2026-09-10T01:45:00+00:00,2026-09-10T02:00:00Z,0.78,1.21,0.78,2026-09-10T01:47:42.087760+00:00,up,up,1.0,0.22,2026-09-10T02:06:55.463655+00:00
BTC,KXBTC15M-26SEP092230-30,btc-updown-15m-1789007400,B,2026-09-10T02:30:00+00:00,2026-09-10T02:30:00Z,0.451,1.54,0.451,2026-09-10T02:30:23.289563+00:00,down,up,0.0,-0.451,2026-09-10T02:49:29.362409+00:00
ETH,KXETH15M-26SEP092245-45,eth-updown-15m-1789008300,A,2026-09-10T02:45:00+00:00,2026-09-10T02:45:00Z,0.551,0.551,1.41,2026-09-10T02:45:20.799795+00:00,up,up,1.0,0.449,2026-09-10T03:06:00.550312+00:00
BTC,KXBTC15M-26SEP092315-15,btc-updown-15m-1789009200,B,2026-09-10T03:00:00+00:00,2026-09-10T03:15:00Z,0.77,1.23,0.77,2026-09-10T03:02:38.915999+00:00,up,up,1.0,0.23,2026-09-10T03:20:14.321100+00:00
ETH,KXETH15M-26SEP092330-30,eth-updown-15m-1789010100,A,2026-09-10T03:15:00+00:00,2026-09-10T03:30:00Z,0.67,0.67,1.35,2026-09-10T03:23:03.258470+00:00,up,up,1.0,0.33,2026-09-10T03:36:06.718298+00:00
BTC,KXBTC15M-26SEP092345-45,btc-updown-15m-1789011000,A,2026-09-10T03:30:00+00:00,2026-09-10T03:45:00Z,0.79,0.79,1.21,2026-09-10T03:35:00.179530+00:00,down,down,1.0,0.21,2026-09-10T03:51:25.783239+00:00
ETH,KXETH15M-26SEP092345-45,eth-updown-15m-1789011000,A,2026-09-10T03:30:00+00:00,2026-09-10T03:45:00Z,0.7,0.7,1.31,2026-09-10T03:35:00.179530+00:00,up,down,0.0,-0.7,2026-09-10T03:51:31.125422+00:00
ETH,KXETH15M-26SEP100000-00,eth-updown-15m-1789011900,A,2026-09-10T03:45:00+00:00,2026-09-10T04:00:00Z,0.72,0.72,1.27,2026-09-10T03:50:58.248131+00:00,down,down,1.0,0.28,2026-09-10T04:03:03.940068+00:00
BTC,KXBTC15M-26SEP100000-00,btc-updown-15m-1789011900,A,2026-09-10T03:45:00+00:00,2026-09-10T04:00:00Z,0.68,0.68,1.32,2026-09-10T03:50:58.248131+00:00,down,down,1.0,0.32,2026-09-10T04:04:09.888134+00:00
ETH,KXETH15M-26SEP100045-45,eth-updown-15m-1789014600,A,2026-09-10T04:30:00+00:00,2026-09-10T04:45:00Z,0.79,0.79,1.2,2026-09-10T04:35:20.632919+00:00,down,down,1.0,0.21,2026-09-10T04:48:12.918771+00:00
BTC,KXBTC15M-26SEP100045-45,btc-updown-15m-1789014600,A,2026-09-10T04:30:00+00:00,2026-09-10T04:45:00Z,0.78,0.78,1.22,2026-09-10T04:35:26.453829+00:00,down,down,1.0,0.22,2026-09-10T04:51:09.070450+00:00
BTC,KXBTC15M-26SEP100100-00,btc-updown-15m-1789015500,A,2026-09-10T04:45:00+00:00,2026-09-10T05:00:00Z,0.78,0.78,1.22,2026-09-10T04:50:57.989190+00:00,up,up,1.0,0.22,2026-09-10T05:05:31.408293+00:00
ETH,KXETH15M-26SEP100100-00,eth-updown-15m-1789015500,B,2026-09-10T04:45:00+00:00,2026-09-10T05:00:00Z,0.7,1.31,0.7,2026-09-10T04:53:09.943703+00:00,up,up,1.0,0.3,2026-09-10T05:05:37.368736+00:00
BTC,KXBTC15M-26SEP100115-15,btc-updown-15m-1789016400,B,2026-09-10T05:00:00+00:00,2026-09-10T05:15:00Z,0.77,1.2,0.77,2026-09-10T05:12:13.935626+00:00,up,up,1.0,0.23,2026-09-10T05:17:16.851673+00:00
ETH,KXETH15M-26SEP100115-15,eth-updown-15m-1789016400,B,2026-09-10T05:00:00+00:00,2026-09-10T05:15:00Z,0.74,1.26,0.74,2026-09-10T05:11:24.425292+00:00,up,up,1.0,0.26,2026-09-10T05:17:50.815522+00:00
BTC,KXBTC15M-26SEP100130-30,btc-updown-15m-1789017300,B,2026-09-10T05:15:00+00:00,2026-09-10T05:30:00Z,0.79,1.19,0.79,2026-09-10T05:28:20.634635+00:00,up,up,1.0,0.21,2026-09-10T05:33:13.449946+00:00
ETH,KXETH15M-26SEP100130-30,eth-updown-15m-1789017300,A,2026-09-10T05:15:00+00:00,2026-09-10T05:30:00Z,0.76,0.76,1.24,2026-09-10T05:16:30.320430+00:00,up,up,1.0,0.24,2026-09-10T05:35:24.783696+00:00
BTC,KXBTC15M-26SEP100145-45,btc-updown-15m-1789018200,A,2026-09-10T05:30:00+00:00,2026-09-10T05:45:00Z,0.78,0.78,1.21,2026-09-10T05:35:51.587483+00:00,down,down,1.0,0.22,2026-09-10T05:48:24.889847+00:00
ETH,KXETH15M-26SEP100145-45,eth-updown-15m-1789019100,B,2026-09-10T05:45:00+00:00,2026-09-10T05:45:00Z,0.521,1.47,0.521,2026-09-10T05:45:20.523914+00:00,down,up,0.0,-0.521,2026-09-10T06:03:16.556786+00:00
BTC,KXBTC15M-26SEP100200-00,btc-updown-15m-1789019100,A,2026-09-10T05:45:00+00:00,2026-09-10T06:00:00Z,0.78,0.78,1.19,2026-09-10T05:51:53.895189+00:00,up,up,1.0,0.22,2026-09-10T06:03:58.757551+00:00
ETH,KXETH15M-26SEP100200-00,eth-updown-15m-1789020000,A,2026-09-10T06:00:00+00:00,2026-09-10T06:00:00Z,0.501,0.501,1.49,2026-09-10T06:00:03.967127+00:00,up,down,0.0,-0.501,2026-09-10T06:19:56.211223+00:00
BTC,KXBTC15M-26SEP100215-15,btc-updown-15m-1789020900,B,2026-09-10T06:15:00+00:00,2026-09-10T06:15:00Z,0.491,1.5,0.491,2026-09-10T06:15:21.418790+00:00,down,down,1.0,0.509,2026-09-10T06:32:54.886055+00:00
ETH,KXETH15M-26SEP100215-15,eth-updown-15m-1789020900,B,2026-09-10T06:15:00+00:00,2026-09-10T06:15:00Z,0.551,1.44,0.551,2026-09-10T06:15:21.418790+00:00,down,down,1.0,0.449,2026-09-10T06:34:29.942948+00:00
BTC,KXBTC15M-26SEP100245-45,btc-updown-15m-1789021800,A,2026-09-10T06:30:00+00:00,2026-09-10T06:45:00Z,0.76,0.76,1.23,2026-09-10T06:31:13.513173+00:00,down,down,1.0,0.24,2026-09-10T06:49:37.017532+00:00
BTC,KXBTC15M-26SEP100300-00,btc-updown-15m-1789022700,A,2026-09-10T06:45:00+00:00,2026-09-10T07:00:00Z,0.76,0.76,1.25,2026-09-10T06:45:56.864057+00:00,up,up,1.0,0.24,2026-09-10T09:00:26.075501+00:00
ETH,KXETH15M-26SEP100300-00,eth-updown-15m-1789022700,B,2026-09-10T06:45:00+00:00,2026-09-10T07:00:00Z,0.79,1.22,0.79,2026-09-10T06:46:58.769295+00:00,up,up,1.0,0.21,2026-09-10T09:00:26.075501+00:00
BTC,KXBTC15M-26SEP100530-30,btc-updown-15m-1789031700,A,2026-09-10T09:15:00+00:00,2026-09-10T09:30:00Z,0.78,0.78,1.22,2026-09-10T09:26:39.955152+00:00,up,up,1.0,0.22,2026-09-10T09:45:27.754659+00:00
ETH,KXETH15M-26SEP100530-30,eth-updown-15m-1789032600,A,2026-09-10T09:30:00+00:00,2026-09-10T09:30:00Z,0.411,0.411,1.54,2026-09-10T09:30:01.385972+00:00,up,down,0.0,-0.411,2026-09-10T09:49:57.415097+00:00
ETH,KXETH15M-26SEP100545-45,eth-updown-15m-1789033500,B,2026-09-10T09:45:00+00:00,2026-09-10T09:45:00Z,0.401,1.59,0.401,2026-09-10T09:45:26.585422+00:00,down,down,1.0,0.599,2026-09-10T10:03:04.090681+00:00
ETH,KXETH15M-26SEP100600-00,eth-updown-15m-1789033500,A,2026-09-10T09:45:00+00:00,2026-09-10T10:00:00Z,0.743,0.743,1.248,2026-09-10T09:57:02.321886+00:00,up,down,0.0,-0.743,2026-09-10T10:03:04.090681+00:00
BTC,KXBTC15M-26SEP100600-00,btc-updown-15m-1789033500,A,2026-09-10T09:45:00+00:00,2026-09-10T10:00:00Z,0.62,0.62,1.38,2026-09-10T09:57:02.321886+00:00,down,down,1.0,0.38,2026-09-10T10:06:35.432681+00:00
BTC,KXBTC15M-26SEP100615-15,btc-updown-15m-1789034400,A,2026-09-10T10:00:00+00:00,2026-09-10T10:15:00Z,0.75,0.75,1.25,2026-09-10T10:09:26.225162+00:00,up,up,1.0,0.25,2026-09-10T10:18:54.360416+00:00
ETH,KXETH15M-26SEP100630-30,eth-updown-15m-1789035300,A,2026-09-10T10:15:00+00:00,2026-09-10T10:30:00Z,0.78,0.78,1.19,2026-09-10T10:23:55.688400+00:00,down,down,1.0,0.22,2026-09-10T10:35:37.854017+00:00
BTC,KXBTC15M-26SEP100630-30,btc-updown-15m-1789035300,A,2026-09-10T10:15:00+00:00,2026-09-10T10:30:00Z,0.79,0.79,1.21,2026-09-10T10:23:39.662289+00:00,down,down,1.0,0.21,2026-09-10T10:37:00.892953+00:00
BTC,KXBTC15M-26SEP100645-45,btc-updown-15m-1789036200,B,2026-09-10T10:30:00+00:00,2026-09-10T10:45:00Z,0.78,1.22,0.78,2026-09-10T10:37:49.440547+00:00,up,up,1.0,0.22,2026-09-10T10:48:17.084081+00:00
ETH,KXETH15M-26SEP100645-45,eth-updown-15m-1789036200,B,2026-09-10T10:30:00+00:00,2026-09-10T10:45:00Z,0.68,1.28,0.68,2026-09-10T10:37:33.379221+00:00,up,up,1.0,0.32,2026-09-10T10:50:56.331067+00:00
BTC,KXBTC15M-26SEP100700-00,btc-updown-15m-1789037100,A,2026-09-10T10:45:00+00:00,2026-09-10T11:00:00Z,0.78,0.78,1.22,2026-09-10T10:47:01.929150+00:00,down,down,1.0,0.22,2026-09-10T11:03:16.000845+00:00
ETH,KXETH15M-26SEP100700-00,eth-updown-15m-1789037100,B,2026-09-10T10:45:00+00:00,2026-09-10T11:00:00Z,0.171,1.71,0.171,2026-09-10T10:56:38.865585+00:00,down,down,1.0,0.829,2026-09-10T11:04:44.627354+00:00
BTC,KXBTC15M-26SEP100745-45,btc-updown-15m-1789039800,A,2026-09-10T11:30:00+00:00,2026-09-10T11:45:00Z,0.38,0.38,1.62,2026-09-10T11:43:19.262481+00:00,down,down,1.0,0.62,2026-09-10T11:48:32.992238+00:00
ETH,KXETH15M-26SEP100745-45,eth-updown-15m-1789039800,A,2026-09-10T11:30:00+00:00,2026-09-10T11:45:00Z,0.76,0.76,1.24,2026-09-10T11:33:14.185653+00:00,up,up,1.0,0.24,2026-09-10T11:49:32.078748+00:00
ETH,KXETH15M-26SEP100800-00,eth-updown-15m-1789040700,A,2026-09-10T11:45:00+00:00,2026-09-10T12:00:00Z,0.78,0.78,1.22,2026-09-10T11:50:41.225960+00:00,down,down,1.0,0.22,2026-09-10T12:04:38.143096+00:00
BTC,KXBTC15M-26SEP100800-00,btc-updown-15m-1789041600,B,2026-09-10T12:00:00+00:00,2026-09-10T12:00:00Z,0.501,1.49,0.501,2026-09-10T12:00:20.785075+00:00,down,down,1.0,0.499,2026-09-10T12:20:07.424893+00:00
ETH,KXETH15M-26SEP100815-15,eth-updown-15m-1789042500,B,2026-09-10T12:15:00+00:00,2026-09-10T12:15:00Z,0.581,1.41,0.581,2026-09-10T12:15:18.102644+00:00,down,down,1.0,0.419,2026-09-10T12:32:50.471940+00:00
BTC,KXBTC15M-26SEP100845-45,btc-updown-15m-1789043400,A,2026-09-10T12:30:00+00:00,2026-09-10T12:45:00Z,0.75,0.75,1.25,2026-09-10T12:30:32.195430+00:00,down,down,1.0,0.25,2026-09-10T12:48:03.146586+00:00
ETH,KXETH15M-26SEP100830-30,eth-updown-15m-1789043400,B,2026-09-10T12:30:00+00:00,2026-09-10T12:30:00Z,0.501,1.52,0.501,2026-09-10T12:30:20.212936+00:00,down,down,1.0,0.499,2026-09-10T12:50:41.452339+00:00
ETH,KXETH15M-26SEP100845-45,eth-updown-15m-1789043400,A,2026-09-10T12:30:00+00:00,2026-09-10T12:45:00Z,0.71,0.71,1.28,2026-09-10T12:30:38.153127+00:00,down,down,1.0,0.29,2026-09-10T12:50:41.452339+00:00
ETH,KXETH15M-26SEP100915-15,eth-updown-15m-1789045200,A,2026-09-10T13:00:00+00:00,2026-09-10T13:15:00Z,0.79,0.79,1.21,2026-09-10T13:12:50.000151+00:00,down,down,1.0,0.21,2026-09-10T13:18:23.433615+00:00
BTC,KXBTC15M-26SEP100915-15,btc-updown-15m-1789045200,A,2026-09-10T13:00:00+00:00,2026-09-10T13:15:00Z,0.58,0.58,1.41,2026-09-10T13:12:50.000151+00:00,down,down,1.0,0.42,2026-09-10T13:21:15.830261+00:00
BTC,KXBTC15M-26SEP100945-45,btc-updown-15m-1789047000,A,2026-09-10T13:30:00+00:00,2026-09-10T13:45:00Z,0.71,0.71,1.29,2026-09-10T13:42:51.880694+00:00,up,up,1.0,0.29,2026-09-10T13:50:45.338682+00:00
ETH,KXETH15M-26SEP101015-15,eth-updown-15m-1789048800,B,2026-09-10T14:00:00+00:00,2026-09-10T14:15:00Z,0.7,1.3,0.7,2026-09-10T14:12:19.250246+00:00,down,down,1.0,0.3,2026-09-10T14:19:00.589933+00:00
BTC,KXBTC15M-26SEP101030-30,btc-updown-15m-1789049700,B,2026-09-10T14:15:00+00:00,2026-09-10T14:30:00Z,0.78,1.22,0.78,2026-09-10T14:22:08.465970+00:00,up,up,1.0,0.22,2026-09-10T14:32:17.613959+00:00
ETH,KXETH15M-26SEP101030-30,eth-updown-15m-1789049700,B,2026-09-10T14:15:00+00:00,2026-09-10T14:30:00Z,0.79,1.21,0.79,2026-09-10T14:19:17.349861+00:00,up,up,1.0,0.21,2026-09-10T14:34:31.600186+00:00
BTC,KXBTC15M-26SEP101045-45,btc-updown-15m-1789050600,A,2026-09-10T14:30:00+00:00,2026-09-10T14:45:00Z,0.72,0.72,1.24,2026-09-10T14:38:45.938080+00:00,down,down,1.0,0.28,2026-09-10T14:47:10.769044+00:00
ETH,KXETH15M-26SEP101045-45,eth-updown-15m-1789050600,B,2026-09-10T14:30:00+00:00,2026-09-10T14:45:00Z,0.77,1.23,0.77,2026-09-10T14:41:51.560804+00:00,down,down,1.0,0.23,2026-09-10T14:50:11.220106+00:00
BTC,KXBTC15M-26SEP101100-00,btc-updown-15m-1789052400,A,2026-09-10T15:00:00+00:00,2026-09-10T15:00:00Z,0.521,0.521,1.47,2026-09-10T15:00:00.027150+00:00,up,down,0.0,-0.521,2026-09-10T15:19:44.141642+00:00
BTC,KXBTC15M-26SEP101115-15,btc-updown-15m-1789052400,B,2026-09-10T15:00:00+00:00,2026-09-10T15:15:00Z,0.75,1.25,0.75,2026-09-10T15:10:41.898868+00:00,down,down,1.0,0.25,2026-09-10T15:19:44.141642+00:00
ETH,KXETH15M-26SEP101100-00,eth-updown-15m-1789052400,A,2026-09-10T15:00:00+00:00,2026-09-10T15:00:00Z,0.491,0.491,1.5,2026-09-10T15:00:00.027150+00:00,up,down,0.0,-0.491,2026-09-10T15:20:57.864401+00:00
ETH,KXETH15M-26SEP101115-15,eth-updown-15m-1789052400,B,2026-09-10T15:00:00+00:00,2026-09-10T15:15:00Z,0.79,1.21,0.79,2026-09-10T15:09:05.679378+00:00,down,down,1.0,0.21,2026-09-10T15:20:57.864401+00:00
BTC,KXBTC15M-26SEP101200-00,btc-updown-15m-1789055100,A,2026-09-10T15:45:00+00:00,2026-09-10T16:00:00Z,0.75,0.75,1.25,2026-09-10T15:51:13.929985+00:00,up,up,1.0,0.25,2026-09-10T16:03:18.099286+00:00
ETH,KXETH15M-26SEP101200-00,eth-updown-15m-1789055100,B,2026-09-10T15:45:00+00:00,2026-09-10T16:00:00Z,0.7,1.28,0.7,2026-09-10T15:56:54.414342+00:00,up,up,1.0,0.3,2026-09-10T16:04:24.577722+00:00
BTC,KXBTC15M-26SEP101230-30,btc-updown-15m-1789056900,B,2026-09-10T16:15:00+00:00,2026-09-10T16:30:00Z,0.79,1.21,0.79,2026-09-10T16:20:58.288613+00:00,down,down,1.0,0.21,2026-09-10T16:33:26.944922+00:00
ETH,KXETH15M-26SEP101215-15,eth-updown-15m-1789056900,B,2026-09-10T16:15:00+00:00,2026-09-10T16:15:00Z,0.531,1.46,0.531,2026-09-10T16:15:19.740994+00:00,down,up,0.0,-0.531,2026-09-10T16:36:14.972075+00:00
ETH,KXETH15M-26SEP101230-30,eth-updown-15m-1789056900,B,2026-09-10T16:15:00+00:00,2026-09-10T16:30:00Z,0.77,1.22,0.77,2026-09-10T16:20:42.043346+00:00,up,up,1.0,0.23,2026-09-10T16:36:14.972075+00:00
ETH,KXETH15M-26SEP101245-45,eth-updown-15m-1789057800,B,2026-09-10T16:30:00+00:00,2026-09-10T16:45:00Z,0.77,1.23,0.77,2026-09-10T16:40:54.113993+00:00,up,up,1.0,0.23,2026-09-10T16:50:03.270563+00:00
BTC,KXBTC15M-26SEP101245-45,btc-updown-15m-1789058700,A,2026-09-10T16:45:00+00:00,2026-09-10T16:45:00Z,0.651,0.651,1.34,2026-09-10T16:45:17.372438+00:00,up,up,1.0,0.349,2026-09-10T17:04:02.142601+00:00
ETH,KXETH15M-26SEP101300-00,eth-updown-15m-1789059600,A,2026-09-10T17:00:00+00:00,2026-09-10T17:00:00Z,0.451,0.451,1.54,2026-09-10T17:00:24.883589+00:00,up,up,1.0,0.549,2026-09-10T17:19:09.504475+00:00
BTC,KXBTC15M-26SEP101315-15,btc-updown-15m-1789059600,B,2026-09-10T17:00:00+00:00,2026-09-10T17:15:00Z,0.78,1.22,0.78,2026-09-10T17:02:13.317598+00:00,down,down,1.0,0.22,2026-09-10T17:19:38.327240+00:00
BTC,KXBTC15M-26SEP101330-30,btc-updown-15m-1789060500,B,2026-09-10T17:15:00+00:00,2026-09-10T17:30:00Z,0.77,1.23,0.77,2026-09-10T17:20:46.651235+00:00,up,up,1.0,0.23,2026-09-10T17:34:17.996223+00:00
ETH,KXETH15M-26SEP101315-15,eth-updown-15m-1789060500,A,2026-09-10T17:15:00+00:00,2026-09-10T17:15:00Z,0.501,0.501,1.48,2026-09-10T17:15:21.632885+00:00,up,up,1.0,0.499,2026-09-10T17:37:20.799996+00:00
ETH,KXETH15M-26SEP101330-30,eth-updown-15m-1789060500,B,2026-09-10T17:15:00+00:00,2026-09-10T17:30:00Z,0.75,1.25,0.75,2026-09-10T17:20:46.651235+00:00,up,up,1.0,0.25,2026-09-10T17:37:20.799996+00:00
BTC,KXBTC15M-26SEP101345-45,btc-updown-15m-1789061400,A,2026-09-10T17:30:00+00:00,2026-09-10T17:45:00Z,0.78,0.78,1.22,2026-09-10T17:40:41.099959+00:00,up,up,1.0,0.22,2026-09-10T17:47:19.075749+00:00
BTC,KXBTC15M-26SEP101400-00,btc-updown-15m-1789062300,A,2026-09-10T17:45:00+00:00,2026-09-10T18:00:00Z,0.79,0.79,1.21,2026-09-10T17:55:28.245895+00:00,down,down,1.0,0.21,2026-09-10T18:03:32.676594+00:00
ETH,KXETH15M-26SEP101400-00,eth-updown-15m-1789062300,A,2026-09-10T17:45:00+00:00,2026-09-10T18:00:00Z,0.78,0.78,1.21,2026-09-10T17:46:46.697317+00:00,up,up,1.0,0.22,2026-09-10T18:05:50.468282+00:00
ETH,KXETH15M-26SEP101430-30,eth-updown-15m-1789064100,A,2026-09-10T18:15:00+00:00,2026-09-10T18:30:00Z,0.79,0.79,1.22,2026-09-10T18:17:09.680346+00:00,up,up,1.0,0.21,2026-09-10T18:33:36.152055+00:00
BTC,KXBTC15M-26SEP101415-15,btc-updown-15m-1789064100,B,2026-09-10T18:15:00+00:00,2026-09-10T18:15:00Z,0.551,1.44,0.551,2026-09-10T18:15:21.810721+00:00,down,up,0.0,-0.551,2026-09-10T18:34:37.208855+00:00
ETH,KXETH15M-26SEP101445-45,eth-updown-15m-1789065000,B,2026-09-10T18:30:00+00:00,2026-09-10T18:45:00Z,0.78,1.22,0.78,2026-09-10T18:39:01.361524+00:00,up,up,1.0,0.22,2026-09-10T18:48:40.524479+00:00
BTC,KXBTC15M-26SEP101500-00,btc-updown-15m-1789065900,B,2026-09-10T18:45:00+00:00,2026-09-10T19:00:00Z,0.57,1.43,0.57,2026-09-10T18:49:24.314320+00:00,up,up,1.0,0.43,2026-09-10T19:02:17.970154+00:00
ETH,KXETH15M-26SEP101500-00,eth-updown-15m-1789065900,B,2026-09-10T18:45:00+00:00,2026-09-10T19:00:00Z,0.58,1.4,0.58,2026-09-10T18:49:24.314320+00:00,up,up,1.0,0.42,2026-09-10T19:07:00.872067+00:00
ETH,KXETH15M-26SEP101515-15,eth-updown-15m-1789067700,B,2026-09-10T19:15:00+00:00,2026-09-10T19:15:00Z,0.401,1.59,0.401,2026-09-10T19:15:18.759325+00:00,down,up,0.0,-0.401,2026-09-10T19:34:05.404236+00:00
ETH,KXETH15M-26SEP101530-30,eth-updown-15m-1789067700,B,2026-09-10T19:15:00+00:00,2026-09-10T19:30:00Z,0.72,1.29,0.72,2026-09-10T19:24:18.286669+00:00,up,up,1.0,0.28,2026-09-10T19:34:05.404236+00:00
BTC,KXBTC15M-26SEP101530-30,btc-updown-15m-1789067700,B,2026-09-10T19:15:00+00:00,2026-09-10T19:30:00Z,0.66,1.34,0.66,2026-09-10T19:24:23.897562+00:00,up,up,1.0,0.34,2026-09-10T19:35:23.626914+00:00
BTC,KXBTC15M-26SEP101545-45,btc-updown-15m-1789068600,B,2026-09-10T19:30:00+00:00,2026-09-10T19:45:00Z,0.72,1.29,0.72,2026-09-10T19:40:08.724783+00:00,up,up,1.0,0.28,2026-09-10T19:47:50.711395+00:00
BTC,KXBTC15M-26SEP101615-15,btc-updown-15m-1789071300,A,2026-09-10T20:15:00+00:00,2026-09-10T20:15:00Z,0.471,0.471,1.52,2026-09-10T20:15:18.836366+00:00,up,down,0.0,-0.471,2026-09-10T20:33:46.265380+00:00
BTC,KXBTC15M-26SEP101630-30,btc-updown-15m-1789071300,A,2026-09-10T20:15:00+00:00,2026-09-10T20:30:00Z,0.66,0.66,1.34,2026-09-10T20:24:18.490384+00:00,down,down,1.0,0.34,2026-09-10T20:33:46.265380+00:00
ETH,KXETH15M-26SEP101615-15,eth-updown-15m-1789071300,A,2026-09-10T20:15:00+00:00,2026-09-10T20:15:00Z,0.461,0.461,1.53,2026-09-10T20:15:18.836366+00:00,up,down,0.0,-0.461,2026-09-10T20:34:34.469034+00:00
BTC,KXBTC15M-26SEP101645-45,btc-updown-15m-1789072200,A,2026-09-10T20:30:00+00:00,2026-09-10T20:45:00Z,0.78,0.78,1.22,2026-09-10T20:31:13.478439+00:00,up,up,1.0,0.22,2026-09-10T20:49:16.698737+00:00
ETH,KXETH15M-26SEP101645-45,eth-updown-15m-1789073100,B,2026-09-10T20:45:00+00:00,2026-09-10T20:45:00Z,0.461,1.53,0.461,2026-09-10T20:45:20.344659+00:00,down,down,1.0,0.539,2026-09-10T21:04:58.124906+00:00
BTC,KXBTC15M-26SEP101715-15,btc-updown-15m-1789074000,A,2026-09-10T21:00:00+00:00,2026-09-10T21:15:00Z,0.74,0.74,1.26,2026-09-10T21:07:13.465970+00:00,down,down,1.0,0.26,2026-09-10T21:19:13.723078+00:00
ETH,KXETH15M-26SEP101715-15,eth-updown-15m-1789074000,A,2026-09-10T21:00:00+00:00,2026-09-10T21:15:00Z,0.79,0.79,1.21,2026-09-10T21:07:13.465970+00:00,down,down,1.0,0.21,2026-09-10T21:19:49.810938+00:00
ETH,KXETH15M-26SEP101800-00,eth-updown-15m-1789076700,B,2026-09-10T21:45:00+00:00,2026-09-10T22:00:00Z,0.7,1.28,0.7,2026-09-10T21:56:19.012136+00:00,down,up,0.0,-0.7,2026-09-10T22:03:17.569139+00:00
BTC,KXBTC15M-26SEP101800-00,btc-updown-15m-1789076700,A,2026-09-10T21:45:00+00:00,2026-09-10T22:00:00Z,0.79,0.79,1.21,2026-09-10T21:57:14.745185+00:00,down,down,1.0,0.21,2026-09-10T22:06:57.723537+00:00
ETH,KXETH15M-26SEP101815-15,eth-updown-15m-1789077600,A,2026-09-10T22:00:00+00:00,2026-09-10T22:15:00Z,0.67,0.67,1.36,2026-09-10T22:12:41.530952+00:00,down,down,1.0,0.33,2026-09-10T22:20:32.380017+00:00
ETH,KXETH15M-26SEP101830-30,eth-updown-15m-1789078500,A,2026-09-10T22:15:00+00:00,2026-09-10T22:30:00Z,0.78,0.78,1.23,2026-09-10T22:26:28.906647+00:00,down,down,1.0,0.22,2026-09-10T22:33:03.561822+00:00
BTC,KXBTC15M-26SEP101830-30,btc-updown-15m-1789078500,A,2026-09-10T22:15:00+00:00,2026-09-10T22:30:00Z,0.72,0.72,1.28,2026-09-10T22:28:03.245385+00:00,down,down,1.0,0.28,2026-09-10T22:36:47.036197+00:00
ETH,KXETH15M-26SEP101845-45,eth-updown-15m-1789079400,B,2026-09-10T22:30:00+00:00,2026-09-10T22:45:00Z,0.79,1.21,0.79,2026-09-10T22:31:31.795710+00:00,down,down,1.0,0.21,2026-09-10T22:50:46.881570+00:00
ETH,KXETH15M-26SEP101900-00,eth-updown-15m-1789080300,A,2026-09-10T22:45:00+00:00,2026-09-10T23:00:00Z,0.58,0.58,1.41,2026-09-10T22:55:17.013765+00:00,down,down,1.0,0.42,2026-09-10T23:05:28.748373+00:00
BTC,KXBTC15M-26SEP101845-45,btc-updown-15m-1789080300,B,2026-09-10T22:45:00+00:00,2026-09-10T22:45:00Z,0.441,1.55,0.441,2026-09-10T22:45:18.277582+00:00,down,down,1.0,0.559,2026-09-10T23:07:05.186227+00:00
BTC,KXBTC15M-26SEP101900-00,btc-updown-15m-1789080300,A,2026-09-10T22:45:00+00:00,2026-09-10T23:00:00Z,0.76,0.76,1.24,2026-09-10T22:58:17.576537+00:00,down,down,1.0,0.24,2026-09-10T23:07:05.186227+00:00
BTC,KXBTC15M-26SEP101915-15,btc-updown-15m-1789081200,A,2026-09-10T23:00:00+00:00,2026-09-10T23:15:00Z,0.79,0.79,1.21,2026-09-10T23:03:29.801747+00:00,down,down,1.0,0.21,2026-09-10T23:17:16.278799+00:00
ETH,KXETH15M-26SEP101915-15,eth-updown-15m-1789081200,B,2026-09-10T23:00:00+00:00,2026-09-10T23:15:00Z,0.79,1.21,0.79,2026-09-10T23:04:33.791711+00:00,down,down,1.0,0.21,2026-09-10T23:20:37.062325+00:00
BTC,KXBTC15M-26SEP101945-45,btc-updown-15m-1789083000,B,2026-09-10T23:30:00+00:00,2026-09-10T23:45:00Z,0.57,1.43,0.57,2026-09-10T23:43:08.919589+00:00,up,up,1.0,0.43,2026-09-10T23:48:10.198382+00:00
ETH,KXETH15M-26SEP101930-30,eth-updown-15m-1789083000,A,2026-09-10T23:30:00+00:00,2026-09-10T23:30:00Z,0.471,0.471,1.52,2026-09-10T23:30:20.258662+00:00,up,down,0.0,-0.471,2026-09-10T23:49:10.082962+00:00
ETH,KXETH15M-26SEP101945-45,eth-updown-15m-1789083900,B,2026-09-10T23:45:00+00:00,2026-09-10T23:45:00Z,0.491,1.5,0.491,2026-09-10T23:45:19.415469+00:00,down,down,1.0,0.509,2026-09-11T00:04:09.708721+00:00
BTC,KXBTC15M-26SEP102015-15,btc-updown-15m-1789085700,A,2026-09-11T00:15:00+00:00,2026-09-11T00:15:00Z,0.521,0.521,1.47,2026-09-11T00:15:21.894180+00:00,up,up,1.0,0.479,2026-09-11T00:34:52.277623+00:00
ETH,KXETH15M-26SEP102045-45,eth-updown-15m-1789086600,B,2026-09-11T00:30:00+00:00,2026-09-11T00:45:00Z,0.73,1.27,0.73,2026-09-11T00:34:46.375240+00:00,up,up,1.0,0.27,2026-09-11T00:49:26.767191+00:00
ETH,KXETH15M-26SEP102100-00,eth-updown-15m-1789088400,A,2026-09-11T01:00:00+00:00,2026-09-11T01:00:00Z,0.431,0.431,1.56,2026-09-11T01:00:22.631422+00:00,up,up,1.0,0.569,2026-09-11T01:20:45.198354+00:00
ETH,KXETH15M-26SEP102115-15,eth-updown-15m-1789089300,A,2026-09-11T01:15:00+00:00,2026-09-11T01:15:00Z,0.311,0.311,1.67,2026-09-11T01:15:19.745048+00:00,up,down,0.0,-0.311,2026-09-11T01:34:53.515141+00:00
ETH,KXETH15M-26SEP102130-30,eth-updown-15m-1789089300,A,2026-09-11T01:15:00+00:00,2026-09-11T01:30:00Z,0.71,0.71,1.29,2026-09-11T01:21:26.614683+00:00,down,down,1.0,0.29,2026-09-11T01:34:53.515141+00:00
BTC,KXBTC15M-26SEP102130-30,btc-updown-15m-1789089300,A,2026-09-11T01:15:00+00:00,2026-09-11T01:30:00Z,0.79,0.79,1.21,2026-09-11T01:21:44.390165+00:00,down,down,1.0,0.21,2026-09-11T01:36:11.731528+00:00
ETH,KXETH15M-26SEP102145-45,eth-updown-15m-1789090200,B,2026-09-11T01:30:00+00:00,2026-09-11T01:45:00Z,0.75,1.25,0.75,2026-09-11T01:34:58.806834+00:00,down,down,1.0,0.25,2026-09-11T01:47:52.585816+00:00
BTC,KXBTC15M-26SEP102145-45,btc-updown-15m-1789090200,B,2026-09-11T01:30:00+00:00,2026-09-11T01:45:00Z,0.79,1.19,0.79,2026-09-11T01:36:00.750174+00:00,up,up,1.0,0.21,2026-09-11T01:51:58.906527+00:00
ETH,KXETH15M-26SEP102215-15,eth-updown-15m-1789092000,B,2026-09-11T02:00:00+00:00,2026-09-11T02:15:00Z,0.73,1.28,0.73,2026-09-11T02:08:50.691071+00:00,up,up,1.0,0.27,2026-09-11T02:17:40.439181+00:00
BTC,KXBTC15M-26SEP102215-15,btc-updown-15m-1789092000,B,2026-09-11T02:00:00+00:00,2026-09-11T02:15:00Z,0.79,1.21,0.79,2026-09-11T02:12:20.052762+00:00,up,up,1.0,0.21,2026-09-11T02:21:54.431571+00:00
ETH,KXETH15M-26SEP102245-45,eth-updown-15m-1789093800,B,2026-09-11T02:30:00+00:00,2026-09-11T02:45:00Z,0.79,1.21,0.79,2026-09-11T02:37:32.401212+00:00,up,up,1.0,0.21,2026-09-11T02:50:26.806810+00:00
BTC,KXBTC15M-26SEP102230-30,btc-updown-15m-1789093800,B,2026-09-11T02:30:00+00:00,2026-09-11T02:30:00Z,0.531,1.46,0.531,2026-09-11T02:30:22.275967+00:00,down,up,0.0,-0.531,2026-09-11T02:50:39.037486+00:00
BTC,KXBTC15M-26SEP102300-00,btc-updown-15m-1789094700,A,2026-09-11T02:45:00+00:00,2026-09-11T03:00:00Z,0.77,0.77,1.23,2026-09-11T02:54:01.644447+00:00,down,down,1.0,0.23,2026-09-11T03:04:12.247287+00:00
BTC,KXBTC15M-26SEP102245-45,btc-updown-15m-1789094700,A,2026-09-11T02:45:00+00:00,2026-09-11T02:45:00Z,0.511,0.511,1.48,2026-09-11T02:45:17.657109+00:00,up,down,0.0,-0.511,2026-09-11T03:04:18.485208+00:00
BTC,KXBTC15M-26SEP102315-15,btc-updown-15m-1789095600,B,2026-09-11T03:00:00+00:00,2026-09-11T03:15:00Z,0.76,1.2,0.76,2026-09-11T03:05:04.872892+00:00,up,up,1.0,0.24,2026-09-11T03:20:51.524654+00:00
ETH,KXETH15M-26SEP102315-15,eth-updown-15m-1789096500,A,2026-09-11T03:15:00+00:00,2026-09-11T03:15:00Z,0.501,0.501,1.49,2026-09-11T03:15:19.831420+00:00,up,down,0.0,-0.501,2026-09-11T03:36:02.493683+00:00
ETH,KXETH15M-26SEP102330-30,eth-updown-15m-1789096500,A,2026-09-11T03:15:00+00:00,2026-09-11T03:30:00Z,0.74,0.74,1.25,2026-09-11T03:21:32.355288+00:00,down,down,1.0,0.26,2026-09-11T03:36:02.493683+00:00
BTC,KXBTC15M-26SEP102345-45,btc-updown-15m-1789097400,A,2026-09-11T03:30:00+00:00,2026-09-11T03:45:00Z,0.73,0.73,1.23,2026-09-11T03:38:23.674477+00:00,up,up,1.0,0.27,2026-09-11T03:51:29.659757+00:00
BTC,KXBTC15M-26SEP110000-00,btc-updown-15m-1789098300,B,2026-09-11T03:45:00+00:00,2026-09-11T04:00:00Z,0.69,1.25,0.69,2026-09-11T03:46:08.141238+00:00,up,up,1.0,0.31,2026-09-11T04:05:55.611043+00:00
ETH,KXETH15M-26SEP110000-00,eth-updown-15m-1789099200,B,2026-09-11T04:00:00+00:00,2026-09-11T04:00:00Z,0.383,1.61,0.383,2026-09-11T04:00:25.052715+00:00,down,up,0.0,-0.383,2026-09-11T04:21:24.708239+00:00
ETH,KXETH15M-26SEP110015-15,eth-updown-15m-1789099200,B,2026-09-11T04:00:00+00:00,2026-09-11T04:15:00Z,0.74,1.24,0.74,2026-09-11T04:04:02.037793+00:00,up,up,1.0,0.26,2026-09-11T04:21:24.708239+00:00
BTC,KXBTC15M-26SEP110015-15,btc-updown-15m-1789100100,A,2026-09-11T04:15:00+00:00,2026-09-11T04:15:00Z,0.481,0.481,1.51,2026-09-11T04:15:21.193869+00:00,up,up,1.0,0.519,2026-09-11T04:34:22.432479+00:00
BTC,KXBTC15M-26SEP110030-30,btc-updown-15m-1789101000,A,2026-09-11T04:30:00+00:00,2026-09-11T04:30:00Z,0.481,0.481,1.51,2026-09-11T04:30:22.208184+00:00,up,down,0.0,-0.481,2026-09-11T04:50:56.115566+00:00
BTC,KXBTC15M-26SEP110045-45,btc-updown-15m-1789101900,B,2026-09-11T04:45:00+00:00,2026-09-11T04:45:00Z,0.501,1.49,0.501,2026-09-11T04:45:19.354401+00:00,down,up,0.0,-0.501,2026-09-11T05:04:46.729702+00:00
ETH,KXETH15M-26SEP110045-45,eth-updown-15m-1789101900,B,2026-09-11T04:45:00+00:00,2026-09-11T04:45:00Z,0.461,1.53,0.461,2026-09-11T04:45:19.354401+00:00,down,up,0.0,-0.461,2026-09-11T05:05:49.099419+00:00
BTC,KXBTC15M-26SEP110115-15,btc-updown-15m-1789102800,B,2026-09-11T05:00:00+00:00,2026-09-11T05:15:00Z,0.78,1.22,0.78,2026-09-11T05:11:57.052262+00:00,up,down,2.0,1.22,2026-09-11T05:19:12.593490+00:00
ETH,KXETH15M-26SEP110115-15,eth-updown-15m-1789102800,B,2026-09-11T05:00:00+00:00,2026-09-11T05:15:00Z,0.79,1.21,0.79,2026-09-11T05:11:35.467421+00:00,up,up,1.0,0.21,2026-09-11T05:20:53.836428+00:00
BTC,KXBTC15M-26SEP110130-30,btc-updown-15m-1789103700,A,2026-09-11T05:15:00+00:00,2026-09-11T05:30:00Z,0.79,0.79,1.21,2026-09-11T05:21:39.853727+00:00,down,down,1.0,0.21,2026-09-11T05:34:14.214176+00:00
ETH,KXETH15M-26SEP110130-30,eth-updown-15m-1789103700,A,2026-09-11T05:15:00+00:00,2026-09-11T05:30:00Z,0.75,0.75,1.25,2026-09-11T05:21:39.853727+00:00,down,down,1.0,0.25,2026-09-11T05:34:46.015647+00:00
BTC,KXBTC15M-26SEP110145-45,btc-updown-15m-1789104600,A,2026-09-11T05:30:00+00:00,2026-09-11T05:45:00Z,0.72,0.72,1.28,2026-09-11T05:32:53.827111+00:00,up,up,1.0,0.28,2026-09-11T05:50:10.167151+00:00
ETH,KXETH15M-26SEP110145-45,eth-updown-15m-1789105500,A,2026-09-11T05:45:00+00:00,2026-09-11T05:45:00Z,0.451,0.451,1.54,2026-09-11T05:45:17.620658+00:00,up,up,1.0,0.549,2026-09-11T06:03:26.440046+00:00
ETH,KXETH15M-26SEP110200-00,eth-updown-15m-1789106400,A,2026-09-11T06:00:00+00:00,2026-09-11T06:00:00Z,0.431,0.431,1.54,2026-09-11T06:00:24.073134+00:00,up,up,1.0,0.569,2026-09-11T06:21:25.972273+00:00
ETH,KXETH15M-26SEP110215-15,eth-updown-15m-1789106400,B,2026-09-11T06:00:00+00:00,2026-09-11T06:15:00Z,0.78,1.21,0.78,2026-09-11T06:07:29.374018+00:00,up,up,1.0,0.22,2026-09-11T06:21:25.972273+00:00
BTC,KXBTC15M-26SEP110215-15,btc-updown-15m-1789107300,A,2026-09-11T06:15:00+00:00,2026-09-11T06:15:00Z,0.461,0.461,1.53,2026-09-11T06:15:19.299874+00:00,up,down,0.0,-0.461,2026-09-11T06:32:40.036972+00:00
ETH,KXETH15M-26SEP110230-30,eth-updown-15m-1789108200,B,2026-09-11T06:30:00+00:00,2026-09-11T06:30:00Z,0.671,1.32,0.671,2026-09-11T06:30:20.750009+00:00,down,down,1.0,0.329,2026-09-11T06:47:37.737180+00:00
ETH,KXETH15M-26SEP110300-00,eth-updown-15m-1789110000,A,2026-09-11T07:00:00+00:00,2026-09-11T07:00:00Z,0.441,0.441,1.55,2026-09-11T07:00:23.699764+00:00,up,up,1.0,0.559,2026-09-11T07:17:47.617088+00:00
BTC,KXBTC15M-26SEP110330-30,btc-updown-15m-1789110900,A,2026-09-11T07:15:00+00:00,2026-09-11T07:30:00Z,0.75,0.75,1.25,2026-09-11T07:25:20.893423+00:00,up,up,1.0,0.25,2026-09-11T07:32:27.021876+00:00
ETH,KXETH15M-26SEP110345-45,eth-updown-15m-1789111800,A,2026-09-11T07:30:00+00:00,2026-09-11T07:45:00Z,0.79,0.79,1.21,2026-09-11T07:32:26.562817+00:00,down,down,1.0,0.21,2026-09-11T07:47:36.146250+00:00
BTC,KXBTC15M-26SEP110345-45,btc-updown-15m-1789111800,A,2026-09-11T07:30:00+00:00,2026-09-11T07:45:00Z,0.78,0.78,1.22,2026-09-11T07:31:30.797767+00:00,down,down,1.0,0.22,2026-09-11T07:51:25.123967+00:00
ETH,KXETH15M-26SEP110400-00,eth-updown-15m-1789112700,B,2026-09-11T07:45:00+00:00,2026-09-11T08:00:00Z,0.51,1.481,0.51,2026-09-11T07:56:19.911731+00:00,down,down,1.0,0.49,2026-09-11T08:03:22.851289+00:00
BTC,KXBTC15M-26SEP110400-00,btc-updown-15m-1789112700,B,2026-09-11T07:45:00+00:00,2026-09-11T08:00:00Z,0.707,1.284,0.707,2026-09-11T07:56:19.911731+00:00,down,down,1.0,0.293,2026-09-11T08:03:40.570098+00:00
ETH,KXETH15M-26SEP110415-15,eth-updown-15m-1789114500,B,2026-09-11T08:15:00+00:00,2026-09-11T08:15:00Z,0.411,1.58,0.411,2026-09-11T08:15:21.060561+00:00,down,up,0.0,-0.411,2026-09-11T08:33:45.442550+00:00
ETH,KXETH15M-26SEP110445-45,eth-updown-15m-1789115400,B,2026-09-11T08:30:00+00:00,2026-09-11T08:45:00Z,0.78,1.22,0.78,2026-09-11T08:30:49.134669+00:00,up,up,1.0,0.22,2026-09-11T08:48:48.785746+00:00
BTC,KXBTC15M-26SEP110445-45,btc-updown-15m-1789116300,A,2026-09-11T08:45:00+00:00,2026-09-11T08:45:00Z,0.451,0.451,1.54,2026-09-11T08:45:17.109279+00:00,up,down,0.0,-0.451,2026-09-11T09:05:06.640074+00:00
ETH,KXETH15M-26SEP110500-00,eth-updown-15m-1789117200,B,2026-09-11T09:00:00+00:00,2026-09-11T09:00:00Z,0.491,1.5,0.491,2026-09-11T09:00:19.612586+00:00,down,down,1.0,0.509,2026-09-11T09:17:26.120622+00:00
ETH,KXETH15M-26SEP110515-15,eth-updown-15m-1789118100,B,2026-09-11T09:15:00+00:00,2026-09-11T09:15:00Z,0.571,1.42,0.571,2026-09-11T09:15:18.568614+00:00,down,down,1.0,0.429,2026-09-11T09:36:36.972957+00:00
ETH,KXETH15M-26SEP110545-45,eth-updown-15m-1789119000,A,2026-09-11T09:30:00+00:00,2026-09-11T09:45:00Z,0.79,0.79,1.21,2026-09-11T09:34:05.362399+00:00,down,down,1.0,0.21,2026-09-11T09:47:37.927576+00:00
ETH,KXETH15M-26SEP110615-15,eth-updown-15m-1789120800,A,2026-09-11T10:00:00+00:00,2026-09-11T10:15:00Z,0.79,0.79,1.21,2026-09-11T10:02:08.845884+00:00,down,down,1.0,0.21,2026-09-11T10:19:46.627727+00:00
BTC,KXBTC15M-26SEP110600-00,btc-updown-15m-1789120800,A,2026-09-11T10:00:00+00:00,2026-09-11T10:00:00Z,0.441,0.441,1.55,2026-09-11T10:00:25.888943+00:00,up,up,1.0,0.559,2026-09-11T10:20:27.275181+00:00
BTC,KXBTC15M-26SEP110615-15,btc-updown-15m-1789120800,A,2026-09-11T10:00:00+00:00,2026-09-11T10:15:00Z,0.72,0.72,1.27,2026-09-11T10:02:08.845884+00:00,up,up,1.0,0.28,2026-09-11T10:20:27.275181+00:00
ETH,KXETH15M-26SEP110630-30,eth-updown-15m-1789121700,A,2026-09-11T10:15:00+00:00,2026-09-11T10:30:00Z,0.71,0.71,1.29,2026-09-11T10:20:03.853120+00:00,down,down,1.0,0.29,2026-09-11T10:33:30.722094+00:00
BTC,KXBTC15M-26SEP110630-30,btc-updown-15m-1789121700,A,2026-09-11T10:15:00+00:00,2026-09-11T10:30:00Z,0.79,0.79,1.21,2026-09-11T10:26:33.913762+00:00,down,down,1.0,0.21,2026-09-11T10:34:23.680666+00:00
BTC,KXBTC15M-26SEP110645-45,btc-updown-15m-1789122600,A,2026-09-11T10:30:00+00:00,2026-09-11T10:45:00Z,0.77,0.77,1.23,2026-09-11T10:32:05.096410+00:00,down,down,1.0,0.23,2026-09-11T10:50:26.685363+00:00
ETH,KXETH15M-26SEP110645-45,eth-updown-15m-1789122600,B,2026-09-11T10:30:00+00:00,2026-09-11T10:45:00Z,0.79,1.22,0.79,2026-09-11T10:35:37.031169+00:00,down,down,1.0,0.21,2026-09-11T10:53:39.687473+00:00
ETH,KXETH15M-26SEP110700-00,eth-updown-15m-1789123500,A,2026-09-11T10:45:00+00:00,2026-09-11T11:00:00Z,0.71,0.71,1.2,2026-09-11T10:57:45.544870+00:00,down,down,1.0,0.29,2026-09-11T11:05:11.746047+00:00
BTC,KXBTC15M-26SEP110700-00,btc-updown-15m-1789123500,A,2026-09-11T10:45:00+00:00,2026-09-11T11:00:00Z,0.59,0.59,1.41,2026-09-11T10:58:06.806807+00:00,down,down,1.0,0.41,2026-09-11T11:07:19.232496+00:00
ETH,KXETH15M-26SEP110730-30,eth-updown-15m-1789125300,A,2026-09-11T11:15:00+00:00,2026-09-11T11:30:00Z,0.7,0.7,1.29,2026-09-11T11:22:42.658760+00:00,up,up,1.0,0.3,2026-09-11T11:34:40.163814+00:00
BTC,KXBTC15M-26SEP110715-15,btc-updown-15m-1789125300,B,2026-09-11T11:15:00+00:00,2026-09-11T11:15:00Z,0.641,1.35,0.641,2026-09-11T11:15:20.009410+00:00,down,up,0.0,-0.641,2026-09-11T11:37:10.597653+00:00
BTC,KXBTC15M-26SEP110730-30,btc-updown-15m-1789125300,B,2026-09-11T11:15:00+00:00,2026-09-11T11:30:00Z,0.78,1.22,0.78,2026-09-11T11:25:30.192758+00:00,up,up,1.0,0.22,2026-09-11T11:37:10.597653+00:00
BTC,KXBTC15M-26SEP110745-45,btc-updown-15m-1789126200,B,2026-09-11T11:30:00+00:00,2026-09-11T11:45:00Z,0.75,1.25,0.75,2026-09-11T11:40:29.913568+00:00,up,up,1.0,0.25,2026-09-11T11:50:26.649680+00:00
ETH,KXETH15M-26SEP110745-45,eth-updown-15m-1789126200,A,2026-09-11T11:30:00+00:00,2026-09-11T11:45:00Z,0.72,0.72,1.28,2026-09-11T11:39:14.493045+00:00,up,up,1.0,0.28,2026-09-11T11:51:37.896807+00:00
ETH,KXETH15M-26SEP110800-00,eth-updown-15m-1789127100,B,2026-09-11T11:45:00+00:00,2026-09-11T12:00:00Z,0.78,1.22,0.78,2026-09-11T11:52:58.560972+00:00,down,down,1.0,0.22,2026-09-11T12:03:01.588411+00:00
ETH,KXETH15M-26SEP110815-15,eth-updown-15m-1789128000,A,2026-09-11T12:00:00+00:00,2026-09-11T12:15:00Z,0.77,0.77,1.23,2026-09-11T12:05:35.586168+00:00,down,down,1.0,0.23,2026-09-11T12:21:50.829803+00:00
BTC,KXBTC15M-26SEP110815-15,btc-updown-15m-1789128900,B,2026-09-11T12:15:00+00:00,2026-09-11T12:15:00Z,0.411,1.58,0.411,2026-09-11T12:15:19.402409+00:00,down,up,0.0,-0.411,2026-09-11T12:36:02.786410+00:00
ETH,KXETH15M-26SEP110845-45,eth-updown-15m-1789129800,A,2026-09-11T12:30:00+00:00,2026-09-11T12:45:00Z,0.72,0.72,1.34,2026-09-11T12:30:26.097514+00:00,up,up,1.0,0.28,2026-09-11T12:50:05.138033+00:00
BTC,KXBTC15M-26SEP110845-45,btc-updown-15m-1789129800,B,2026-09-11T12:30:00+00:00,2026-09-11T12:45:00Z,0.79,1.21,0.79,2026-09-11T12:36:23.933364+00:00,up,up,1.0,0.21,2026-09-11T12:50:49.399206+00:00
BTC,KXBTC15M-26SEP110900-00,btc-updown-15m-1789131600,A,2026-09-11T13:00:00+00:00,2026-09-11T13:00:00Z,0.461,0.461,1.53,2026-09-11T13:00:19.112258+00:00,up,down,0.0,-0.461,2026-09-11T13:17:53.410966+00:00
ETH,KXETH15M-26SEP110930-30,eth-updown-15m-1789132500,B,2026-09-11T13:15:00+00:00,2026-09-11T13:30:00Z,0.79,1.21,0.79,2026-09-11T13:20:11.482274+00:00,up,up,1.0,0.21,2026-09-11T13:33:05.538027+00:00
BTC,KXBTC15M-26SEP110930-30,btc-updown-15m-1789132500,B,2026-09-11T13:15:00+00:00,2026-09-11T13:30:00Z,0.79,1.21,0.79,2026-09-11T13:22:22.597857+00:00,down,down,1.0,0.21,2026-09-11T13:36:00.470594+00:00
ETH,KXETH15M-26SEP110945-45,eth-updown-15m-1789133400,A,2026-09-11T13:30:00+00:00,2026-09-11T13:45:00Z,0.79,0.79,1.22,2026-09-11T13:36:26.560790+00:00,up,up,1.0,0.21,2026-09-11T13:48:30.396312+00:00
BTC,KXBTC15M-26SEP110945-45,btc-updown-15m-1789133400,B,2026-09-11T13:30:00+00:00,2026-09-11T13:45:00Z,0.79,1.21,0.79,2026-09-11T13:30:35.328813+00:00,up,up,1.0,0.21,2026-09-11T13:50:21.693419+00:00
ETH,KXETH15M-26SEP111015-15,eth-updown-15m-1789135200,A,2026-09-11T14:00:00+00:00,2026-09-11T14:15:00Z,0.76,0.76,1.24,2026-09-11T14:08:59.202371+00:00,down,down,1.0,0.24,2026-09-11T14:18:30.493704+00:00
BTC,KXBTC15M-26SEP111015-15,btc-updown-15m-1789135200,B,2026-09-11T14:00:00+00:00,2026-09-11T14:15:00Z,0.78,1.22,0.78,2026-09-11T14:09:26.962305+00:00,down,down,1.0,0.22,2026-09-11T14:19:24.124026+00:00
ETH,KXETH15M-26SEP111030-30,eth-updown-15m-1789136100,B,2026-09-11T14:15:00+00:00,2026-09-11T14:30:00Z,0.76,1.23,0.76,2026-09-11T14:27:19.895686+00:00,up,up,1.0,0.24,2026-09-11T14:33:42.741526+00:00
BTC,KXBTC15M-26SEP111045-45,btc-updown-15m-1789137900,B,2026-09-11T14:45:00+00:00,2026-09-11T14:45:00Z,0.391,1.59,0.391,2026-09-11T14:45:19.006051+00:00,down,up,0.0,-0.391,2026-09-11T15:04:32.627808+00:00
BTC,KXBTC15M-26SEP111100-00,btc-updown-15m-1789137900,A,2026-09-11T14:45:00+00:00,2026-09-11T15:00:00Z,0.77,0.77,1.23,2026-09-11T14:48:33.010812+00:00,up,up,1.0,0.23,2026-09-11T15:04:32.627808+00:00
ETH,KXETH15M-26SEP111100-00,eth-updown-15m-1789138800,A,2026-09-11T15:00:00+00:00,2026-09-11T15:00:00Z,0.545,0.545,1.44,2026-09-11T15:00:21.525539+00:00,up,down,0.0,-0.545,2026-09-11T15:19:20.561667+00:00
ETH,KXETH15M-26SEP111115-15,eth-updown-15m-1789138800,B,2026-09-11T15:00:00+00:00,2026-09-11T15:15:00Z,0.78,1.22,0.78,2026-09-11T15:06:53.948167+00:00,down,down,1.0,0.22,2026-09-11T15:19:20.561667+00:00
BTC,KXBTC15M-26SEP111115-15,btc-updown-15m-1789139700,B,2026-09-11T15:15:00+00:00,2026-09-11T15:15:00Z,0.461,1.53,0.461,2026-09-11T15:15:18.992699+00:00,down,up,0.0,-0.461,2026-09-11T15:37:09.128120+00:00
ETH,KXETH15M-26SEP111130-30,eth-updown-15m-1789140600,A,2026-09-11T15:30:00+00:00,2026-09-11T15:30:00Z,0.371,0.371,1.63,2026-09-11T15:30:18.661796+00:00,up,down,0.0,-0.371,2026-09-11T15:49:37.301594+00:00
ETH,KXETH15M-26SEP111145-45,eth-updown-15m-1789140600,A,2026-09-11T15:30:00+00:00,2026-09-11T15:45:00Z,0.68,0.68,1.33,2026-09-11T15:42:25.932582+00:00,down,down,1.0,0.32,2026-09-11T15:49:37.301594+00:00
BTC,KXBTC15M-26SEP111130-30,btc-updown-15m-1789140600,A,2026-09-11T15:30:00+00:00,2026-09-11T15:30:00Z,0.401,0.401,1.59,2026-09-11T15:30:18.661796+00:00,up,down,0.0,-0.401,2026-09-11T15:52:32.545251+00:00
BTC,KXBTC15M-26SEP111145-45,btc-updown-15m-1789140600,A,2026-09-11T15:30:00+00:00,2026-09-11T15:45:00Z,0.78,0.78,1.22,2026-09-11T15:36:57.790955+00:00,down,down,1.0,0.22,2026-09-11T15:52:32.545251+00:00
ETH,KXETH15M-26SEP111215-15,eth-updown-15m-1789142400,B,2026-09-11T16:00:00+00:00,2026-09-11T16:15:00Z,0.78,1.22,0.78,2026-09-11T16:00:21.363762+00:00,up,up,1.0,0.22,2026-09-11T16:20:03.294667+00:00
ETH,KXETH15M-26SEP111230-30,eth-updown-15m-1789143300,A,2026-09-11T16:15:00+00:00,2026-09-11T16:30:00Z,0.67,0.67,1.32,2026-09-11T16:25:33.206727+00:00,up,up,1.0,0.33,2026-09-11T16:33:21.347097+00:00
BTC,KXBTC15M-26SEP111230-30,btc-updown-15m-1789143300,A,2026-09-11T16:15:00+00:00,2026-09-11T16:30:00Z,0.77,0.77,1.23,2026-09-11T16:17:37.356047+00:00,down,down,1.0,0.23,2026-09-11T16:34:41.878193+00:00
BTC,KXBTC15M-26SEP111245-45,btc-updown-15m-1789144200,A,2026-09-11T16:30:00+00:00,2026-09-11T16:45:00Z,0.73,0.73,1.27,2026-09-11T16:42:29.097292+00:00,up,up,1.0,0.27,2026-09-11T16:47:27.560267+00:00
ETH,KXETH15M-26SEP111245-45,eth-updown-15m-1789144200,A,2026-09-11T16:30:00+00:00,2026-09-11T16:45:00Z,0.74,0.74,1.26,2026-09-11T16:34:58.542645+00:00,up,up,1.0,0.26,2026-09-11T16:50:14.389949+00:00
BTC,KXBTC15M-26SEP111315-15,btc-updown-15m-1789146000,B,2026-09-11T17:00:00+00:00,2026-09-11T17:15:00Z,0.71,1.29,0.71,2026-09-11T17:07:12.127233+00:00,down,down,1.0,0.29,2026-09-11T17:17:47.824171+00:00
ETH,KXETH15M-26SEP111315-15,eth-updown-15m-1789146000,B,2026-09-11T17:00:00+00:00,2026-09-11T17:15:00Z,0.75,1.25,0.75,2026-09-11T17:07:12.127233+00:00,down,down,1.0,0.25,2026-09-11T17:21:20.315342+00:00
BTC,KXBTC15M-26SEP111330-30,btc-updown-15m-1789146900,A,2026-09-11T17:15:00+00:00,2026-09-11T17:30:00Z,0.76,0.76,1.26,2026-09-11T17:21:02.762491+00:00,up,up,1.0,0.24,2026-09-11T17:32:53.493676+00:00
ETH,KXETH15M-26SEP111330-30,eth-updown-15m-1789146900,A,2026-09-11T17:15:00+00:00,2026-09-11T17:30:00Z,0.77,0.77,1.23,2026-09-11T17:22:03.866994+00:00,up,up,1.0,0.23,2026-09-11T17:37:10.021056+00:00
ETH,KXETH15M-26SEP111345-45,eth-updown-15m-1789147800,B,2026-09-11T17:30:00+00:00,2026-09-11T17:45:00Z,0.74,1.26,0.74,2026-09-11T17:36:26.725015+00:00,down,down,1.0,0.26,2026-09-11T17:49:12.116700+00:00
BTC,KXBTC15M-26SEP111345-45,btc-updown-15m-1789147800,B,2026-09-11T17:30:00+00:00,2026-09-11T17:45:00Z,0.73,1.27,0.73,2026-09-11T17:36:38.230007+00:00,down,down,1.0,0.27,2026-09-11T17:51:24.638321+00:00
ETH,KXETH15M-26SEP111400-00,eth-updown-15m-1789149600,B,2026-09-11T18:00:00+00:00,2026-09-11T18:00:00Z,0.541,1.45,0.541,2026-09-11T18:00:20.142806+00:00,down,down,1.0,0.459,2026-09-11T18:21:40.482910+00:00
BTC,KXBTC15M-26SEP111415-15,btc-updown-15m-1789150500,B,2026-09-11T18:15:00+00:00,2026-09-11T18:15:00Z,0.371,1.62,0.371,2026-09-11T18:15:17.737065+00:00,down,up,0.0,-0.371,2026-09-11T18:36:53.265078+00:00
ETH,KXETH15M-26SEP111430-30,eth-updown-15m-1789151400,A,2026-09-11T18:30:00+00:00,2026-09-11T18:30:00Z,0.531,0.531,1.46,2026-09-11T18:30:20.436430+00:00,up,down,0.0,-0.531,2026-09-11T18:48:05.657397+00:00
ETH,KXETH15M-26SEP111445-45,eth-updown-15m-1789151400,A,2026-09-11T18:30:00+00:00,2026-09-11T18:45:00Z,0.79,0.79,1.21,2026-09-11T18:38:04.858310+00:00,down,down,1.0,0.21,2026-09-11T18:48:05.657397+00:00
BTC,KXBTC15M-26SEP111445-45,btc-updown-15m-1789151400,A,2026-09-11T18:30:00+00:00,2026-09-11T18:45:00Z,0.68,0.68,1.32,2026-09-11T18:41:06.244722+00:00,down,down,1.0,0.32,2026-09-11T18:51:34.976451+00:00
ETH,KXETH15M-26SEP111500-00,eth-updown-15m-1789152300,B,2026-09-11T18:45:00+00:00,2026-09-11T19:00:00Z,0.72,1.26,0.72,2026-09-11T18:48:40.855397+00:00,down,down,1.0,0.28,2026-09-11T19:02:11.853738+00:00
BTC,KXBTC15M-26SEP111500-00,btc-updown-15m-1789152300,B,2026-09-11T18:45:00+00:00,2026-09-11T19:00:00Z,0.78,1.2,0.78,2026-09-11T18:48:40.855397+00:00,down,down,1.0,0.22,2026-09-11T19:03:54.173671+00:00
BTC,KXBTC15M-26SEP111530-30,btc-updown-15m-1789154100,B,2026-09-11T19:15:00+00:00,2026-09-11T19:30:00Z,0.77,1.23,0.77,2026-09-11T19:17:27.740950+00:00,up,up,1.0,0.23,2026-09-11T19:32:23.333207+00:00
ETH,KXETH15M-26SEP111530-30,eth-updown-15m-1789154100,B,2026-09-11T19:15:00+00:00,2026-09-11T19:30:00Z,0.76,1.25,0.76,2026-09-11T19:25:16.118947+00:00,up,up,1.0,0.24,2026-09-11T19:33:30.048873+00:00
ETH,KXETH15M-26SEP111545-45,eth-updown-15m-1789155000,A,2026-09-11T19:30:00+00:00,2026-09-11T19:45:00Z,0.71,0.71,1.29,2026-09-11T19:38:16.859561+00:00,down,down,1.0,0.29,2026-09-11T19:47:27.259326+00:00
BTC,KXBTC15M-26SEP111545-45,btc-updown-15m-1789155000,A,2026-09-11T19:30:00+00:00,2026-09-11T19:45:00Z,0.78,0.78,1.22,2026-09-11T19:38:16.859561+00:00,up,up,1.0,0.22,2026-09-11T19:51:15.309976+00:00
BTC,KXBTC15M-26SEP111615-15,btc-updown-15m-1789157700,A,2026-09-11T20:15:00+00:00,2026-09-11T20:15:00Z,0.391,0.391,1.6,2026-09-11T20:15:18.956084+00:00,up,down,0.0,-0.391,2026-09-11T20:32:07.278614+00:00
ETH,KXETH15M-26SEP111645-45,eth-updown-15m-1789158600,B,2026-09-11T20:30:00+00:00,2026-09-11T20:45:00Z,0.79,1.18,0.79,2026-09-11T20:37:26.721707+00:00,down,down,1.0,0.21,2026-09-11T20:48:53.846401+00:00
BTC,KXBTC15M-26SEP111645-45,btc-updown-15m-1789158600,A,2026-09-11T20:30:00+00:00,2026-09-11T20:45:00Z,0.629,0.629,1.362,2026-09-11T20:41:45.926927+00:00,up,up,1.0,0.371,2026-09-11T20:51:23.654649+00:00
ETH,KXETH15M-26SEP111730-30,eth-updown-15m-1789161300,B,2026-09-11T21:15:00+00:00,2026-09-11T21:30:00Z,0.74,1.26,0.74,2026-09-11T21:25:21.116678+00:00,down,down,1.0,0.26,2026-09-11T21:36:08.898108+00:00
ETH,KXETH15M-26SEP111745-45,eth-updown-15m-1789162200,B,2026-09-11T21:30:00+00:00,2026-09-11T21:45:00Z,0.79,1.21,0.79,2026-09-11T21:34:05.531474+00:00,down,down,1.0,0.21,2026-09-11T21:51:03.402055+00:00
BTC,KXBTC15M-26SEP111745-45,btc-updown-15m-1789162200,B,2026-09-11T21:30:00+00:00,2026-09-11T21:45:00Z,0.76,1.24,0.76,2026-09-11T21:38:05.251533+00:00,down,down,1.0,0.24,2026-09-11T21:51:15.416314+00:00
ETH,KXETH15M-26SEP111800-00,eth-updown-15m-1789164000,B,2026-09-11T22:00:00+00:00,2026-09-11T22:00:00Z,0.631,1.36,0.631,2026-09-11T22:00:20.811740+00:00,down,up,0.0,-0.631,2026-09-11T22:21:16.669014+00:00
ETH,KXETH15M-26SEP111815-15,eth-updown-15m-1789164000,B,2026-09-11T22:00:00+00:00,2026-09-11T22:15:00Z,0.74,1.26,0.74,2026-09-11T22:04:17.364996+00:00,up,up,1.0,0.26,2026-09-11T22:21:16.669014+00:00
BTC,KXBTC15M-26SEP111815-15,btc-updown-15m-1789164000,B,2026-09-11T22:00:00+00:00,2026-09-11T22:15:00Z,0.77,1.23,0.77,2026-09-11T22:04:28.391849+00:00,up,up,1.0,0.23,2026-09-11T22:21:38.732144+00:00
BTC,KXBTC15M-26SEP111830-30,btc-updown-15m-1789164900,B,2026-09-11T22:15:00+00:00,2026-09-11T22:30:00Z,0.77,1.23,0.77,2026-09-11T22:21:54.719506+00:00,down,down,1.0,0.23,2026-09-11T22:36:41.622695+00:00
ETH,KXETH15M-26SEP111830-30,eth-updown-15m-1789164900,B,2026-09-11T22:15:00+00:00,2026-09-11T22:30:00Z,0.75,1.26,0.75,2026-09-11T22:21:54.719506+00:00,down,down,1.0,0.25,2026-09-11T22:36:41.622695+00:00
BTC,KXBTC15M-26SEP111845-45,btc-updown-15m-1789165800,B,2026-09-11T22:30:00+00:00,2026-09-11T22:45:00Z,0.77,1.23,0.77,2026-09-11T22:35:19.012736+00:00,up,up,1.0,0.23,2026-09-11T22:48:47.211540+00:00
ETH,KXETH15M-26SEP111845-45,eth-updown-15m-1789165800,B,2026-09-11T22:30:00+00:00,2026-09-11T22:45:00Z,0.78,1.22,0.78,2026-09-11T22:35:24.582644+00:00,up,up,1.0,0.22,2026-09-11T22:51:51.411067+00:00
BTC,KXBTC15M-26SEP111900-00,btc-updown-15m-1789166700,B,2026-09-11T22:45:00+00:00,2026-09-11T23:00:00Z,0.71,1.3,0.71,2026-09-11T22:46:41.816066+00:00,down,down,1.0,0.29,2026-09-11T23:04:04.639044+00:00
BTC,KXBTC15M-26SEP111915-15,btc-updown-15m-1789167600,A,2026-09-11T23:00:00+00:00,2026-09-11T23:15:00Z,0.78,0.78,1.21,2026-09-11T23:12:09.688296+00:00,down,down,1.0,0.22,2026-09-11T23:19:12.496386+00:00
ETH,KXETH15M-26SEP111915-15,eth-updown-15m-1789168500,A,2026-09-11T23:15:00+00:00,2026-09-11T23:15:00Z,0.491,0.491,1.5,2026-09-11T23:15:17.597262+00:00,up,down,0.0,-0.491,2026-09-11T23:33:56.364253+00:00
ETH,KXETH15M-26SEP111930-30,eth-updown-15m-1789168500,A,2026-09-11T23:15:00+00:00,2026-09-11T23:30:00Z,0.77,0.77,1.23,2026-09-11T23:24:43.162656+00:00,down,down,1.0,0.23,2026-09-11T23:33:56.364253+00:00
BTC,KXBTC15M-26SEP111930-30,btc-updown-15m-1789169400,A,2026-09-11T23:30:00+00:00,2026-09-11T23:30:00Z,0.511,0.511,1.48,2026-09-11T23:30:04.219951+00:00,up,up,1.0,0.489,2026-09-11T23:48:27.483974+00:00
BTC,KXBTC15M-26SEP111945-45,btc-updown-15m-1789169400,A,2026-09-11T23:30:00+00:00,2026-09-11T23:45:00Z,0.78,0.78,1.22,2026-09-11T23:42:09.421105+00:00,up,up,1.0,0.22,2026-09-11T23:48:27.483974+00:00
ETH,KXETH15M-26SEP111945-45,eth-updown-15m-1789169400,A,2026-09-11T23:30:00+00:00,2026-09-11T23:45:00Z,0.79,0.79,1.21,2026-09-11T23:42:09.421105+00:00,down,up,2.0,1.21,2026-09-11T23:49:24.541359+00:00
ETH,KXETH15M-26SEP112000-00,eth-updown-15m-1789171200,A,2026-09-12T00:00:00+00:00,2026-09-12T00:00:00Z,0.361,0.361,1.63,2026-09-12T00:00:24.964364+00:00,up,up,1.0,0.639,2026-09-12T00:17:56.905820+00:00
ETH,KXETH15M-26SEP112015-15,eth-updown-15m-1789171200,A,2026-09-12T00:00:00+00:00,2026-09-12T00:15:00Z,0.78,0.78,1.22,2026-09-12T00:05:05.459995+00:00,up,up,1.0,0.22,2026-09-12T00:17:56.905820+00:00
ETH,KXETH15M-26SEP112030-30,eth-updown-15m-1789172100,A,2026-09-12T00:15:00+00:00,2026-09-12T00:30:00Z,0.75,0.75,1.24,2026-09-12T00:26:09.886697+00:00,down,down,1.0,0.25,2026-09-12T00:33:41.146919+00:00
BTC,KXBTC15M-26SEP112045-45,btc-updown-15m-1789173000,A,2026-09-12T00:30:00+00:00,2026-09-12T00:45:00Z,0.76,0.76,1.25,2026-09-12T00:37:39.077198+00:00,up,up,1.0,0.24,2026-09-12T00:50:27.455101+00:00
ETH,KXETH15M-26SEP112100-00,eth-updown-15m-1789173900,A,2026-09-12T00:45:00+00:00,2026-09-12T01:00:00Z,0.77,0.77,1.24,2026-09-12T00:55:43.733223+00:00,down,down,1.0,0.23,2026-09-12T01:04:00.775087+00:00
BTC,KXBTC15M-26SEP112115-15,btc-updown-15m-1789175700,A,2026-09-12T01:15:00+00:00,2026-09-12T01:15:00Z,0.511,0.511,1.48,2026-09-12T01:15:18.026139+00:00,up,down,0.0,-0.511,2026-09-12T01:36:00.021468+00:00
BTC,KXBTC15M-26SEP112130-30,btc-updown-15m-1789176600,B,2026-09-12T01:30:00+00:00,2026-09-12T01:30:00Z,0.491,1.5,0.491,2026-09-12T01:30:01.645450+00:00,down,down,1.0,0.509,2026-09-12T01:50:57.204875+00:00
BTC,KXBTC15M-26SEP112145-45,btc-updown-15m-1789176600,A,2026-09-12T01:30:00+00:00,2026-09-12T01:45:00Z,0.77,0.77,1.23,2026-09-12T01:38:01.494732+00:00,down,down,1.0,0.23,2026-09-12T01:50:57.204875+00:00
ETH,KXETH15M-26SEP112130-30,eth-updown-15m-1789176600,B,2026-09-12T01:30:00+00:00,2026-09-12T01:30:00Z,0.471,1.51,0.471,2026-09-12T01:30:01.645450+00:00,down,down,1.0,0.529,2026-09-12T01:52:21.254339+00:00
ETH,KXETH15M-26SEP112145-45,eth-updown-15m-1789176600,A,2026-09-12T01:30:00+00:00,2026-09-12T01:45:00Z,0.78,0.78,1.22,2026-09-12T01:38:01.494732+00:00,down,down,1.0,0.22,2026-09-12T01:52:21.254339+00:00
ETH,KXETH15M-26SEP112200-00,eth-updown-15m-1789177500,A,2026-09-12T01:45:00+00:00,2026-09-12T02:00:00Z,0.494,0.494,1.519,2026-09-12T01:52:49.680506+00:00,up,up,1.0,0.506,2026-09-12T02:05:30.259281+00:00
BTC,KXBTC15M-26SEP112200-00,btc-updown-15m-1789177500,A,2026-09-12T01:45:00+00:00,2026-09-12T02:00:00Z,0.496,0.496,1.495,2026-09-12T01:52:49.680506+00:00,down,down,1.0,0.504,2026-09-12T02:06:16.083065+00:00
BTC,KXBTC15M-26SEP112215-15,btc-updown-15m-1789179300,A,2026-09-12T02:15:00+00:00,2026-09-12T02:15:00Z,0.431,0.431,1.56,2026-09-12T02:15:21.292264+00:00,up,down,0.0,-0.431,2026-09-12T02:34:19.015465+00:00
BTC,KXBTC15M-26SEP112230-30,btc-updown-15m-1789179300,B,2026-09-12T02:15:00+00:00,2026-09-12T02:30:00Z,0.75,1.25,0.75,2026-09-12T02:24:18.584323+00:00,down,down,1.0,0.25,2026-09-12T02:34:19.015465+00:00
ETH,KXETH15M-26SEP112230-30,eth-updown-15m-1789179300,B,2026-09-12T02:15:00+00:00,2026-09-12T02:30:00Z,0.75,1.12,0.75,2026-09-12T02:26:04.868270+00:00,up,up,1.0,0.25,2026-09-12T02:34:19.015465+00:00
ETH,KXETH15M-26SEP112245-45,eth-updown-15m-1789180200,A,2026-09-12T02:30:00+00:00,2026-09-12T02:45:00Z,0.77,0.77,1.23,2026-09-12T02:34:30.186229+00:00,down,down,1.0,0.23,2026-09-12T02:48:12.846057+00:00
BTC,KXBTC15M-26SEP112245-45,btc-updown-15m-1789180200,A,2026-09-12T02:30:00+00:00,2026-09-12T02:45:00Z,0.78,0.78,1.22,2026-09-12T02:34:41.589477+00:00,down,down,1.0,0.22,2026-09-12T02:48:18.363192+00:00
BTC,KXBTC15M-26SEP112300-00,btc-updown-15m-1789181100,A,2026-09-12T02:45:00+00:00,2026-09-12T03:00:00Z,0.68,0.68,1.32,2026-09-12T02:51:25.633034+00:00,up,down,0.0,-0.68,2026-09-12T03:04:01.159086+00:00
ETH,KXETH15M-26SEP112300-00,eth-updown-15m-1789181100,B,2026-09-12T02:45:00+00:00,2026-09-12T03:00:00Z,0.77,1.22,0.77,2026-09-12T02:46:00.099369+00:00,down,down,1.0,0.23,2026-09-12T03:08:21.059705+00:00
BTC,KXBTC15M-26SEP112315-15,btc-updown-15m-1789182000,A,2026-09-12T03:00:00+00:00,2026-09-12T03:15:00Z,0.79,0.79,1.21,2026-09-12T03:07:03.397483+00:00,up,up,1.0,0.21,2026-09-12T03:19:12.591724+00:00
ETH,KXETH15M-26SEP112315-15,eth-updown-15m-1789182000,A,2026-09-12T03:00:00+00:00,2026-09-12T03:15:00Z,0.63,0.63,1.37,2026-09-12T03:07:03.397483+00:00,up,up,1.0,0.37,2026-09-12T03:19:23.775026+00:00
ETH,KXETH15M-26SEP112330-30,eth-updown-15m-1789182900,A,2026-09-12T03:15:00+00:00,2026-09-12T03:30:00Z,0.73,0.73,1.28,2026-09-12T03:20:07.509568+00:00,down,down,1.0,0.27,2026-09-12T03:34:35.983328+00:00
ETH,KXETH15M-26SEP112345-45,eth-updown-15m-1789184700,B,2026-09-12T03:45:00+00:00,2026-09-12T03:45:00Z,0.451,1.54,0.451,2026-09-12T03:45:16.101808+00:00,down,up,0.0,-0.451,2026-09-12T04:03:34.487034+00:00
ETH,KXETH15M-26SEP120000-00,eth-updown-15m-1789184700,B,2026-09-12T03:45:00+00:00,2026-09-12T04:00:00Z,0.76,1.24,0.76,2026-09-12T03:51:38.521491+00:00,up,up,1.0,0.24,2026-09-12T04:03:34.487034+00:00
ETH,KXETH15M-26SEP120015-15,eth-updown-15m-1789185600,B,2026-09-12T04:00:00+00:00,2026-09-12T04:15:00Z,0.75,1.25,0.75,2026-09-12T04:08:25.547343+00:00,down,down,1.0,0.25,2026-09-12T04:18:25.667234+00:00
BTC,KXBTC15M-26SEP120015-15,btc-updown-15m-1789186500,A,2026-09-12T04:15:00+00:00,2026-09-12T04:15:00Z,0.381,0.381,1.61,2026-09-12T04:15:17.320947+00:00,up,down,0.0,-0.381,2026-09-12T04:32:58.657550+00:00
ETH,KXETH15M-26SEP120030-30,eth-updown-15m-1789187400,B,2026-09-12T04:30:00+00:00,2026-09-12T04:30:00Z,0.271,1.72,0.271,2026-09-12T04:30:21.572255+00:00,down,up,0.0,-0.271,2026-09-12T04:49:32.362474+00:00
BTC,KXBTC15M-26SEP120045-45,btc-updown-15m-1789187400,A,2026-09-12T04:30:00+00:00,2026-09-12T04:45:00Z,0.76,0.76,1.13,2026-09-12T04:34:56.279843+00:00,up,up,1.0,0.24,2026-09-12T04:49:32.362474+00:00
BTC,KXBTC15M-26SEP120115-15,btc-updown-15m-1789189200,B,2026-09-12T05:00:00+00:00,2026-09-12T05:15:00Z,0.79,1.21,0.79,2026-09-12T05:06:48.698996+00:00,up,up,1.0,0.21,2026-09-12T05:18:13.670264+00:00
ETH,KXETH15M-26SEP120100-00,eth-updown-15m-1789189200,B,2026-09-12T05:00:00+00:00,2026-09-12T05:00:00Z,0.611,1.38,0.611,2026-09-12T05:00:20.386779+00:00,down,down,1.0,0.389,2026-09-12T05:19:58.807122+00:00
ETH,KXETH15M-26SEP120115-15,eth-updown-15m-1789189200,B,2026-09-12T05:00:00+00:00,2026-09-12T05:15:00Z,0.733,1.178,0.733,2026-09-12T05:11:49.302917+00:00,down,down,1.0,0.267,2026-09-12T05:19:58.807122+00:00
BTC,KXBTC15M-26SEP120130-30,btc-updown-15m-1789190100,B,2026-09-12T05:15:00+00:00,2026-09-12T05:30:00Z,0.79,1.17,0.79,2026-09-12T05:22:52.064598+00:00,down,down,1.0,0.21,2026-09-12T05:34:07.863540+00:00
ETH,KXETH15M-26SEP120130-30,eth-updown-15m-1789190100,A,2026-09-12T05:15:00+00:00,2026-09-12T05:30:00Z,0.61,0.61,1.4,2026-09-12T05:22:09.717234+00:00,down,down,1.0,0.39,2026-09-12T05:36:45.477499+00:00
ETH,KXETH15M-26SEP120145-45,eth-updown-15m-1789191000,B,2026-09-12T05:30:00+00:00,2026-09-12T05:45:00Z,0.79,1.22,0.79,2026-09-12T05:34:30.845587+00:00,up,up,1.0,0.21,2026-09-12T05:47:12.302564+00:00
ETH,KXETH15M-26SEP120200-00,eth-updown-15m-1789191900,B,2026-09-12T05:45:00+00:00,2026-09-12T06:00:00Z,0.79,1.12,0.79,2026-09-12T05:57:51.017291+00:00,up,up,1.0,0.21,2026-09-12T06:02:39.878163+00:00
BTC,KXBTC15M-26SEP120200-00,btc-updown-15m-1789191900,A,2026-09-12T05:45:00+00:00,2026-09-12T06:00:00Z,0.74,0.74,1.27,2026-09-12T05:53:28.250380+00:00,down,down,1.0,0.26,2026-09-12T06:03:51.882646+00:00
BTC,KXBTC15M-26SEP120215-15,btc-updown-15m-1789192800,A,2026-09-12T06:00:00+00:00,2026-09-12T06:15:00Z,0.74,0.74,1.26,2026-09-12T06:02:39.111243+00:00,down,down,1.0,0.26,2026-09-12T06:21:15.817413+00:00
BTC,KXBTC15M-26SEP120245-45,btc-updown-15m-1789194600,A,2026-09-12T06:30:00+00:00,2026-09-12T06:45:00Z,0.77,0.77,1.23,2026-09-12T06:35:04.793584+00:00,up,up,1.0,0.23,2026-09-12T06:47:53.112118+00:00
BTC,KXBTC15M-26SEP120300-00,btc-updown-15m-1789195500,A,2026-09-12T06:45:00+00:00,2026-09-12T07:00:00Z,0.75,0.75,1.25,2026-09-12T06:48:42.431158+00:00,down,down,1.0,0.25,2026-09-12T07:03:21.523350+00:00
ETH,KXETH15M-26SEP120245-45,eth-updown-15m-1789195500,A,2026-09-12T06:45:00+00:00,2026-09-12T06:45:00Z,0.491,0.491,1.5,2026-09-12T06:45:22.275801+00:00,up,up,1.0,0.509,2026-09-12T07:04:32.769687+00:00
BTC,KXBTC15M-26SEP120315-15,btc-updown-15m-1789197300,A,2026-09-12T07:15:00+00:00,2026-09-12T07:15:00Z,0.471,0.471,1.52,2026-09-12T07:15:18.859752+00:00,up,down,0.0,-0.471,2026-09-12T07:36:26.243397+00:00
ETH,KXETH15M-26SEP120315-15,eth-updown-15m-1789197300,A,2026-09-12T07:15:00+00:00,2026-09-12T07:15:00Z,0.351,0.351,1.64,2026-09-12T07:15:18.859752+00:00,up,down,0.0,-0.351,2026-09-12T07:36:26.243397+00:00
BTC,KXBTC15M-26SEP120330-30,btc-updown-15m-1789197300,B,2026-09-12T07:15:00+00:00,2026-09-12T07:30:00Z,0.72,1.28,0.72,2026-09-12T07:21:34.809817+00:00,down,down,1.0,0.28,2026-09-12T07:36:26.243397+00:00
ETH,KXETH15M-26SEP120330-30,eth-updown-15m-1789197300,B,2026-09-12T07:15:00+00:00,2026-09-12T07:30:00Z,0.66,1.34,0.66,2026-09-12T07:21:34.809817+00:00,down,down,1.0,0.34,2026-09-12T07:36:26.243397+00:00
ETH,KXETH15M-26SEP120400-00,eth-updown-15m-1789199100,A,2026-09-12T07:45:00+00:00,2026-09-12T08:00:00Z,0.68,0.68,1.311,2026-09-12T07:57:55.649744+00:00,up,up,1.0,0.32,2026-09-12T08:02:39.591339+00:00
BTC,KXBTC15M-26SEP120345-45,btc-updown-15m-1789199100,B,2026-09-12T07:45:00+00:00,2026-09-12T07:45:00Z,0.501,1.49,0.501,2026-09-12T07:45:21.661100+00:00,down,down,1.0,0.499,2026-09-12T08:04:58.638653+00:00
BTC,KXBTC15M-26SEP120400-00,btc-updown-15m-1789199100,B,2026-09-12T07:45:00+00:00,2026-09-12T08:00:00Z,0.71,1.29,0.71,2026-09-12T07:53:36.455110+00:00,down,down,1.0,0.29,2026-09-12T08:04:58.638653+00:00
ETH,KXETH15M-26SEP120415-15,eth-updown-15m-1789200000,B,2026-09-12T08:00:00+00:00,2026-09-12T08:15:00Z,0.65,1.34,0.65,2026-09-12T08:05:20.180055+00:00,up,up,1.0,0.35,2026-09-12T08:17:55.665340+00:00
BTC,KXBTC15M-26SEP120415-15,btc-updown-15m-1789200000,B,2026-09-12T08:00:00+00:00,2026-09-12T08:15:00Z,0.79,1.21,0.79,2026-09-12T08:05:20.180055+00:00,up,down,2.0,1.21,2026-09-12T08:22:00.203207+00:00
BTC,KXBTC15M-26SEP120430-30,btc-updown-15m-1789201800,A,2026-09-12T08:30:00+00:00,2026-09-12T08:30:00Z,0.571,0.571,1.42,2026-09-12T08:30:18.570185+00:00,up,up,1.0,0.429,2026-09-12T08:48:53.305283+00:00
ETH,KXETH15M-26SEP120445-45,eth-updown-15m-1789201800,B,2026-09-12T08:30:00+00:00,2026-09-12T08:45:00Z,0.78,1.2,0.78,2026-09-12T08:36:12.208146+00:00,up,up,1.0,0.22,2026-09-12T08:49:28.628889+00:00
ETH,KXETH15M-26SEP120500-00,eth-updown-15m-1789202700,A,2026-09-12T08:45:00+00:00,2026-09-12T09:00:00Z,0.79,0.79,1.11,2026-09-12T08:57:37.578839+00:00,up,up,1.0,0.21,2026-09-12T09:06:00.009176+00:00
BTC,KXBTC15M-26SEP120500-00,btc-updown-15m-1789202700,A,2026-09-12T08:45:00+00:00,2026-09-12T09:00:00Z,0.58,0.58,1.42,2026-09-12T08:54:52.811168+00:00,up,up,1.0,0.42,2026-09-12T09:06:43.570643+00:00
ETH,KXETH15M-26SEP120515-15,eth-updown-15m-1789203600,B,2026-09-12T09:00:00+00:00,2026-09-12T09:15:00Z,0.73,1.25,0.73,2026-09-12T09:02:24.797545+00:00,up,up,1.0,0.27,2026-09-12T09:17:45.812899+00:00
BTC,KXBTC15M-26SEP120515-15,btc-updown-15m-1789203600,B,2026-09-12T09:00:00+00:00,2026-09-12T09:15:00Z,0.61,1.39,0.61,2026-09-12T09:11:05.970991+00:00,up,up,1.0,0.39,2026-09-12T09:18:30.121844+00:00
ETH,KXETH15M-26SEP120530-30,eth-updown-15m-1789204500,A,2026-09-12T09:15:00+00:00,2026-09-12T09:30:00Z,0.77,0.77,1.23,2026-09-12T09:17:11.137121+00:00,up,up,1.0,0.23,2026-09-12T09:33:21.106542+00:00
BTC,KXBTC15M-26SEP120530-30,btc-updown-15m-1789204500,B,2026-09-12T09:15:00+00:00,2026-09-12T09:30:00Z,0.69,1.31,0.69,2026-09-12T09:24:08.244293+00:00,down,down,1.0,0.31,2026-09-12T09:33:21.106542+00:00
BTC,KXBTC15M-26SEP120545-45,btc-updown-15m-1789205400,A,2026-09-12T09:30:00+00:00,2026-09-12T09:45:00Z,0.59,0.59,1.41,2026-09-12T09:43:21.603146+00:00,down,down,1.0,0.41,2026-09-12T09:51:08.973002+00:00
ETH,KXETH15M-26SEP120545-45,eth-updown-15m-1789205400,B,2026-09-12T09:30:00+00:00,2026-09-12T09:45:00Z,0.68,1.32,0.68,2026-09-12T09:38:07.579762+00:00,down,down,1.0,0.32,2026-09-12T09:51:31.541674+00:00
BTC,KXBTC15M-26SEP120600-00,btc-updown-15m-1789206300,B,2026-09-12T09:45:00+00:00,2026-09-12T10:00:00Z,0.73,1.28,0.73,2026-09-12T09:50:11.421724+00:00,up,up,1.0,0.27,2026-09-12T10:05:44.435180+00:00
ETH,KXETH15M-26SEP120630-30,eth-updown-15m-1789208100,A,2026-09-12T10:15:00+00:00,2026-09-12T10:30:00Z,0.77,0.77,1.15,2026-09-12T10:21:17.385235+00:00,down,down,1.0,0.23,2026-09-12T10:32:16.293550+00:00
ETH,KXETH15M-26SEP120645-45,eth-updown-15m-1789209000,B,2026-09-12T10:30:00+00:00,2026-09-12T10:45:00Z,0.71,1.28,0.71,2026-09-12T10:40:03.102297+00:00,up,up,1.0,0.29,2026-09-12T10:47:48.622292+00:00
BTC,KXBTC15M-26SEP120630-30,btc-updown-15m-1789209000,B,2026-09-12T10:30:00+00:00,2026-09-12T10:30:00Z,0.491,1.5,0.491,2026-09-12T10:30:17.923786+00:00,down,down,1.0,0.509,2026-09-12T10:49:20.875695+00:00
BTC,KXBTC15M-26SEP120645-45,btc-updown-15m-1789209000,B,2026-09-12T10:30:00+00:00,2026-09-12T10:45:00Z,0.61,1.38,0.61,2026-09-12T10:41:42.942755+00:00,down,down,1.0,0.39,2026-09-12T10:49:20.875695+00:00
BTC,KXBTC15M-26SEP120700-00,btc-updown-15m-1789209900,A,2026-09-12T10:45:00+00:00,2026-09-12T11:00:00Z,0.67,0.67,1.3,2026-09-12T10:48:05.948664+00:00,down,down,1.0,0.33,2026-09-12T11:02:44.198523+00:00
ETH,KXETH15M-26SEP120700-00,eth-updown-15m-1789209900,A,2026-09-12T10:45:00+00:00,2026-09-12T11:00:00Z,0.66,0.66,1.35,2026-09-12T10:47:59.885498+00:00,up,up,1.0,0.34,2026-09-12T11:04:00.103956+00:00
ETH,KXETH15M-26SEP120715-15,eth-updown-15m-1789210800,A,2026-09-12T11:00:00+00:00,2026-09-12T11:15:00Z,0.79,0.79,1.22,2026-09-12T11:07:39.246169+00:00,down,down,1.0,0.21,2026-09-12T11:19:49.615730+00:00
BTC,KXBTC15M-26SEP120715-15,btc-updown-15m-1789210800,A,2026-09-12T11:00:00+00:00,2026-09-12T11:15:00Z,0.71,0.71,1.29,2026-09-12T11:02:21.692138+00:00,down,down,1.0,0.29,2026-09-12T11:20:48.474657+00:00
ETH,KXETH15M-26SEP120730-30,eth-updown-15m-1789211700,B,2026-09-12T11:15:00+00:00,2026-09-12T11:30:00Z,0.77,1.22,0.77,2026-09-12T11:27:39.037093+00:00,up,up,1.0,0.23,2026-09-12T11:35:18.583096+00:00
BTC,KXBTC15M-26SEP120800-00,btc-updown-15m-1789213500,B,2026-09-12T11:45:00+00:00,2026-09-12T12:00:00Z,0.75,1.16,0.75,2026-09-12T11:51:11.398160+00:00,up,up,1.0,0.25,2026-09-12T12:05:06.968555+00:00
ETH,KXETH15M-26SEP120800-00,eth-updown-15m-1789213500,A,2026-09-12T11:45:00+00:00,2026-09-12T12:00:00Z,0.78,0.78,1.22,2026-09-12T11:53:17.921714+00:00,down,down,1.0,0.22,2026-09-12T12:06:28.601660+00:00
BTC,KXBTC15M-26SEP120815-15,btc-updown-15m-1789214400,B,2026-09-12T12:00:00+00:00,2026-09-12T12:15:00Z,0.74,1.26,0.74,2026-09-12T12:05:06.434974+00:00,down,down,1.0,0.26,2026-09-12T12:20:27.452343+00:00
ETH,KXETH15M-26SEP120815-15,eth-updown-15m-1789214400,B,2026-09-12T12:00:00+00:00,2026-09-12T12:15:00Z,0.78,1.21,0.78,2026-09-12T12:05:06.434974+00:00,down,down,1.0,0.22,2026-09-12T12:21:28.693230+00:00
ETH,KXETH15M-26SEP120830-30,eth-updown-15m-1789215300,B,2026-09-12T12:15:00+00:00,2026-09-12T12:30:00Z,0.72,1.28,0.72,2026-09-12T12:16:29.571305+00:00,down,down,1.0,0.28,2026-09-12T12:33:48.136814+00:00
BTC,KXBTC15M-26SEP120830-30,btc-updown-15m-1789215300,B,2026-09-12T12:15:00+00:00,2026-09-12T12:30:00Z,0.74,1.26,0.74,2026-09-12T12:25:51.023468+00:00,up,up,1.0,0.26,2026-09-12T12:35:52.975300+00:00
ETH,KXETH15M-26SEP120900-00,eth-updown-15m-1789217100,B,2026-09-12T12:45:00+00:00,2026-09-12T13:00:00Z,0.77,1.23,0.77,2026-09-12T12:47:26.669999+00:00,up,up,1.0,0.23,2026-09-12T13:03:40.258035+00:00
BTC,KXBTC15M-26SEP120845-45,btc-updown-15m-1789217100,B,2026-09-12T12:45:00+00:00,2026-09-12T12:45:00Z,0.52,1.474,0.52,2026-09-12T12:45:19.330636+00:00,down,up,0.0,-0.52,2026-09-12T13:05:12.740199+00:00
BTC,KXBTC15M-26SEP120900-00,btc-updown-15m-1789217100,B,2026-09-12T12:45:00+00:00,2026-09-12T13:00:00Z,0.73,1.27,0.73,2026-09-12T12:47:26.669999+00:00,down,up,0.0,-0.73,2026-09-12T13:05:12.740199+00:00
BTC,KXBTC15M-26SEP120915-15,btc-updown-15m-1789218000,A,2026-09-12T13:00:00+00:00,2026-09-12T13:15:00Z,0.78,0.78,1.21,2026-09-12T13:02:06.824755+00:00,down,down,1.0,0.22,2026-09-12T13:17:37.080350+00:00
ETH,KXETH15M-26SEP120915-15,eth-updown-15m-1789218000,A,2026-09-12T13:00:00+00:00,2026-09-12T13:15:00Z,0.7,0.7,1.26,2026-09-12T13:02:01.170180+00:00,up,up,1.0,0.3,2026-09-12T13:20:05.177151+00:00
ETH,KXETH15M-26SEP120930-30,eth-updown-15m-1789218900,A,2026-09-12T13:15:00+00:00,2026-09-12T13:30:00Z,0.78,0.78,1.22,2026-09-12T13:17:52.752033+00:00,up,up,1.0,0.22,2026-09-12T13:36:08.589796+00:00
BTC,KXBTC15M-26SEP120930-30,btc-updown-15m-1789218900,B,2026-09-12T13:15:00+00:00,2026-09-12T13:30:00Z,0.64,1.36,0.64,2026-09-12T13:15:33.793788+00:00,down,down,1.0,0.36,2026-09-12T13:36:18.922317+00:00
BTC,KXBTC15M-26SEP120945-45,btc-updown-15m-1789219800,A,2026-09-12T13:30:00+00:00,2026-09-12T13:45:00Z,0.75,0.75,1.25,2026-09-12T13:30:52.258912+00:00,down,down,1.0,0.25,2026-09-12T13:49:26.221573+00:00
ETH,KXETH15M-26SEP120945-45,eth-updown-15m-1789219800,A,2026-09-12T13:30:00+00:00,2026-09-12T13:45:00Z,0.79,0.79,1.21,2026-09-12T13:32:03.995060+00:00,down,down,1.0,0.21,2026-09-12T13:51:59.833620+00:00
ETH,KXETH15M-26SEP121000-00,eth-updown-15m-1789220700,B,2026-09-12T13:45:00+00:00,2026-09-12T14:00:00Z,0.74,1.26,0.74,2026-09-12T13:52:28.231620+00:00,up,up,1.0,0.26,2026-09-12T14:03:11.052031+00:00
ETH,KXETH15M-26SEP121015-15,eth-updown-15m-1789221600,B,2026-09-12T14:00:00+00:00,2026-09-12T14:15:00Z,0.79,1.21,0.79,2026-09-12T14:06:16.051262+00:00,down,down,1.0,0.21,2026-09-12T14:21:27.387065+00:00
ETH,KXETH15M-26SEP121030-30,eth-updown-15m-1789222500,B,2026-09-12T14:15:00+00:00,2026-09-12T14:30:00Z,0.73,1.26,0.73,2026-09-12T14:25:07.991877+00:00,up,up,1.0,0.27,2026-09-12T14:34:47.300196+00:00
ETH,KXETH15M-26SEP121045-45,eth-updown-15m-1789223400,A,2026-09-12T14:30:00+00:00,2026-09-12T14:45:00Z,0.76,0.76,1.19,2026-09-12T14:42:31.198871+00:00,down,down,1.0,0.24,2026-09-12T14:48:32.372427+00:00
BTC,KXBTC15M-26SEP121045-45,btc-updown-15m-1789224300,A,2026-09-12T14:45:00+00:00,2026-09-12T14:45:00Z,0.421,0.421,1.57,2026-09-12T14:45:15.656298+00:00,up,down,0.0,-0.421,2026-09-12T15:03:08.562619+00:00
BTC,KXBTC15M-26SEP121100-00,btc-updown-15m-1789224300,A,2026-09-12T14:45:00+00:00,2026-09-12T15:00:00Z,0.77,0.77,1.23,2026-09-12T14:56:23.328027+00:00,down,down,1.0,0.23,2026-09-12T15:03:08.562619+00:00
ETH,KXETH15M-26SEP121100-00,eth-updown-15m-1789224300,A,2026-09-12T14:45:00+00:00,2026-09-12T15:00:00Z,0.67,0.67,1.33,2026-09-12T14:56:06.785671+00:00,down,down,1.0,0.33,2026-09-12T15:04:14.560781+00:00
ETH,KXETH15M-26SEP121115-15,eth-updown-15m-1789225200,A,2026-09-12T15:00:00+00:00,2026-09-12T15:15:00Z,0.75,0.75,1.24,2026-09-12T15:08:58.180752+00:00,down,down,1.0,0.25,2026-09-12T15:19:58.738204+00:00
BTC,KXBTC15M-26SEP121115-15,btc-updown-15m-1789226100,B,2026-09-12T15:15:00+00:00,2026-09-12T15:15:00Z,0.501,1.49,0.501,2026-09-12T15:15:17.620706+00:00,down,up,0.0,-0.501,2026-09-12T15:33:11.891002+00:00
BTC,KXBTC15M-26SEP121130-30,btc-updown-15m-1789226100,A,2026-09-12T15:15:00+00:00,2026-09-12T15:30:00Z,0.76,0.76,1.24,2026-09-12T15:19:58.260668+00:00,up,up,1.0,0.24,2026-09-12T15:33:11.891002+00:00
ETH,KXETH15M-26SEP121130-30,eth-updown-15m-1789226100,A,2026-09-12T15:15:00+00:00,2026-09-12T15:30:00Z,0.78,0.78,1.22,2026-09-12T15:20:03.825948+00:00,up,up,1.0,0.22,2026-09-12T15:35:22.564630+00:00
BTC,KXBTC15M-26SEP121145-45,btc-updown-15m-1789227000,A,2026-09-12T15:30:00+00:00,2026-09-12T15:45:00Z,0.77,0.77,1.2,2026-09-12T15:33:05.704370+00:00,down,down,1.0,0.23,2026-09-12T15:49:11.288087+00:00
ETH,KXETH15M-26SEP121145-45,eth-updown-15m-1789227000,A,2026-09-12T15:30:00+00:00,2026-09-12T15:45:00Z,0.7,0.7,1.3,2026-09-12T15:33:05.704370+00:00,down,down,1.0,0.3,2026-09-12T15:50:52.792828+00:00
BTC,KXBTC15M-26SEP121200-00,btc-updown-15m-1789227900,A,2026-09-12T15:45:00+00:00,2026-09-12T16:00:00Z,0.76,0.76,1.24,2026-09-12T15:47:33.799983+00:00,down,down,1.0,0.24,2026-09-12T16:03:10.242374+00:00
ETH,KXETH15M-26SEP121200-00,eth-updown-15m-1789227900,B,2026-09-12T15:45:00+00:00,2026-09-12T16:00:00Z,0.401,1.57,0.401,2026-09-12T15:56:58.138093+00:00,down,down,1.0,0.599,2026-09-12T16:06:35.848744+00:00
ETH,KXETH15M-26SEP121215-15,eth-updown-15m-1789228800,A,2026-09-12T16:00:00+00:00,2026-09-12T16:15:00Z,0.64,0.64,1.33,2026-09-12T16:05:37.413423+00:00,down,down,1.0,0.36,2026-09-12T16:17:11.496002+00:00
BTC,KXBTC15M-26SEP121215-15,btc-updown-15m-1789228800,A,2026-09-12T16:00:00+00:00,2026-09-12T16:15:00Z,0.61,0.61,1.39,2026-09-12T16:05:37.413423+00:00,down,down,1.0,0.39,2026-09-12T16:19:46.873979+00:00
BTC,KXBTC15M-26SEP121245-45,btc-updown-15m-1789230600,B,2026-09-12T16:30:00+00:00,2026-09-12T16:45:00Z,0.74,1.26,0.74,2026-09-12T16:40:40.352490+00:00,down,down,1.0,0.26,2026-09-12T16:48:37.913018+00:00
ETH,KXETH15M-26SEP121230-30,eth-updown-15m-1789230600,B,2026-09-12T16:30:00+00:00,2026-09-12T16:30:00Z,0.451,1.55,0.451,2026-09-12T16:30:21.937882+00:00,down,down,1.0,0.549,2026-09-12T16:48:50.175961+00:00
ETH,KXETH15M-26SEP121245-45,eth-updown-15m-1789230600,B,2026-09-12T16:30:00+00:00,2026-09-12T16:45:00Z,0.73,1.27,0.73,2026-09-12T16:40:28.862792+00:00,down,down,1.0,0.27,2026-09-12T16:48:50.175961+00:00
ETH,KXETH15M-26SEP121300-00,eth-updown-15m-1789231500,A,2026-09-12T16:45:00+00:00,2026-09-12T17:00:00Z,0.56,0.56,1.489,2026-09-12T16:57:52.738656+00:00,up,up,1.0,0.44,2026-09-12T17:02:31.253045+00:00
BTC,KXBTC15M-26SEP121300-00,btc-updown-15m-1789231500,B,2026-09-12T16:45:00+00:00,2026-09-12T17:00:00Z,0.79,1.21,0.79,2026-09-12T16:49:36.346709+00:00,down,up,0.0,-0.79,2026-09-12T17:05:26.109083+00:00
BTC,KXBTC15M-26SEP121315-15,btc-updown-15m-1789232400,A,2026-09-12T17:00:00+00:00,2026-09-12T17:15:00Z,0.472,0.472,1.519,2026-09-12T17:11:52.100906+00:00,down,down,1.0,0.528,2026-09-12T17:18:58.564997+00:00
ETH,KXETH15M-26SEP121315-15,eth-updown-15m-1789232400,B,2026-09-12T17:00:00+00:00,2026-09-12T17:15:00Z,0.76,1.25,0.76,2026-09-12T17:04:10.921709+00:00,up,down,2.0,1.24,2026-09-12T17:20:28.646742+00:00
ETH,KXETH15M-26SEP121330-30,eth-updown-15m-1789233300,A,2026-09-12T17:15:00+00:00,2026-09-12T17:30:00Z,0.76,0.76,1.26,2026-09-12T17:17:09.027690+00:00,down,down,1.0,0.24,2026-09-12T17:34:28.199848+00:00
BTC,KXBTC15M-26SEP121330-30,btc-updown-15m-1789234200,B,2026-09-12T17:30:00+00:00,2026-09-12T17:30:00Z,0.491,1.5,0.491,2026-09-12T17:30:20.135579+00:00,down,down,1.0,0.509,2026-09-12T17:50:35.012223+00:00
BTC,KXBTC15M-26SEP121345-45,btc-updown-15m-1789234200,A,2026-09-12T17:30:00+00:00,2026-09-12T17:45:00Z,0.79,0.79,1.2,2026-09-12T17:32:44.887475+00:00,down,down,1.0,0.21,2026-09-12T17:50:35.012223+00:00
ETH,KXETH15M-26SEP121415-15,eth-updown-15m-1789236000,B,2026-09-12T18:00:00+00:00,2026-09-12T18:15:00Z,0.76,1.25,0.76,2026-09-12T18:05:53.235577+00:00,down,down,1.0,0.24,2026-09-12T18:20:56.309088+00:00
BTC,KXBTC15M-26SEP121400-00,btc-updown-15m-1789236000,B,2026-09-12T18:00:00+00:00,2026-09-12T18:00:00Z,0.521,1.46,0.521,2026-09-12T18:00:22.171663+00:00,down,down,1.0,0.479,2026-09-12T18:22:24.800429+00:00
BTC,KXBTC15M-26SEP121415-15,btc-updown-15m-1789236000,B,2026-09-12T18:00:00+00:00,2026-09-12T18:15:00Z,0.78,1.22,0.78,2026-09-12T18:05:53.235577+00:00,down,down,1.0,0.22,2026-09-12T18:22:24.800429+00:00
ETH,KXETH15M-26SEP121430-30,eth-updown-15m-1789236900,A,2026-09-12T18:15:00+00:00,2026-09-12T18:30:00Z,0.79,0.79,1.22,2026-09-12T18:17:09.077886+00:00,down,up,2.0,1.21,2026-09-12T18:32:22.804105+00:00
BTC,KXBTC15M-26SEP121430-30,btc-updown-15m-1789236900,A,2026-09-12T18:15:00+00:00,2026-09-12T18:30:00Z,0.77,0.77,1.22,2026-09-12T18:17:09.077886+00:00,up,up,1.0,0.23,2026-09-12T18:36:05.804323+00:00
ETH,KXETH15M-26SEP121445-45,eth-updown-15m-1789237800,B,2026-09-12T18:30:00+00:00,2026-09-12T18:45:00Z,0.75,1.251,0.75,2026-09-12T18:37:44.763517+00:00,down,down,1.0,0.25,2026-09-12T18:47:32.784400+00:00
BTC,KXBTC15M-26SEP121500-00,btc-updown-15m-1789238700,A,2026-09-12T18:45:00+00:00,2026-09-12T19:00:00Z,0.77,0.77,1.23,2026-09-12T18:53:17.270920+00:00,down,down,1.0,0.23,2026-09-12T19:02:45.441128+00:00
BTC,KXBTC15M-26SEP121515-15,btc-updown-15m-1789239600,B,2026-09-12T19:00:00+00:00,2026-09-12T19:15:00Z,0.79,1.21,0.79,2026-09-12T19:03:56.585862+00:00,up,up,1.0,0.21,2026-09-12T19:19:23.687144+00:00
ETH,KXETH15M-26SEP121500-00,eth-updown-15m-1789239600,B,2026-09-12T19:00:00+00:00,2026-09-12T19:00:00Z,0.441,1.55,0.441,2026-09-12T19:00:20.352503+00:00,down,down,1.0,0.559,2026-09-12T19:21:03.440319+00:00
ETH,KXETH15M-26SEP121515-15,eth-updown-15m-1789239600,A,2026-09-12T19:00:00+00:00,2026-09-12T19:15:00Z,0.64,0.64,1.39,2026-09-12T19:08:26.656995+00:00,up,down,0.0,-0.64,2026-09-12T19:21:03.440319+00:00
BTC,KXBTC15M-26SEP121530-30,btc-updown-15m-1789240500,B,2026-09-12T19:15:00+00:00,2026-09-12T19:30:00Z,0.655,1.336,0.655,2026-09-12T19:27:03.665148+00:00,down,down,1.0,0.345,2026-09-12T19:32:07.023756+00:00
ETH,KXETH15M-26SEP121530-30,eth-updown-15m-1789240500,B,2026-09-12T19:15:00+00:00,2026-09-12T19:30:00Z,0.772,1.219,0.772,2026-09-12T19:27:09.127550+00:00,down,down,1.0,0.228,2026-09-12T19:35:12.292868+00:00
ETH,KXETH15M-26SEP121545-45,eth-updown-15m-1789242300,B,2026-09-12T19:45:00+00:00,2026-09-12T19:45:00Z,0.411,1.58,0.411,2026-09-12T19:45:19.428409+00:00,down,up,0.0,-0.411,2026-09-12T20:05:25.783515+00:00
ETH,KXETH15M-26SEP121600-00,eth-updown-15m-1789243200,A,2026-09-12T20:00:00+00:00,2026-09-12T20:00:00Z,0.531,0.531,1.46,2026-09-12T20:00:20.608603+00:00,up,up,1.0,0.469,2026-09-12T20:17:38.434491+00:00
ETH,KXETH15M-26SEP121630-30,eth-updown-15m-1789244100,B,2026-09-12T20:15:00+00:00,2026-09-12T20:30:00Z,0.79,1.23,0.79,2026-09-12T20:23:37.892156+00:00,up,up,1.0,0.21,2026-09-12T20:36:35.723808+00:00
BTC,KXBTC15M-26SEP121645-45,btc-updown-15m-1789245000,A,2026-09-12T20:30:00+00:00,2026-09-12T20:45:00Z,0.77,0.77,1.22,2026-09-12T20:34:00.742662+00:00,down,down,1.0,0.23,2026-09-12T20:50:42.950643+00:00
ETH,KXETH15M-26SEP121645-45,eth-updown-15m-1789245000,A,2026-09-12T20:30:00+00:00,2026-09-12T20:45:00Z,0.76,0.76,1.24,2026-09-12T20:34:00.742662+00:00,down,down,1.0,0.24,2026-09-12T20:51:44.193892+00:00
BTC,KXBTC15M-26SEP121700-00,btc-updown-15m-1789245900,A,2026-09-12T20:45:00+00:00,2026-09-12T21:00:00Z,0.57,0.57,1.41,2026-09-12T20:52:55.568240+00:00,down,down,1.0,0.43,2026-09-12T21:02:20.400049+00:00
ETH,KXETH15M-26SEP121700-00,eth-updown-15m-1789245900,A,2026-09-12T20:45:00+00:00,2026-09-12T21:00:00Z,0.56,0.56,1.46,2026-09-12T20:52:55.568240+00:00,down,down,1.0,0.44,2026-09-12T21:06:28.355574+00:00
ETH,KXETH15M-26SEP121715-15,eth-updown-15m-1789246800,B,2026-09-12T21:00:00+00:00,2026-09-12T21:15:00Z,0.72,1.29,0.72,2026-09-12T21:01:31.159183+00:00,up,up,1.0,0.28,2026-09-12T21:17:08.171814+00:00
BTC,KXBTC15M-26SEP121715-15,btc-updown-15m-1789246800,B,2026-09-12T21:00:00+00:00,2026-09-12T21:15:00Z,0.74,1.26,0.74,2026-09-12T21:01:31.159183+00:00,down,down,1.0,0.26,2026-09-12T21:18:07.230455+00:00
ETH,KXETH15M-26SEP121730-30,eth-updown-15m-1789247700,B,2026-09-12T21:15:00+00:00,2026-09-12T21:30:00Z,0.79,1.21,0.79,2026-09-12T21:27:32.835428+00:00,down,down,1.0,0.21,2026-09-12T21:36:10.155592+00:00
ETH,KXETH15M-26SEP121745-45,eth-updown-15m-1789248600,A,2026-09-12T21:30:00+00:00,2026-09-12T21:45:00Z,0.74,0.74,1.25,2026-09-12T21:41:04.879657+00:00,down,down,1.0,0.26,2026-09-12T21:52:00.937924+00:00
ETH,KXETH15M-26SEP121800-00,eth-updown-15m-1789249500,A,2026-09-12T21:45:00+00:00,2026-09-12T22:00:00Z,0.78,0.78,1.22,2026-09-12T21:55:05.412834+00:00,down,down,1.0,0.22,2026-09-12T22:02:30.533896+00:00
BTC,KXBTC15M-26SEP121800-00,btc-updown-15m-1789249500,A,2026-09-12T21:45:00+00:00,2026-09-12T22:00:00Z,0.79,0.79,1.21,2026-09-12T21:47:41.058020+00:00,up,up,1.0,0.21,2026-09-12T22:06:34.716588+00:00
ETH,KXETH15M-26SEP121815-15,eth-updown-15m-1789250400,B,2026-09-12T22:00:00+00:00,2026-09-12T22:15:00Z,0.74,1.26,0.74,2026-09-12T22:02:35.614797+00:00,down,down,1.0,0.26,2026-09-12T22:18:37.486631+00:00
BTC,KXBTC15M-26SEP121815-15,btc-updown-15m-1789250400,A,2026-09-12T22:00:00+00:00,2026-09-12T22:15:00Z,0.63,0.63,1.37,2026-09-12T22:13:25.146865+00:00,down,down,1.0,0.37,2026-09-12T22:19:24.371825+00:00
ETH,KXETH15M-26SEP121830-30,eth-updown-15m-1789251300,A,2026-09-12T22:15:00+00:00,2026-09-12T22:30:00Z,0.753,0.753,1.231,2026-09-12T22:25:22.057934+00:00,down,down,1.0,0.247,2026-09-12T22:33:38.646103+00:00
ETH,KXETH15M-26SEP121845-45,eth-updown-15m-1789252200,A,2026-09-12T22:30:00+00:00,2026-09-12T22:45:00Z,0.78,0.78,1.25,2026-09-12T22:43:29.403472+00:00,up,up,1.0,0.22,2026-09-12T22:48:21.857948+00:00
BTC,KXBTC15M-26SEP121845-45,btc-updown-15m-1789252200,A,2026-09-12T22:30:00+00:00,2026-09-12T22:45:00Z,0.65,0.65,1.35,2026-09-12T22:43:50.640230+00:00,down,down,1.0,0.35,2026-09-12T22:49:00.950490+00:00
ETH,KXETH15M-26SEP121930-30,eth-updown-15m-1789254900,A,2026-09-12T23:15:00+00:00,2026-09-12T23:30:00Z,0.36,0.36,1.62,2026-09-12T23:28:54.979091+00:00,up,down,0.0,-0.36,2026-09-12T23:33:25.934485+00:00
BTC,KXBTC15M-26SEP121930-30,btc-updown-15m-1789255800,B,2026-09-12T23:30:00+00:00,2026-09-12T23:30:00Z,0.521,1.47,0.521,2026-09-12T23:30:04.157923+00:00,down,down,1.0,0.479,2026-09-12T23:48:02.653629+00:00
BTC,KXBTC15M-26SEP121945-45,btc-updown-15m-1789256700,B,2026-09-12T23:45:00+00:00,2026-09-12T23:45:00Z,0.491,1.5,0.491,2026-09-12T23:45:18.132928+00:00,down,up,0.0,-0.491,2026-09-13T00:06:26.411196+00:00
ETH,KXETH15M-26SEP121945-45,eth-updown-15m-1789256700,A,2026-09-12T23:45:00+00:00,2026-09-12T23:45:00Z,0.471,0.471,1.52,2026-09-12T23:45:18.132928+00:00,up,up,1.0,0.529,2026-09-13T00:06:43.268491+00:00
ETH,KXETH15M-26SEP122015-15,eth-updown-15m-1789257600,B,2026-09-13T00:00:00+00:00,2026-09-13T00:15:00Z,0.79,1.23,0.79,2026-09-13T00:05:45.795027+00:00,down,down,1.0,0.21,2026-09-13T00:18:28.486793+00:00
BTC,KXBTC15M-26SEP122015-15,btc-updown-15m-1789257600,B,2026-09-13T00:00:00+00:00,2026-09-13T00:15:00Z,0.74,1.25,0.74,2026-09-13T00:10:44.748725+00:00,down,down,1.0,0.26,2026-09-13T00:21:51.963223+00:00
BTC,KXBTC15M-26SEP122030-30,btc-updown-15m-1789258500,B,2026-09-13T00:15:00+00:00,2026-09-13T00:30:00Z,0.78,1.22,0.78,2026-09-13T00:26:50.811618+00:00,down,down,1.0,0.22,2026-09-13T00:36:14.239920+00:00
ETH,KXETH15M-26SEP122030-30,eth-updown-15m-1789258500,B,2026-09-13T00:15:00+00:00,2026-09-13T00:30:00Z,0.76,1.24,0.76,2026-09-13T00:26:39.367503+00:00,up,up,1.0,0.24,2026-09-13T00:36:43.846684+00:00
BTC,KXBTC15M-26SEP122045-45,btc-updown-15m-1789259400,A,2026-09-13T00:30:00+00:00,2026-09-13T00:45:00Z,0.68,0.68,1.3,2026-09-13T00:40:10.756702+00:00,down,down,1.0,0.32,2026-09-13T00:49:51.385776+00:00
ETH,KXETH15M-26SEP122045-45,eth-updown-15m-1789259400,A,2026-09-13T00:30:00+00:00,2026-09-13T00:45:00Z,0.75,0.75,1.25,2026-09-13T00:37:53.019015+00:00,down,down,1.0,0.25,2026-09-13T00:52:01.093912+00:00
ETH,KXETH15M-26SEP122100-00,eth-updown-15m-1789261200,A,2026-09-13T01:00:00+00:00,2026-09-13T01:00:00Z,0.491,0.491,1.5,2026-09-13T01:00:20.143265+00:00,up,down,0.0,-0.491,2026-09-13T01:18:54.597890+00:00
ETH,KXETH15M-26SEP122115-15,eth-updown-15m-1789261200,A,2026-09-13T01:00:00+00:00,2026-09-13T01:15:00Z,0.71,0.71,1.31,2026-09-13T01:02:50.382421+00:00,down,down,1.0,0.29,2026-09-13T01:18:54.597890+00:00
BTC,KXBTC15M-26SEP122115-15,btc-updown-15m-1789261200,B,2026-09-13T01:00:00+00:00,2026-09-13T01:15:00Z,0.74,1.26,0.74,2026-09-13T01:12:32.962616+00:00,up,down,2.0,1.26,2026-09-13T01:20:21.067581+00:00
BTC,KXBTC15M-26SEP122130-30,btc-updown-15m-1789262100,A,2026-09-13T01:15:00+00:00,2026-09-13T01:30:00Z,0.52,0.52,1.48,2026-09-13T01:28:01.758935+00:00,down,down,1.0,0.48,2026-09-13T01:34:14.454927+00:00
ETH,KXETH15M-26SEP122130-30,eth-updown-15m-1789262100,B,2026-09-13T01:15:00+00:00,2026-09-13T01:30:00Z,0.69,1.32,0.69,2026-09-13T01:19:58.357455+00:00,up,up,1.0,0.31,2026-09-13T01:36:15.216383+00:00
BTC,KXBTC15M-26SEP122145-45,btc-updown-15m-1789263000,B,2026-09-13T01:30:00+00:00,2026-09-13T01:45:00Z,0.68,1.32,0.68,2026-09-13T01:39:55.953936+00:00,up,up,1.0,0.32,2026-09-13T01:49:52.342750+00:00
ETH,KXETH15M-26SEP122145-45,eth-updown-15m-1789263000,B,2026-09-13T01:30:00+00:00,2026-09-13T01:45:00Z,0.487,1.494,0.487,2026-09-13T01:39:55.953936+00:00,up,up,1.0,0.513,2026-09-13T01:51:25.667402+00:00
ETH,KXETH15M-26SEP122200-00,eth-updown-15m-1789263900,A,2026-09-13T01:45:00+00:00,2026-09-13T02:00:00Z,0.78,0.78,1.21,2026-09-13T01:57:03.572630+00:00,up,up,1.0,0.22,2026-09-13T02:02:36.284871+00:00
BTC,KXBTC15M-26SEP122200-00,btc-updown-15m-1789263900,A,2026-09-13T01:45:00+00:00,2026-09-13T02:00:00Z,0.76,0.76,1.24,2026-09-13T01:57:40.556308+00:00,up,up,1.0,0.24,2026-09-13T02:05:16.906271+00:00
ETH,KXETH15M-26SEP122230-30,eth-updown-15m-1789265700,A,2026-09-13T02:15:00+00:00,2026-09-13T02:30:00Z,0.6,0.6,1.41,2026-09-13T02:25:34.325653+00:00,down,down,1.0,0.4,2026-09-13T02:33:55.689153+00:00
BTC,KXBTC15M-26SEP122230-30,btc-updown-15m-1789265700,A,2026-09-13T02:15:00+00:00,2026-09-13T02:30:00Z,0.66,0.66,1.34,2026-09-13T02:25:34.325653+00:00,down,down,1.0,0.34,2026-09-13T02:34:07.046680+00:00
BTC,KXBTC15M-26SEP122245-45,btc-updown-15m-1789266600,B,2026-09-13T02:30:00+00:00,2026-09-13T02:45:00Z,0.79,1.21,0.79,2026-09-13T02:31:21.168253+00:00,up,up,1.0,0.21,2026-09-13T02:49:53.726609+00:00
ETH,KXETH15M-26SEP122245-45,eth-updown-15m-1789266600,A,2026-09-13T02:30:00+00:00,2026-09-13T02:45:00Z,0.67,0.67,1.35,2026-09-13T02:37:24.815233+00:00,down,down,1.0,0.33,2026-09-13T02:50:23.278470+00:00
BTC,KXBTC15M-26SEP122300-00,btc-updown-15m-1789267500,A,2026-09-13T02:45:00+00:00,2026-09-13T03:00:00Z,0.77,0.77,1.23,2026-09-13T02:53:17.130500+00:00,up,up,1.0,0.23,2026-09-13T03:05:39.730637+00:00
ETH,KXETH15M-26SEP122300-00,eth-updown-15m-1789267500,A,2026-09-13T02:45:00+00:00,2026-09-13T03:00:00Z,0.62,0.62,1.37,2026-09-13T02:53:17.130500+00:00,down,down,1.0,0.38,2026-09-13T03:06:11.340146+00:00
BTC,KXBTC15M-26SEP122315-15,btc-updown-15m-1789268400,B,2026-09-13T03:00:00+00:00,2026-09-13T03:15:00Z,0.69,1.31,0.69,2026-09-13T03:04:34.632230+00:00,down,down,1.0,0.31,2026-09-13T03:21:16.687602+00:00
ETH,KXETH15M-26SEP122315-15,eth-updown-15m-1789268400,B,2026-09-13T03:00:00+00:00,2026-09-13T03:15:00Z,0.6,1.39,0.6,2026-09-13T03:04:34.632230+00:00,down,down,1.0,0.4,2026-09-13T03:21:34.692512+00:00
BTC,KXBTC15M-26SEP122330-30,btc-updown-15m-1789269300,A,2026-09-13T03:15:00+00:00,2026-09-13T03:30:00Z,0.73,0.73,1.27,2026-09-13T03:27:25.762947+00:00,down,down,1.0,0.27,2026-09-13T03:32:21.166787+00:00
ETH,KXETH15M-26SEP122330-30,eth-updown-15m-1789269300,A,2026-09-13T03:15:00+00:00,2026-09-13T03:30:00Z,0.65,0.65,1.35,2026-09-13T03:27:25.762947+00:00,down,down,1.0,0.35,2026-09-13T03:36:57.154213+00:00
ETH,KXETH15M-26SEP122345-45,eth-updown-15m-1789270200,B,2026-09-13T03:30:00+00:00,2026-09-13T03:45:00Z,0.77,1.23,0.77,2026-09-13T03:42:07.577267+00:00,up,up,1.0,0.23,2026-09-13T03:47:29.507403+00:00
ETH,KXETH15M-26SEP130000-00,eth-updown-15m-1789271100,B,2026-09-13T03:45:00+00:00,2026-09-13T04:00:00Z,0.68,1.33,0.68,2026-09-13T03:53:12.753965+00:00,down,down,1.0,0.32,2026-09-13T04:03:17.564930+00:00
BTC,KXBTC15M-26SEP122345-45,btc-updown-15m-1789271100,B,2026-09-13T03:45:00+00:00,2026-09-13T03:45:00Z,0.461,1.53,0.461,2026-09-13T03:45:15.590457+00:00,down,down,1.0,0.539,2026-09-13T04:03:53.800138+00:00
BTC,KXBTC15M-26SEP130000-00,btc-updown-15m-1789271100,B,2026-09-13T03:45:00+00:00,2026-09-13T04:00:00Z,0.79,1.19,0.79,2026-09-13T03:53:12.753965+00:00,down,down,1.0,0.21,2026-09-13T04:03:53.800138+00:00
ETH,KXETH15M-26SEP130015-15,eth-updown-15m-1789272000,B,2026-09-13T04:00:00+00:00,2026-09-13T04:15:00Z,0.72,1.28,0.72,2026-09-13T04:05:32.029608+00:00,up,up,1.0,0.28,2026-09-13T04:20:39.909031+00:00
BTC,KXBTC15M-26SEP130015-15,btc-updown-15m-1789272900,A,2026-09-13T04:15:00+00:00,2026-09-13T04:15:00Z,0.567,0.567,1.424,2026-09-13T04:15:17.369590+00:00,up,up,1.0,0.433,2026-09-13T04:35:36.430262+00:00
BTC,KXBTC15M-26SEP130045-45,btc-updown-15m-1789274700,B,2026-09-13T04:45:00+00:00,2026-09-13T04:45:00Z,0.511,1.48,0.511,2026-09-13T04:45:16.927895+00:00,down,down,1.0,0.489,2026-09-13T05:05:41.582080+00:00
BTC,KXBTC15M-26SEP130100-00,btc-updown-15m-1789274700,A,2026-09-13T04:45:00+00:00,2026-09-13T05:00:00Z,0.59,0.59,1.41,2026-09-13T04:57:27.244449+00:00,down,down,1.0,0.41,2026-09-13T05:05:41.582080+00:00
ETH,KXETH15M-26SEP130100-00,eth-updown-15m-1789274700,B,2026-09-13T04:45:00+00:00,2026-09-13T05:00:00Z,0.76,1.23,0.76,2026-09-13T04:56:07.094016+00:00,up,up,1.0,0.24,2026-09-13T05:06:31.098000+00:00
BTC,KXBTC15M-26SEP130115-15,btc-updown-15m-1789276500,A,2026-09-13T05:15:00+00:00,2026-09-13T05:15:00Z,0.491,0.491,1.5,2026-09-13T05:15:18.227845+00:00,up,up,1.0,0.509,2026-09-13T05:32:07.073859+00:00
ETH,KXETH15M-26SEP130115-15,eth-updown-15m-1789276500,A,2026-09-13T05:15:00+00:00,2026-09-13T05:15:00Z,0.421,0.421,1.57,2026-09-13T05:15:18.227845+00:00,up,up,1.0,0.579,2026-09-13T05:33:26.774737+00:00
ETH,KXETH15M-26SEP130130-30,eth-updown-15m-1789276500,A,2026-09-13T05:15:00+00:00,2026-09-13T05:30:00Z,0.77,0.77,1.24,2026-09-13T05:25:24.370384+00:00,up,up,1.0,0.23,2026-09-13T05:33:26.774737+00:00
BTC,KXBTC15M-26SEP130130-30,btc-updown-15m-1789277400,A,2026-09-13T05:30:00+00:00,2026-09-13T05:30:00Z,0.631,0.631,1.36,2026-09-13T05:30:20.376111+00:00,up,up,1.0,0.369,2026-09-13T05:47:21.979284+00:00
BTC,KXBTC15M-26SEP130145-45,btc-updown-15m-1789278300,A,2026-09-13T05:45:00+00:00,2026-09-13T05:45:00Z,0.511,0.511,1.48,2026-09-13T05:45:18.653394+00:00,up,up,1.0,0.489,2026-09-13T06:03:00.298344+00:00
ETH,KXETH15M-26SEP130200-00,eth-updown-15m-1789278300,A,2026-09-13T05:45:00+00:00,2026-09-13T06:00:00Z,0.78,0.78,1.23,2026-09-13T05:54:32.768917+00:00,down,down,1.0,0.22,2026-09-13T06:04:41.114730+00:00
BTC,KXBTC15M-26SEP130215-15,btc-updown-15m-1789279200,A,2026-09-13T06:00:00+00:00,2026-09-13T06:15:00Z,0.75,0.75,1.25,2026-09-13T06:08:22.691890+00:00,down,down,1.0,0.25,2026-09-13T06:18:15.587601+00:00
ETH,KXETH15M-26SEP130215-15,eth-updown-15m-1789280100,B,2026-09-13T06:15:00+00:00,2026-09-13T06:15:00Z,0.561,1.43,0.561,2026-09-13T06:15:16.745679+00:00,down,down,1.0,0.439,2026-09-13T06:35:59.811984+00:00
ETH,KXETH15M-26SEP130245-45,eth-updown-15m-1789281000,A,2026-09-13T06:30:00+00:00,2026-09-13T06:45:00Z,0.78,0.78,1.22,2026-09-13T06:31:42.521063+00:00,down,down,1.0,0.22,2026-09-13T06:47:36.253311+00:00
BTC,KXBTC15M-26SEP130230-30,btc-updown-15m-1789281000,B,2026-09-13T06:30:00+00:00,2026-09-13T06:30:00Z,0.501,1.49,0.501,2026-09-13T06:30:18.920994+00:00,down,up,0.0,-0.501,2026-09-13T06:50:38.808939+00:00
BTC,KXBTC15M-26SEP130245-45,btc-updown-15m-1789281900,A,2026-09-13T06:45:00+00:00,2026-09-13T06:45:00Z,0.388,0.388,1.603,2026-09-13T06:45:16.544748+00:00,up,down,0.0,-0.388,2026-09-13T07:06:20.550169+00:00
BTC,KXBTC15M-26SEP130300-00,btc-updown-15m-1789282800,B,2026-09-13T07:00:00+00:00,2026-09-13T07:00:00Z,0.491,1.5,0.491,2026-09-13T07:00:25.243675+00:00,down,up,0.0,-0.491,2026-09-13T07:21:24.449643+00:00
BTC,KXBTC15M-26SEP130315-15,btc-updown-15m-1789282800,B,2026-09-13T07:00:00+00:00,2026-09-13T07:15:00Z,0.79,1.21,0.79,2026-09-13T07:01:00.757734+00:00,up,up,1.0,0.21,2026-09-13T07:21:24.449643+00:00
ETH,KXETH15M-26SEP130330-30,eth-updown-15m-1789283700,A,2026-09-13T07:15:00+00:00,2026-09-13T07:30:00Z,0.69,0.69,1.29,2026-09-13T07:27:10.971044+00:00,up,up,1.0,0.31,2026-09-13T07:36:20.168393+00:00
BTC,KXBTC15M-26SEP130345-45,btc-updown-15m-1789284600,B,2026-09-13T07:30:00+00:00,2026-09-13T07:45:00Z,0.69,1.31,0.69,2026-09-13T07:43:23.413131+00:00,up,up,1.0,0.31,2026-09-13T07:48:03.517179+00:00
BTC,KXBTC15M-26SEP130400-00,btc-updown-15m-1789285500,B,2026-09-13T07:45:00+00:00,2026-09-13T08:00:00Z,0.71,1.29,0.71,2026-09-13T07:49:47.150256+00:00,down,down,1.0,0.29,2026-09-13T08:03:06.287758+00:00
ETH,KXETH15M-26SEP130400-00,eth-updown-15m-1789285500,B,2026-09-13T07:45:00+00:00,2026-09-13T08:00:00Z,0.71,1.29,0.71,2026-09-13T07:49:47.150256+00:00,down,down,1.0,0.29,2026-09-13T08:07:06.704630+00:00
ETH,KXETH15M-26SEP130415-15,eth-updown-15m-1789286400,B,2026-09-13T08:00:00+00:00,2026-09-13T08:15:00Z,0.79,1.21,0.79,2026-09-13T08:01:28.541536+00:00,down,down,1.0,0.21,2026-09-13T08:17:28.177291+00:00
BTC,KXBTC15M-26SEP130415-15,btc-updown-15m-1789286400,A,2026-09-13T08:00:00+00:00,2026-09-13T08:15:00Z,0.61,0.61,1.39,2026-09-13T08:09:29.239320+00:00,down,down,1.0,0.39,2026-09-13T08:18:23.773442+00:00
BTC,KXBTC15M-26SEP130430-30,btc-updown-15m-1789288200,B,2026-09-13T08:30:00+00:00,2026-09-13T08:30:00Z,0.591,1.4,0.591,2026-09-13T08:30:24.061800+00:00,down,down,1.0,0.409,2026-09-13T08:49:50.443443+00:00
ETH,KXETH15M-26SEP130430-30,eth-updown-15m-1789288200,B,2026-09-13T08:30:00+00:00,2026-09-13T08:30:00Z,0.551,1.43,0.551,2026-09-13T08:30:24.061800+00:00,down,down,1.0,0.449,2026-09-13T08:50:35.046121+00:00
BTC,KXBTC15M-26SEP130500-00,btc-updown-15m-1789289100,A,2026-09-13T08:45:00+00:00,2026-09-13T09:00:00Z,0.78,0.78,1.21,2026-09-13T08:52:36.363133+00:00,down,down,1.0,0.22,2026-09-13T09:05:08.383479+00:00
ETH,KXETH15M-26SEP130500-00,eth-updown-15m-1789289100,A,2026-09-13T08:45:00+00:00,2026-09-13T09:00:00Z,0.75,0.75,1.25,2026-09-13T08:56:34.832227+00:00,up,up,1.0,0.25,2026-09-13T09:05:46.784403+00:00
ETH,KXETH15M-26SEP130515-15,eth-updown-15m-1789290000,A,2026-09-13T09:00:00+00:00,2026-09-13T09:15:00Z,0.74,0.74,1.26,2026-09-13T09:10:31.054921+00:00,down,down,1.0,0.26,2026-09-13T09:30:28.795937+00:00
BTC,KXBTC15M-26SEP130515-15,btc-updown-15m-1789290000,B,2026-09-13T09:00:00+00:00,2026-09-13T09:15:00Z,0.78,1.22,0.78,2026-09-13T09:12:11.121391+00:00,up,up,1.0,0.22,2026-09-13T09:30:28.795937+00:00
BTC,KXBTC15M-26SEP130530-30,btc-updown-15m-1789291800,B,2026-09-13T09:30:00+00:00,2026-09-13T09:30:00Z,0.381,1.61,0.381,2026-09-13T09:30:27.640449+00:00,down,up,0.0,-0.381,2026-09-13T09:51:10.457882+00:00
BTC,KXBTC15M-26SEP130545-45,btc-updown-15m-1789291800,B,2026-09-13T09:30:00+00:00,2026-09-13T09:45:00Z,0.77,1.23,0.77,2026-09-13T09:35:52.484366+00:00,up,up,1.0,0.23,2026-09-13T09:51:10.457882+00:00
ETH,KXETH15M-26SEP130545-45,eth-updown-15m-1789291800,B,2026-09-13T09:30:00+00:00,2026-09-13T09:45:00Z,0.75,1.25,0.75,2026-09-13T09:36:03.971055+00:00,down,down,1.0,0.25,2026-09-13T09:51:27.555733+00:00
BTC,KXBTC15M-26SEP130600-00,btc-updown-15m-1789292700,A,2026-09-13T09:45:00+00:00,2026-09-13T10:00:00Z,0.76,0.76,1.24,2026-09-13T09:56:57.138895+00:00,up,up,1.0,0.24,2026-09-13T10:06:21.951364+00:00
BTC,KXBTC15M-26SEP130615-15,btc-updown-15m-1789293600,B,2026-09-13T10:00:00+00:00,2026-09-13T10:15:00Z,0.63,1.37,0.63,2026-09-13T10:12:29.362539+00:00,up,up,1.0,0.37,2026-09-13T10:17:52.606321+00:00
ETH,KXETH15M-26SEP130615-15,eth-updown-15m-1789293600,A,2026-09-13T10:00:00+00:00,2026-09-13T10:15:00Z,0.78,0.78,1.22,2026-09-13T10:10:50.244104+00:00,down,down,1.0,0.22,2026-09-13T10:19:27.078649+00:00
BTC,KXBTC15M-26SEP130645-45,btc-updown-15m-1789295400,A,2026-09-13T10:30:00+00:00,2026-09-13T10:45:00Z,0.79,0.79,1.21,2026-09-13T10:40:46.954937+00:00,down,down,1.0,0.21,2026-09-13T10:48:47.063451+00:00
ETH,KXETH15M-26SEP130630-30,eth-updown-15m-1789295400,B,2026-09-13T10:30:00+00:00,2026-09-13T10:30:00Z,0.471,1.52,0.471,2026-09-13T10:30:18.544568+00:00,down,down,1.0,0.529,2026-09-13T10:49:10.647958+00:00
BTC,KXBTC15M-26SEP130700-00,btc-updown-15m-1789296300,B,2026-09-13T10:45:00+00:00,2026-09-13T11:00:00Z,0.75,1.25,0.75,2026-09-13T10:55:15.615869+00:00,down,down,1.0,0.25,2026-09-13T11:04:03.755110+00:00
ETH,KXETH15M-26SEP130700-00,eth-updown-15m-1789296300,B,2026-09-13T10:45:00+00:00,2026-09-13T11:00:00Z,0.79,1.21,0.79,2026-09-13T10:55:26.853941+00:00,down,down,1.0,0.21,2026-09-13T11:05:11.889977+00:00
BTC,KXBTC15M-26SEP130715-15,btc-updown-15m-1789297200,A,2026-09-13T11:00:00+00:00,2026-09-13T11:15:00Z,0.77,0.77,1.25,2026-09-13T11:02:29.870827+00:00,down,down,1.0,0.23,2026-09-13T11:19:17.092867+00:00
ETH,KXETH15M-26SEP130715-15,eth-updown-15m-1789297200,B,2026-09-13T11:00:00+00:00,2026-09-13T11:15:00Z,0.78,1.22,0.78,2026-09-13T11:03:10.039260+00:00,down,down,1.0,0.22,2026-09-13T11:21:25.207188+00:00
BTC,KXBTC15M-26SEP130800-00,btc-updown-15m-1789299900,A,2026-09-13T11:45:00+00:00,2026-09-13T12:00:00Z,0.79,0.79,1.21,2026-09-13T11:56:43.927365+00:00,up,down,0.0,-0.79,2026-09-13T12:06:25.683150+00:00
BTC,KXBTC15M-26SEP130815-15,btc-updown-15m-1789300800,B,2026-09-13T12:00:00+00:00,2026-09-13T12:15:00Z,0.78,1.22,0.78,2026-09-13T12:05:47.520784+00:00,up,up,1.0,0.22,2026-09-13T12:17:52.640527+00:00
ETH,KXETH15M-26SEP130800-00,eth-updown-15m-1789300800,A,2026-09-13T12:00:00+00:00,2026-09-13T12:00:00Z,0.461,0.461,1.53,2026-09-13T12:00:21.322234+00:00,up,up,1.0,0.539,2026-09-13T12:20:04.318365+00:00
ETH,KXETH15M-26SEP130815-15,eth-updown-15m-1789300800,B,2026-09-13T12:00:00+00:00,2026-09-13T12:15:00Z,0.67,1.33,0.67,2026-09-13T12:12:01.942972+00:00,up,up,1.0,0.33,2026-09-13T12:20:04.318365+00:00
ETH,KXETH15M-26SEP130830-30,eth-updown-15m-1789301700,A,2026-09-13T12:15:00+00:00,2026-09-13T12:30:00Z,0.689,0.689,1.318,2026-09-13T12:28:07.033663+00:00,down,down,1.0,0.311,2026-09-13T12:36:03.744466+00:00
ETH,KXETH15M-26SEP130845-45,eth-updown-15m-1789302600,A,2026-09-13T12:30:00+00:00,2026-09-13T12:45:00Z,0.79,0.79,1.15,2026-09-13T12:34:33.726110+00:00,down,down,1.0,0.21,2026-09-13T12:52:00.882413+00:00
ETH,KXETH15M-26SEP130900-00,eth-updown-15m-1789303500,B,2026-09-13T12:45:00+00:00,2026-09-13T13:00:00Z,0.73,1.27,0.73,2026-09-13T12:53:22.509742+00:00,up,up,1.0,0.27,2026-09-13T13:03:40.993744+00:00
BTC,KXBTC15M-26SEP130845-45,btc-updown-15m-1789303500,B,2026-09-13T12:45:00+00:00,2026-09-13T12:45:00Z,0.591,1.4,0.591,2026-09-13T12:45:21.328990+00:00,down,up,0.0,-0.591,2026-09-13T13:07:21.297069+00:00
BTC,KXBTC15M-26SEP130900-00,btc-updown-15m-1789303500,A,2026-09-13T12:45:00+00:00,2026-09-13T13:00:00Z,0.79,0.79,1.21,2026-09-13T12:56:59.016014+00:00,up,up,1.0,0.21,2026-09-13T13:07:21.297069+00:00
BTC,KXBTC15M-26SEP130915-15,btc-updown-15m-1789304400,B,2026-09-13T13:00:00+00:00,2026-09-13T13:15:00Z,0.72,1.28,0.72,2026-09-13T13:12:19.449516+00:00,up,up,1.0,0.28,2026-09-13T13:18:15.414718+00:00
ETH,KXETH15M-26SEP130930-30,eth-updown-15m-1789306200,B,2026-09-13T13:30:00+00:00,2026-09-13T13:30:00Z,0.371,1.62,0.371,2026-09-13T13:30:19.037552+00:00,down,up,0.0,-0.371,2026-09-13T13:50:24.619496+00:00
ETH,KXETH15M-26SEP131015-15,eth-updown-15m-1789308900,A,2026-09-13T14:15:00+00:00,2026-09-13T14:15:00Z,0.551,0.551,1.44,2026-09-13T14:15:17.943475+00:00,up,up,1.0,0.449,2026-09-13T14:33:06.916343+00:00
BTC,KXBTC15M-26SEP131030-30,btc-updown-15m-1789309800,A,2026-09-13T14:30:00+00:00,2026-09-13T14:30:00Z,0.411,0.411,1.58,2026-09-13T14:30:18.609259+00:00,up,up,1.0,0.589,2026-09-13T14:47:20.420870+00:00
ETH,KXETH15M-26SEP131045-45,eth-updown-15m-1789309800,A,2026-09-13T14:30:00+00:00,2026-09-13T14:45:00Z,0.78,0.78,1.22,2026-09-13T14:40:06.603039+00:00,up,up,1.0,0.22,2026-09-13T14:52:08.994499+00:00
BTC,KXBTC15M-26SEP131045-45,btc-updown-15m-1789310700,A,2026-09-13T14:45:00+00:00,2026-09-13T14:45:00Z,0.591,0.591,1.4,2026-09-13T14:45:21.934276+00:00,up,up,1.0,0.409,2026-09-13T15:02:39.509333+00:00
BTC,KXBTC15M-26SEP131100-00,btc-updown-15m-1789310700,A,2026-09-13T14:45:00+00:00,2026-09-13T15:00:00Z,0.74,0.74,1.26,2026-09-13T14:55:21.563057+00:00,up,up,1.0,0.26,2026-09-13T15:02:39.509333+00:00
ETH,KXETH15M-26SEP131100-00,eth-updown-15m-1789310700,A,2026-09-13T14:45:00+00:00,2026-09-13T15:00:00Z,0.79,0.79,1.22,2026-09-13T14:55:27.070353+00:00,down,down,1.0,0.21,2026-09-13T15:04:20.119763+00:00
ETH,KXETH15M-26SEP131115-15,eth-updown-15m-1789311600,A,2026-09-13T15:00:00+00:00,2026-09-13T15:15:00Z,0.73,0.73,1.28,2026-09-13T15:00:30.318610+00:00,down,down,1.0,0.27,2026-09-13T15:20:09.020533+00:00
BTC,KXBTC15M-26SEP131115-15,btc-updown-15m-1789312500,B,2026-09-13T15:15:00+00:00,2026-09-13T15:15:00Z,0.471,1.52,0.471,2026-09-13T15:15:17.573730+00:00,down,down,1.0,0.529,2026-09-13T15:33:23.789049+00:00
BTC,KXBTC15M-26SEP131130-30,btc-updown-15m-1789312500,B,2026-09-13T15:15:00+00:00,2026-09-13T15:30:00Z,0.79,1.21,0.79,2026-09-13T15:23:23.158183+00:00,down,down,1.0,0.21,2026-09-13T15:33:23.789049+00:00
ETH,KXETH15M-26SEP131130-30,eth-updown-15m-1789312500,B,2026-09-13T15:15:00+00:00,2026-09-13T15:30:00Z,0.74,1.26,0.74,2026-09-13T15:24:06.022944+00:00,down,down,1.0,0.26,2026-09-13T15:34:28.897053+00:00
ETH,KXETH15M-26SEP131145-45,eth-updown-15m-1789314300,A,2026-09-13T15:45:00+00:00,2026-09-13T15:45:00Z,0.441,0.441,1.55,2026-09-13T15:45:19.023576+00:00,up,up,1.0,0.559,2026-09-13T16:04:31.646885+00:00
ETH,KXETH15M-26SEP131200-00,eth-updown-15m-1789314300,B,2026-09-13T15:45:00+00:00,2026-09-13T16:00:00Z,0.78,1.21,0.78,2026-09-13T15:53:47.468753+00:00,up,up,1.0,0.22,2026-09-13T16:04:31.646885+00:00
BTC,KXBTC15M-26SEP131145-45,btc-updown-15m-1789314300,A,2026-09-13T15:45:00+00:00,2026-09-13T15:45:00Z,0.441,0.441,1.55,2026-09-13T15:45:19.023576+00:00,up,down,0.0,-0.441,2026-09-13T16:05:25.331741+00:00
ETH,KXETH15M-26SEP131215-15,eth-updown-15m-1789316100,A,2026-09-13T16:15:00+00:00,2026-09-13T16:15:00Z,0.381,0.381,1.61,2026-09-13T16:15:17.758208+00:00,up,up,1.0,0.619,2026-09-13T16:35:47.699126+00:00
ETH,KXETH15M-26SEP131230-30,eth-updown-15m-1789316100,B,2026-09-13T16:15:00+00:00,2026-09-13T16:30:00Z,0.78,1.22,0.78,2026-09-13T16:26:22.535472+00:00,up,up,1.0,0.22,2026-09-13T16:35:47.699126+00:00
ETH,KXETH15M-26SEP131245-45,eth-updown-15m-1789317000,B,2026-09-13T16:30:00+00:00,2026-09-13T16:45:00Z,0.77,1.23,0.77,2026-09-13T16:41:08.707496+00:00,up,up,1.0,0.23,2026-09-13T16:51:02.342747+00:00
BTC,KXBTC15M-26SEP131300-00,btc-updown-15m-1789317900,B,2026-09-13T16:45:00+00:00,2026-09-13T17:00:00Z,0.6,1.42,0.6,2026-09-13T16:56:15.181514+00:00,down,down,1.0,0.4,2026-09-13T17:04:30.916818+00:00
BTC,KXBTC15M-26SEP131415-15,btc-updown-15m-1789322400,B,2026-09-13T18:00:00+00:00,2026-09-13T18:15:00Z,0.78,1.22,0.78,2026-09-13T18:10:17.710146+00:00,up,up,1.0,0.22,2026-09-13T18:18:52.620931+00:00
ETH,KXETH15M-26SEP131415-15,eth-updown-15m-1789322400,A,2026-09-13T18:00:00+00:00,2026-09-13T18:15:00Z,0.75,0.75,1.23,2026-09-13T18:13:07.530178+00:00,up,up,1.0,0.25,2026-09-13T18:20:27.324832+00:00
BTC,KXBTC15M-26SEP131430-30,btc-updown-15m-1789323300,A,2026-09-13T18:15:00+00:00,2026-09-13T18:30:00Z,0.78,0.78,1.21,2026-09-13T18:19:51.328432+00:00,down,down,1.0,0.22,2026-09-13T18:33:14.944636+00:00
ETH,KXETH15M-26SEP131430-30,eth-updown-15m-1789323300,B,2026-09-13T18:15:00+00:00,2026-09-13T18:30:00Z,0.76,1.24,0.76,2026-09-13T18:16:47.933283+00:00,up,up,1.0,0.24,2026-09-13T18:35:56.572177+00:00
ETH,KXETH15M-26SEP131445-45,eth-updown-15m-1789324200,B,2026-09-13T18:30:00+00:00,2026-09-13T18:45:00Z,0.77,1.24,0.77,2026-09-13T18:30:17.589758+00:00,up,up,1.0,0.23,2026-09-13T18:48:18.412926+00:00
BTC,KXBTC15M-26SEP131445-45,btc-updown-15m-1789324200,B,2026-09-13T18:30:00+00:00,2026-09-13T18:45:00Z,0.79,1.21,0.79,2026-09-13T18:34:27.285031+00:00,up,up,1.0,0.21,2026-09-13T18:49:19.721950+00:00
ETH,KXETH15M-26SEP131500-00,eth-updown-15m-1789325100,A,2026-09-13T18:45:00+00:00,2026-09-13T19:00:00Z,0.78,0.78,1.24,2026-09-13T18:55:19.472545+00:00,up,up,1.0,0.22,2026-09-13T19:03:23.173713+00:00
BTC,KXBTC15M-26SEP131500-00,btc-updown-15m-1789325100,A,2026-09-13T18:45:00+00:00,2026-09-13T19:00:00Z,0.72,0.72,1.28,2026-09-13T18:55:19.472545+00:00,down,down,1.0,0.28,2026-09-13T19:05:04.719783+00:00
BTC,KXBTC15M-26SEP131515-15,btc-updown-15m-1789326000,A,2026-09-13T19:00:00+00:00,2026-09-13T19:15:00Z,0.57,0.57,1.43,2026-09-13T19:08:42.124324+00:00,down,down,1.0,0.43,2026-09-13T19:17:14.849869+00:00
ETH,KXETH15M-26SEP131515-15,eth-updown-15m-1789326900,B,2026-09-13T19:15:00+00:00,2026-09-13T19:15:00Z,0.561,1.45,0.561,2026-09-13T19:15:18.057179+00:00,down,down,1.0,0.439,2026-09-13T19:32:11.451989+00:00
ETH,KXETH15M-26SEP131600-00,eth-updown-15m-1789328700,A,2026-09-13T19:45:00+00:00,2026-09-13T20:00:00Z,0.72,0.72,1.29,2026-09-13T19:51:33.692293+00:00,up,up,1.0,0.28,2026-09-13T20:02:40.508549+00:00
BTC,KXBTC15M-26SEP131600-00,btc-updown-15m-1789328700,B,2026-09-13T19:45:00+00:00,2026-09-13T20:00:00Z,0.72,1.2,0.72,2026-09-13T19:53:46.039399+00:00,up,up,1.0,0.28,2026-09-13T20:05:27.023293+00:00
BTC,KXBTC15M-26SEP131615-15,btc-updown-15m-1789329600,A,2026-09-13T20:00:00+00:00,2026-09-13T20:15:00Z,0.76,0.76,1.25,2026-09-13T20:04:08.189071+00:00,up,up,1.0,0.24,2026-09-13T20:22:27.764950+00:00
ETH,KXETH15M-26SEP131615-15,eth-updown-15m-1789330500,A,2026-09-13T20:15:00+00:00,2026-09-13T20:15:00Z,0.541,0.541,1.43,2026-09-13T20:15:18.825924+00:00,up,up,1.0,0.459,2026-09-13T20:35:25.470666+00:00
ETH,KXETH15M-26SEP131630-30,eth-updown-15m-1789330500,A,2026-09-13T20:15:00+00:00,2026-09-13T20:30:00Z,0.7,0.7,1.3,2026-09-13T20:21:35.281058+00:00,up,up,1.0,0.3,2026-09-13T20:35:25.470666+00:00
BTC,KXBTC15M-26SEP131630-30,btc-updown-15m-1789331400,A,2026-09-13T20:30:00+00:00,2026-09-13T20:30:00Z,0.501,0.501,1.49,2026-09-13T20:30:25.013233+00:00,up,down,0.0,-0.501,2026-09-13T20:50:13.097054+00:00
BTC,KXBTC15M-26SEP131645-45,btc-updown-15m-1789331400,A,2026-09-13T20:30:00+00:00,2026-09-13T20:45:00Z,0.75,0.75,1.25,2026-09-13T20:35:13.141485+00:00,up,down,0.0,-0.75,2026-09-13T20:50:13.097054+00:00
BTC,KXBTC15M-26SEP131700-00,btc-updown-15m-1789332300,A,2026-09-13T20:45:00+00:00,2026-09-13T21:00:00Z,0.74,0.74,1.26,2026-09-13T20:49:40.185151+00:00,up,up,1.0,0.26,2026-09-13T21:05:26.810201+00:00
ETH,KXETH15M-26SEP131700-00,eth-updown-15m-1789332300,A,2026-09-13T20:45:00+00:00,2026-09-13T21:00:00Z,0.751,0.751,1.242,2026-09-13T20:57:06.525421+00:00,up,up,1.0,0.249,2026-09-13T21:05:59.434914+00:00
ETH,KXETH15M-26SEP131715-15,eth-updown-15m-1789333200,A,2026-09-13T21:00:00+00:00,2026-09-13T21:15:00Z,0.77,0.77,1.24,2026-09-13T21:04:53.098449+00:00,up,up,1.0,0.23,2026-09-13T21:19:28.862296+00:00
BTC,KXBTC15M-26SEP131715-15,btc-updown-15m-1789333200,B,2026-09-13T21:00:00+00:00,2026-09-13T21:15:00Z,0.79,1.21,0.79,2026-09-13T21:09:50.069840+00:00,up,up,1.0,0.21,2026-09-13T21:22:02.618817+00:00
ETH,KXETH15M-26SEP131730-30,eth-updown-15m-1789334100,A,2026-09-13T21:15:00+00:00,2026-09-13T21:30:00Z,0.74,0.74,1.26,2026-09-13T21:25:31.495514+00:00,down,down,1.0,0.26,2026-09-13T21:36:33.541545+00:00
BTC,KXBTC15M-26SEP131730-30,btc-updown-15m-1789335000,A,2026-09-13T21:30:00+00:00,2026-09-13T21:30:00Z,0.391,0.391,1.6,2026-09-13T21:30:21.785175+00:00,up,down,0.0,-0.391,2026-09-13T21:47:34.805317+00:00
ETH,KXETH15M-26SEP131745-45,eth-updown-15m-1789335900,B,2026-09-13T21:45:00+00:00,2026-09-13T21:45:00Z,0.481,1.5,0.481,2026-09-13T21:45:19.470361+00:00,down,down,1.0,0.519,2026-09-13T22:03:21.447802+00:00
BTC,KXBTC15M-26SEP131745-45,btc-updown-15m-1789335900,B,2026-09-13T21:45:00+00:00,2026-09-13T21:45:00Z,0.501,1.49,0.501,2026-09-13T21:45:19.470361+00:00,down,down,1.0,0.499,2026-09-13T22:04:01.797847+00:00
BTC,KXBTC15M-26SEP131830-30,btc-updown-15m-1789338600,B,2026-09-13T22:30:00+00:00,2026-09-13T22:30:00Z,0.411,1.58,0.411,2026-09-13T22:30:17.770134+00:00,down,down,1.0,0.589,2026-09-13T22:49:24.423859+00:00
BTC,KXBTC15M-26SEP131845-45,btc-updown-15m-1789338600,B,2026-09-13T22:30:00+00:00,2026-09-13T22:45:00Z,0.74,1.26,0.74,2026-09-13T22:34:16.899303+00:00,down,down,1.0,0.26,2026-09-13T22:49:24.423859+00:00
ETH,KXETH15M-26SEP131830-30,eth-updown-15m-1789338600,B,2026-09-13T22:30:00+00:00,2026-09-13T22:30:00Z,0.441,1.55,0.441,2026-09-13T22:30:17.770134+00:00,down,down,1.0,0.559,2026-09-13T22:51:31.072240+00:00
ETH,KXETH15M-26SEP131845-45,eth-updown-15m-1789338600,B,2026-09-13T22:30:00+00:00,2026-09-13T22:45:00Z,0.69,1.31,0.69,2026-09-13T22:34:16.899303+00:00,down,down,1.0,0.31,2026-09-13T22:51:31.072240+00:00
BTC,KXBTC15M-26SEP131900-00,btc-updown-15m-1789339500,B,2026-09-13T22:45:00+00:00,2026-09-13T23:00:00Z,0.74,1.2,0.74,2026-09-13T22:52:51.937383+00:00,down,down,1.0,0.26,2026-09-13T23:05:13.285875+00:00
ETH,KXETH15M-26SEP131900-00,eth-updown-15m-1789339500,A,2026-09-13T22:45:00+00:00,2026-09-13T23:00:00Z,0.78,0.78,1.22,2026-09-13T22:56:04.868369+00:00,up,up,1.0,0.22,2026-09-13T23:06:00.639842+00:00
ETH,KXETH15M-26SEP131915-15,eth-updown-15m-1789340400,A,2026-09-13T23:00:00+00:00,2026-09-13T23:15:00Z,0.78,0.78,1.22,2026-09-13T23:11:33.761753+00:00,down,down,1.0,0.22,2026-09-13T23:19:33.202102+00:00
BTC,KXBTC15M-26SEP131915-15,btc-updown-15m-1789340400,B,2026-09-13T23:00:00+00:00,2026-09-13T23:15:00Z,0.75,1.25,0.75,2026-09-13T23:10:10.956087+00:00,up,up,1.0,0.25,2026-09-13T23:19:50.161214+00:00
BTC,KXBTC15M-26SEP131930-30,btc-updown-15m-1789341300,B,2026-09-13T23:15:00+00:00,2026-09-13T23:30:00Z,0.78,1.22,0.78,2026-09-13T23:24:13.506396+00:00,up,down,2.0,1.22,2026-09-13T23:32:13.960567+00:00
ETH,KXETH15M-26SEP131930-30,eth-updown-15m-1789341300,B,2026-09-13T23:15:00+00:00,2026-09-13T23:30:00Z,0.75,1.25,0.75,2026-09-13T23:22:12.337983+00:00,up,up,1.0,0.25,2026-09-13T23:33:45.161224+00:00
ETH,KXETH15M-26SEP131945-45,eth-updown-15m-1789342200,A,2026-09-13T23:30:00+00:00,2026-09-13T23:45:00Z,0.78,0.78,1.22,2026-09-13T23:40:01.859337+00:00,up,up,1.0,0.22,2026-09-13T23:48:42.795748+00:00
BTC,KXBTC15M-26SEP131945-45,btc-updown-15m-1789342200,B,2026-09-13T23:30:00+00:00,2026-09-13T23:45:00Z,0.78,1.22,0.78,2026-09-13T23:30:30.641668+00:00,up,up,1.0,0.22,2026-09-13T23:50:18.172562+00:00
ETH,KXETH15M-26SEP132000-00,eth-updown-15m-1789343100,B,2026-09-13T23:45:00+00:00,2026-09-14T00:00:00Z,0.78,1.22,0.78,2026-09-13T23:58:06.656893+00:00,up,up,1.0,0.22,2026-09-14T00:03:47.014128+00:00
BTC,KXBTC15M-26SEP132000-00,btc-updown-15m-1789343100,B,2026-09-13T23:45:00+00:00,2026-09-14T00:00:00Z,0.78,1.22,0.78,2026-09-13T23:58:06.656893+00:00,up,up,1.0,0.22,2026-09-14T00:06:30.740208+00:00
ETH,KXETH15M-26SEP132015-15,eth-updown-15m-1789344000,B,2026-09-14T00:00:00+00:00,2026-09-14T00:15:00Z,0.79,1.21,0.79,2026-09-14T00:05:39.467523+00:00,up,up,1.0,0.21,2026-09-14T00:21:02.133691+00:00
BTC,KXBTC15M-26SEP132015-15,btc-updown-15m-1789344900,A,2026-09-14T00:15:00+00:00,2026-09-14T00:15:00Z,0.451,0.451,1.54,2026-09-14T00:15:18.419467+00:00,up,down,0.0,-0.451,2026-09-14T00:32:48.267419+00:00
BTC,KXBTC15M-26SEP132030-30,btc-updown-15m-1789344900,A,2026-09-14T00:15:00+00:00,2026-09-14T00:30:00Z,0.79,0.79,1.21,2026-09-14T00:20:23.894616+00:00,down,down,1.0,0.21,2026-09-14T00:32:48.267419+00:00
ETH,KXETH15M-26SEP132030-30,eth-updown-15m-1789345800,B,2026-09-14T00:30:00+00:00,2026-09-14T00:30:00Z,0.291,1.69,0.291,2026-09-14T00:30:21.148198+00:00,down,up,0.0,-0.291,2026-09-14T00:51:59.435128+00:00
BTC,KXBTC15M-26SEP132045-45,btc-updown-15m-1789346700,A,2026-09-14T00:45:00+00:00,2026-09-14T00:45:00Z,0.691,0.691,1.3,2026-09-14T00:45:16.458150+00:00,up,up,1.0,0.309,2026-09-14T01:02:23.059524+00:00
BTC,KXBTC15M-26SEP132100-00,btc-updown-15m-1789346700,A,2026-09-14T00:45:00+00:00,2026-09-14T01:00:00Z,0.78,0.78,1.22,2026-09-14T00:49:44.680449+00:00,up,up,1.0,0.22,2026-09-14T01:02:23.059524+00:00
ETH,KXETH15M-26SEP132045-45,eth-updown-15m-1789346700,A,2026-09-14T00:45:00+00:00,2026-09-14T00:45:00Z,0.611,0.611,1.38,2026-09-14T00:45:16.458150+00:00,up,up,1.0,0.389,2026-09-14T01:04:19.650839+00:00
BTC,KXBTC15M-26SEP132115-15,btc-updown-15m-1789347600,B,2026-09-14T01:00:00+00:00,2026-09-14T01:15:00Z,0.78,1.22,0.78,2026-09-14T01:09:43.690439+00:00,down,down,1.0,0.22,2026-09-14T01:18:22.103965+00:00
ETH,KXETH15M-26SEP132115-15,eth-updown-15m-1789347600,B,2026-09-14T01:00:00+00:00,2026-09-14T01:15:00Z,0.69,1.31,0.69,2026-09-14T01:09:32.846346+00:00,down,down,1.0,0.31,2026-09-14T01:20:01.499709+00:00
BTC,KXBTC15M-26SEP132130-30,btc-updown-15m-1789348500,B,2026-09-14T01:15:00+00:00,2026-09-14T01:30:00Z,0.76,1.23,0.76,2026-09-14T01:23:08.122106+00:00,up,up,1.0,0.24,2026-09-14T01:33:38.519862+00:00
ETH,KXETH15M-26SEP132130-30,eth-updown-15m-1789348500,B,2026-09-14T01:15:00+00:00,2026-09-14T01:30:00Z,0.77,1.23,0.77,2026-09-14T01:23:13.637561+00:00,up,up,1.0,0.23,2026-09-14T01:36:02.700328+00:00
ETH,KXETH15M-26SEP132145-45,eth-updown-15m-1789349400,B,2026-09-14T01:30:00+00:00,2026-09-14T01:45:00Z,0.64,1.35,0.64,2026-09-14T01:41:39.229663+00:00,down,down,1.0,0.36,2026-09-14T01:50:23.128007+00:00
BTC,KXBTC15M-26SEP132145-45,btc-updown-15m-1789349400,B,2026-09-14T01:30:00+00:00,2026-09-14T01:45:00Z,0.79,1.21,0.79,2026-09-14T01:39:58.575709+00:00,down,down,1.0,0.21,2026-09-14T01:50:34.930093+00:00
ETH,KXETH15M-26SEP132200-00,eth-updown-15m-1789351200,A,2026-09-14T02:00:00+00:00,2026-09-14T02:00:00Z,0.381,0.381,1.61,2026-09-14T02:00:20.152710+00:00,up,up,1.0,0.619,2026-09-14T02:19:23.834070+00:00
ETH,KXETH15M-26SEP132215-15,eth-updown-15m-1789352100,A,2026-09-14T02:15:00+00:00,2026-09-14T02:15:00Z,0.411,0.411,1.58,2026-09-14T02:15:18.383129+00:00,up,up,1.0,0.589,2026-09-14T02:34:09.928775+00:00
ETH,KXETH15M-26SEP132230-30,eth-updown-15m-1789352100,B,2026-09-14T02:15:00+00:00,2026-09-14T02:30:00Z,0.73,1.27,0.73,2026-09-14T02:22:25.904991+00:00,up,up,1.0,0.27,2026-09-14T02:34:09.928775+00:00
BTC,KXBTC15M-26SEP132230-30,btc-updown-15m-1789352100,B,2026-09-14T02:15:00+00:00,2026-09-14T02:30:00Z,0.77,1.23,0.77,2026-09-14T02:23:40.506874+00:00,up,up,1.0,0.23,2026-09-14T02:37:08.901094+00:00
BTC,KXBTC15M-26SEP132245-45,btc-updown-15m-1789353000,B,2026-09-14T02:30:00+00:00,2026-09-14T02:45:00Z,0.795,1.176,0.795,2026-09-14T02:42:42.223429+00:00,down,down,1.0,0.205,2026-09-14T02:48:03.331013+00:00
BTC,KXBTC15M-26SEP132300-00,btc-updown-15m-1789354800,A,2026-09-14T03:00:00+00:00,2026-09-14T03:00:00Z,0.491,0.491,1.5,2026-09-14T03:00:21.022239+00:00,up,up,1.0,0.509,2026-09-14T03:19:57.935164+00:00
ETH,KXETH15M-26SEP132300-00,eth-updown-15m-1789354800,A,2026-09-14T03:00:00+00:00,2026-09-14T03:00:00Z,0.501,0.501,1.49,2026-09-14T03:00:21.022239+00:00,up,up,1.0,0.499,2026-09-14T03:19:57.935164+00:00
BTC,KXBTC15M-26SEP132315-15,btc-updown-15m-1789355700,A,2026-09-14T03:15:00+00:00,2026-09-14T03:15:00Z,0.461,0.461,1.53,2026-09-14T03:15:18.089428+00:00,up,up,1.0,0.539,2026-09-14T03:34:10.534327+00:00
BTC,KXBTC15M-26SEP132330-30,btc-updown-15m-1789355700,A,2026-09-14T03:15:00+00:00,2026-09-14T03:30:00Z,0.79,0.79,1.21,2026-09-14T03:23:44.454514+00:00,up,up,1.0,0.21,2026-09-14T03:34:10.534327+00:00
ETH,KXETH15M-26SEP132330-30,eth-updown-15m-1789355700,A,2026-09-14T03:15:00+00:00,2026-09-14T03:30:00Z,0.79,0.79,1.22,2026-09-14T03:23:32.894726+00:00,down,down,1.0,0.21,2026-09-14T03:36:56.514554+00:00
ETH,KXETH15M-26SEP132345-45,eth-updown-15m-1789357500,B,2026-09-14T03:45:00+00:00,2026-09-14T03:45:00Z,0.481,1.51,0.481,2026-09-14T03:45:20.252935+00:00,down,up,0.0,-0.481,2026-09-14T04:02:48.787754+00:00
ETH,KXETH15M-26SEP140000-00,eth-updown-15m-1789357500,A,2026-09-14T03:45:00+00:00,2026-09-14T04:00:00Z,0.79,0.79,1.22,2026-09-14T03:50:24.320209+00:00,up,up,1.0,0.21,2026-09-14T04:02:48.787754+00:00
ETH,KXETH15M-26SEP140015-15,eth-updown-15m-1789358400,A,2026-09-14T04:00:00+00:00,2026-09-14T04:15:00Z,0.71,0.71,1.29,2026-09-14T04:07:30.081142+00:00,down,down,1.0,0.29,2026-09-14T04:17:52.280201+00:00
BTC,KXBTC15M-26SEP140015-15,btc-updown-15m-1789359300,A,2026-09-14T04:15:00+00:00,2026-09-14T04:15:00Z,0.425,0.425,1.567,2026-09-14T04:15:17.462714+00:00,up,up,1.0,0.575,2026-09-14T04:32:54.857921+00:00
BTC,KXBTC15M-26SEP140030-30,btc-updown-15m-1789359300,B,2026-09-14T04:15:00+00:00,2026-09-14T04:30:00Z,0.77,1.23,0.77,2026-09-14T04:23:27.951128+00:00,up,up,1.0,0.23,2026-09-14T04:32:54.857921+00:00
ETH,KXETH15M-26SEP140030-30,eth-updown-15m-1789359300,B,2026-09-14T04:15:00+00:00,2026-09-14T04:30:00Z,0.78,1.22,0.78,2026-09-14T04:16:41.897357+00:00,up,up,1.0,0.22,2026-09-14T04:34:28.239403+00:00
BTC,KXBTC15M-26SEP140045-45,btc-updown-15m-1789360200,A,2026-09-14T04:30:00+00:00,2026-09-14T04:45:00Z,0.72,0.72,1.27,2026-09-14T04:38:18.463376+00:00,up,up,1.0,0.28,2026-09-14T04:47:58.731523+00:00
ETH,KXETH15M-26SEP140045-45,eth-updown-15m-1789360200,B,2026-09-14T04:30:00+00:00,2026-09-14T04:45:00Z,0.63,1.37,0.63,2026-09-14T04:34:05.080147+00:00,up,up,1.0,0.37,2026-09-14T04:51:09.046576+00:00
ETH,KXETH15M-26SEP140100-00,eth-updown-15m-1789361100,A,2026-09-14T04:45:00+00:00,2026-09-14T05:00:00Z,0.72,0.72,1.28,2026-09-14T04:46:59.833143+00:00,down,down,1.0,0.28,2026-09-14T05:06:22.187302+00:00
ETH,KXETH15M-26SEP140130-30,eth-updown-15m-1789363800,B,2026-09-14T05:30:00+00:00,2026-09-14T05:30:00Z,0.411,1.58,0.411,2026-09-14T05:30:19.367572+00:00,down,up,0.0,-0.411,2026-09-14T05:48:49.803755+00:00
ETH,KXETH15M-26SEP140145-45,eth-updown-15m-1789363800,B,2026-09-14T05:30:00+00:00,2026-09-14T05:45:00Z,0.74,1.26,0.74,2026-09-14T05:37:03.194234+00:00,up,up,1.0,0.26,2026-09-14T05:48:49.803755+00:00
BTC,KXBTC15M-26SEP140130-30,btc-updown-15m-1789363800,B,2026-09-14T05:30:00+00:00,2026-09-14T05:30:00Z,0.461,1.53,0.461,2026-09-14T05:30:19.367572+00:00,down,up,0.0,-0.461,2026-09-14T05:49:58.260264+00:00
BTC,KXBTC15M-26SEP140145-45,btc-updown-15m-1789363800,B,2026-09-14T05:30:00+00:00,2026-09-14T05:45:00Z,0.77,1.23,0.77,2026-09-14T05:37:40.640509+00:00,up,up,1.0,0.23,2026-09-14T05:49:58.260264+00:00
ETH,KXETH15M-26SEP140200-00,eth-updown-15m-1789364700,B,2026-09-14T05:45:00+00:00,2026-09-14T06:00:00Z,0.79,1.23,0.79,2026-09-14T05:56:56.128164+00:00,up,up,1.0,0.21,2026-09-14T06:04:10.390693+00:00
BTC,KXBTC15M-26SEP140200-00,btc-updown-15m-1789364700,B,2026-09-14T05:45:00+00:00,2026-09-14T06:00:00Z,0.72,1.28,0.72,2026-09-14T05:57:39.032490+00:00,up,up,1.0,0.28,2026-09-14T06:05:50.713324+00:00
ETH,KXETH15M-26SEP140245-45,eth-updown-15m-1789367400,B,2026-09-14T06:30:00+00:00,2026-09-14T06:45:00Z,0.68,1.32,0.68,2026-09-14T06:41:07.795136+00:00,up,up,1.0,0.32,2026-09-14T06:49:16.213932+00:00
BTC,KXBTC15M-26SEP140245-45,btc-updown-15m-1789367400,B,2026-09-14T06:30:00+00:00,2026-09-14T06:45:00Z,0.71,1.31,0.71,2026-09-14T06:41:13.569360+00:00,up,up,1.0,0.29,2026-09-14T06:52:23.215462+00:00
ETH,KXETH15M-26SEP140330-30,eth-updown-15m-1789370100,B,2026-09-14T07:15:00+00:00,2026-09-14T07:30:00Z,0.78,1.21,0.78,2026-09-14T07:17:01.837575+00:00,up,up,1.0,0.22,2026-09-14T07:35:35.290897+00:00
BTC,KXBTC15M-26SEP140330-30,btc-updown-15m-1789371000,A,2026-09-14T07:30:00+00:00,2026-09-14T07:30:00Z,0.452,0.452,1.539,2026-09-14T07:30:20.008736+00:00,up,up,1.0,0.548,2026-09-14T07:50:01.068904+00:00
ETH,KXETH15M-26SEP140345-45,eth-updown-15m-1789371000,B,2026-09-14T07:30:00+00:00,2026-09-14T07:45:00Z,0.76,1.25,0.76,2026-09-14T07:40:25.999036+00:00,up,up,1.0,0.24,2026-09-14T07:50:37.486094+00:00
BTC,KXBTC15M-26SEP140345-45,btc-updown-15m-1789371900,A,2026-09-14T07:45:00+00:00,2026-09-14T07:45:00Z,0.541,0.541,1.45,2026-09-14T07:45:22.709797+00:00,up,up,1.0,0.459,2026-09-14T08:05:21.037844+00:00
BTC,KXBTC15M-26SEP140400-00,btc-updown-15m-1789371900,B,2026-09-14T07:45:00+00:00,2026-09-14T08:00:00Z,0.69,1.31,0.69,2026-09-14T07:57:58.042350+00:00,up,up,1.0,0.31,2026-09-14T08:05:21.037844+00:00
BTC,KXBTC15M-26SEP140415-15,btc-updown-15m-1789372800,A,2026-09-14T08:00:00+00:00,2026-09-14T08:15:00Z,0.77,0.77,1.23,2026-09-14T08:00:36.818340+00:00,down,down,1.0,0.23,2026-09-14T08:20:22.655376+00:00
ETH,KXETH15M-26SEP140415-15,eth-updown-15m-1789372800,A,2026-09-14T08:00:00+00:00,2026-09-14T08:15:00Z,0.73,0.73,1.27,2026-09-14T08:07:35.373433+00:00,down,down,1.0,0.27,2026-09-14T08:20:33.354762+00:00
ETH,KXETH15M-26SEP140400-00,eth-updown-15m-1789372800,B,2026-09-14T08:00:00+00:00,2026-09-14T08:00:00Z,0.501,1.49,0.501,2026-09-14T08:00:24.498865+00:00,down,down,1.0,0.499,2026-09-14T08:20:38.797210+00:00
ETH,KXETH15M-26SEP140430-30,eth-updown-15m-1789373700,B,2026-09-14T08:15:00+00:00,2026-09-14T08:30:00Z,0.78,1.22,0.78,2026-09-14T08:21:10.194655+00:00,up,up,1.0,0.22,2026-09-14T08:34:06.074178+00:00
BTC,KXBTC15M-26SEP140430-30,btc-updown-15m-1789373700,B,2026-09-14T08:15:00+00:00,2026-09-14T08:30:00Z,0.78,1.22,0.78,2026-09-14T08:17:52.587401+00:00,up,up,1.0,0.22,2026-09-14T08:36:17.445571+00:00
ETH,KXETH15M-26SEP140445-45,eth-updown-15m-1789374600,B,2026-09-14T08:30:00+00:00,2026-09-14T08:45:00Z,0.76,1.24,0.76,2026-09-14T08:40:22.707341+00:00,down,down,1.0,0.24,2026-09-14T08:52:00.123909+00:00
ETH,KXETH15M-26SEP140500-00,eth-updown-15m-1789376400,B,2026-09-14T09:00:00+00:00,2026-09-14T09:00:00Z,0.461,1.53,0.461,2026-09-14T09:00:23.385797+00:00,down,down,1.0,0.539,2026-09-14T09:20:19.907735+00:00
ETH,KXETH15M-26SEP140515-15,eth-updown-15m-1789376400,B,2026-09-14T09:00:00+00:00,2026-09-14T09:15:00Z,0.7,1.29,0.7,2026-09-14T09:08:53.695975+00:00,down,down,1.0,0.3,2026-09-14T09:20:19.907735+00:00
BTC,KXBTC15M-26SEP140515-15,btc-updown-15m-1789376400,B,2026-09-14T09:00:00+00:00,2026-09-14T09:15:00Z,0.78,1.22,0.78,2026-09-14T09:08:37.682599+00:00,down,down,1.0,0.22,2026-09-14T09:22:54.492890+00:00
ETH,KXETH15M-26SEP140530-30,eth-updown-15m-1789377300,A,2026-09-14T09:15:00+00:00,2026-09-14T09:30:00Z,0.76,0.76,1.24,2026-09-14T09:21:06.990629+00:00,up,up,1.0,0.24,2026-09-14T09:36:21.463854+00:00
BTC,KXBTC15M-26SEP140530-30,btc-updown-15m-1789378200,B,2026-09-14T09:30:00+00:00,2026-09-14T09:30:00Z,0.239,1.702,0.239,2026-09-14T09:30:18.288704+00:00,up,up,1.0,0.761,2026-09-14T09:49:23.722072+00:00
ETH,KXETH15M-26SEP140600-00,eth-updown-15m-1789380000,A,2026-09-14T10:00:00+00:00,2026-09-14T10:00:00Z,0.421,0.421,1.58,2026-09-14T10:00:25.075456+00:00,up,down,0.0,-0.421,2026-09-14T10:21:54.896511+00:00
ETH,KXETH15M-26SEP140615-15,eth-updown-15m-1789380000,A,2026-09-14T10:00:00+00:00,2026-09-14T10:15:00Z,0.79,0.79,1.21,2026-09-14T10:05:52.458544+00:00,down,down,1.0,0.21,2026-09-14T10:21:54.896511+00:00
BTC,KXBTC15M-26SEP140615-15,btc-updown-15m-1789380900,B,2026-09-14T10:15:00+00:00,2026-09-14T10:15:00Z,0.441,1.55,0.441,2026-09-14T10:15:19.851201+00:00,down,down,1.0,0.559,2026-09-14T10:36:05.963980+00:00
BTC,KXBTC15M-26SEP140630-30,btc-updown-15m-1789380900,A,2026-09-14T10:15:00+00:00,2026-09-14T10:30:00Z,0.75,0.75,1.25,2026-09-14T10:23:11.018154+00:00,down,down,1.0,0.25,2026-09-14T10:36:05.963980+00:00
ETH,KXETH15M-26SEP140630-30,eth-updown-15m-1789380900,A,2026-09-14T10:15:00+00:00,2026-09-14T10:30:00Z,0.77,0.77,1.23,2026-09-14T10:23:11.018154+00:00,down,down,1.0,0.23,2026-09-14T10:36:23.758490+00:00
ETH,KXETH15M-26SEP140645-45,eth-updown-15m-1789381800,A,2026-09-14T10:30:00+00:00,2026-09-14T10:45:00Z,0.76,0.76,1.21,2026-09-14T10:39:39.111405+00:00,up,up,1.0,0.24,2026-09-14T10:48:11.229832+00:00
BTC,KXBTC15M-26SEP140645-45,btc-updown-15m-1789381800,A,2026-09-14T10:30:00+00:00,2026-09-14T10:45:00Z,0.78,0.78,1.24,2026-09-14T10:39:39.111405+00:00,up,up,1.0,0.22,2026-09-14T10:51:46.095998+00:00
ETH,KXETH15M-26SEP140700-00,eth-updown-15m-1789382700,A,2026-09-14T10:45:00+00:00,2026-09-14T11:00:00Z,0.55,0.55,1.44,2026-09-14T10:51:40.065957+00:00,down,down,1.0,0.45,2026-09-14T11:04:19.532303+00:00
BTC,KXBTC15M-26SEP140700-00,btc-updown-15m-1789382700,A,2026-09-14T10:45:00+00:00,2026-09-14T11:00:00Z,0.77,0.77,1.27,2026-09-14T10:51:40.065957+00:00,down,down,1.0,0.23,2026-09-14T11:06:53.249338+00:00
ETH,KXETH15M-26SEP140715-15,eth-updown-15m-1789383600,B,2026-09-14T11:00:00+00:00,2026-09-14T11:15:00Z,0.74,1.26,0.74,2026-09-14T11:11:11.377523+00:00,down,down,1.0,0.26,2026-09-14T11:19:26.379089+00:00
BTC,KXBTC15M-26SEP140730-30,btc-updown-15m-1789385400,A,2026-09-14T11:30:00+00:00,2026-09-14T11:30:00Z,0.481,0.481,1.51,2026-09-14T11:30:20.438748+00:00,up,down,0.0,-0.481,2026-09-14T11:48:32.213056+00:00
BTC,KXBTC15M-26SEP140745-45,btc-updown-15m-1789385400,A,2026-09-14T11:30:00+00:00,2026-09-14T11:45:00Z,0.61,0.61,1.39,2026-09-14T11:32:52.892117+00:00,down,down,1.0,0.39,2026-09-14T11:48:32.213056+00:00
ETH,KXETH15M-26SEP140745-45,eth-updown-15m-1789385400,A,2026-09-14T11:30:00+00:00,2026-09-14T11:45:00Z,0.71,0.71,1.29,2026-09-14T11:32:52.892117+00:00,down,down,1.0,0.29,2026-09-14T11:51:12.067293+00:00
BTC,KXBTC15M-26SEP140815-15,btc-updown-15m-1789387200,B,2026-09-14T12:00:00+00:00,2026-09-14T12:15:00Z,0.75,1.26,0.75,2026-09-14T12:01:41.812572+00:00,up,up,1.0,0.25,2026-09-14T12:20:10.749688+00:00
ETH,KXETH15M-26SEP140815-15,eth-updown-15m-1789387200,B,2026-09-14T12:00:00+00:00,2026-09-14T12:15:00Z,0.77,1.23,0.77,2026-09-14T12:01:47.645130+00:00,up,up,1.0,0.23,2026-09-14T12:20:54.860745+00:00
BTC,KXBTC15M-26SEP140830-30,btc-updown-15m-1789389000,A,2026-09-14T12:30:00+00:00,2026-09-14T12:30:00Z,0.461,0.461,1.53,2026-09-14T12:30:21.023584+00:00,up,down,0.0,-0.461,2026-09-14T12:47:38.968713+00:00
BTC,KXBTC15M-26SEP140845-45,btc-updown-15m-1789389000,A,2026-09-14T12:30:00+00:00,2026-09-14T12:45:00Z,0.75,0.75,1.25,2026-09-14T12:35:43.075134+00:00,down,down,1.0,0.25,2026-09-14T12:47:38.968713+00:00
ETH,KXETH15M-26SEP140845-45,eth-updown-15m-1789389000,A,2026-09-14T12:30:00+00:00,2026-09-14T12:45:00Z,0.78,0.78,1.22,2026-09-14T12:34:35.786459+00:00,down,down,1.0,0.22,2026-09-14T12:49:13.129666+00:00
BTC,KXBTC15M-26SEP140915-15,btc-updown-15m-1789390800,B,2026-09-14T13:00:00+00:00,2026-09-14T13:15:00Z,0.74,1.26,0.74,2026-09-14T13:03:34.289302+00:00,up,up,1.0,0.26,2026-09-14T13:19:23.364917+00:00
ETH,KXETH15M-26SEP140915-15,eth-updown-15m-1789391700,B,2026-09-14T13:15:00+00:00,2026-09-14T13:15:00Z,0.371,1.62,0.371,2026-09-14T13:15:21.149846+00:00,down,up,0.0,-0.371,2026-09-14T13:33:24.663228+00:00
ETH,KXETH15M-26SEP140945-45,eth-updown-15m-1789392600,A,2026-09-14T13:30:00+00:00,2026-09-14T13:45:00Z,0.796,0.796,1.196,2026-09-14T13:36:01.313608+00:00,up,up,1.0,0.204,2026-09-14T13:48:42.269981+00:00
ETH,KXETH15M-26SEP141000-00,eth-updown-15m-1789393500,A,2026-09-14T13:45:00+00:00,2026-09-14T14:00:00Z,0.79,0.79,1.2,2026-09-14T13:51:55.923824+00:00,down,down,1.0,0.21,2026-09-14T14:05:28.932691+00:00
BTC,KXBTC15M-26SEP141015-15,btc-updown-15m-1789395300,A,2026-09-14T14:15:00+00:00,2026-09-14T14:15:00Z,0.511,0.511,1.48,2026-09-14T14:15:21.405680+00:00,up,down,0.0,-0.511,2026-09-14T14:35:03.340209+00:00
BTC,KXBTC15M-26SEP141030-30,btc-updown-15m-1789395300,A,2026-09-14T14:15:00+00:00,2026-09-14T14:30:00Z,0.78,0.78,1.22,2026-09-14T14:21:17.496013+00:00,down,down,1.0,0.22,2026-09-14T14:35:03.340209+00:00
ETH,KXETH15M-26SEP141015-15,eth-updown-15m-1789395300,A,2026-09-14T14:15:00+00:00,2026-09-14T14:15:00Z,0.521,0.521,1.47,2026-09-14T14:15:21.405680+00:00,up,down,0.0,-0.521,2026-09-14T14:36:40.171549+00:00
ETH,KXETH15M-26SEP141030-30,eth-updown-15m-1789395300,A,2026-09-14T14:15:00+00:00,2026-09-14T14:30:00Z,0.79,0.79,1.22,2026-09-14T14:21:23.640841+00:00,down,down,1.0,0.21,2026-09-14T14:36:40.171549+00:00
BTC,KXBTC15M-26SEP141045-45,btc-updown-15m-1789396200,B,2026-09-14T14:30:00+00:00,2026-09-14T14:45:00Z,0.78,1.23,0.78,2026-09-14T14:40:51.958689+00:00,down,down,1.0,0.22,2026-09-14T14:50:01.328521+00:00
ETH,KXETH15M-26SEP141045-45,eth-updown-15m-1789397100,B,2026-09-14T14:45:00+00:00,2026-09-14T14:45:00Z,0.281,1.71,0.281,2026-09-14T14:45:19.392696+00:00,down,up,0.0,-0.281,2026-09-14T15:03:02.164562+00:00
BTC,KXBTC15M-26SEP141115-15,btc-updown-15m-1789398000,B,2026-09-14T15:00:00+00:00,2026-09-14T15:15:00Z,0.78,1.22,0.78,2026-09-14T15:06:25.742950+00:00,down,down,1.0,0.22,2026-09-14T15:20:39.661504+00:00
ETH,KXETH15M-26SEP141100-00,eth-updown-15m-1789398000,A,2026-09-14T15:00:00+00:00,2026-09-14T15:00:00Z,0.371,0.371,1.62,2026-09-14T15:00:24.539998+00:00,up,up,1.0,0.629,2026-09-14T15:22:04.339283+00:00
ETH,KXETH15M-26SEP141115-15,eth-updown-15m-1789398000,B,2026-09-14T15:00:00+00:00,2026-09-14T15:15:00Z,0.76,1.23,0.76,2026-09-14T15:05:47.424489+00:00,up,up,1.0,0.24,2026-09-14T15:22:04.339283+00:00
ETH,KXETH15M-26SEP141130-30,eth-updown-15m-1789398900,B,2026-09-14T15:15:00+00:00,2026-09-14T15:30:00Z,0.79,1.16,0.79,2026-09-14T15:24:52.463242+00:00,down,down,1.0,0.21,2026-09-14T15:34:11.984528+00:00
BTC,KXBTC15M-26SEP141130-30,btc-updown-15m-1789398900,A,2026-09-14T15:15:00+00:00,2026-09-14T15:30:00Z,0.77,0.77,1.23,2026-09-14T15:26:53.222694+00:00,down,down,1.0,0.23,2026-09-14T15:36:30.169478+00:00
BTC,KXBTC15M-26SEP141145-45,btc-updown-15m-1789399800,A,2026-09-14T15:30:00+00:00,2026-09-14T15:45:00Z,0.78,0.78,1.23,2026-09-14T15:36:29.900516+00:00,up,up,1.0,0.22,2026-09-14T15:47:34.782387+00:00
ETH,KXETH15M-26SEP141145-45,eth-updown-15m-1789399800,B,2026-09-14T15:30:00+00:00,2026-09-14T15:45:00Z,0.76,1.25,0.76,2026-09-14T15:32:45.962550+00:00,up,up,1.0,0.24,2026-09-14T15:48:45.863642+00:00
BTC,KXBTC15M-26SEP141200-00,btc-updown-15m-1789400700,B,2026-09-14T15:45:00+00:00,2026-09-14T16:00:00Z,0.79,1.21,0.79,2026-09-14T15:55:44.336730+00:00,up,down,2.0,1.21,2026-09-14T16:03:45.925532+00:00
ETH,KXETH15M-26SEP141230-30,eth-updown-15m-1789402500,B,2026-09-14T16:15:00+00:00,2026-09-14T16:30:00Z,0.78,1.22,0.78,2026-09-14T16:15:48.422706+00:00,up,up,1.0,0.22,2026-09-14T16:36:47.147728+00:00
BTC,KXBTC15M-26SEP141230-30,btc-updown-15m-1789403400,A,2026-09-14T16:30:00+00:00,2026-09-14T16:30:00Z,0.461,0.461,1.52,2026-09-14T16:30:20.882588+00:00,up,down,0.0,-0.461,2026-09-14T16:48:39.725806+00:00
ETH,KXETH15M-26SEP141245-45,eth-updown-15m-1789403400,B,2026-09-14T16:30:00+00:00,2026-09-14T16:45:00Z,0.74,1.26,0.74,2026-09-14T16:39:38.410027+00:00,up,up,1.0,0.26,2026-09-14T16:49:21.247347+00:00
BTC,KXBTC15M-26SEP141315-15,btc-updown-15m-1789405200,B,2026-09-14T17:00:00+00:00,2026-09-14T17:15:00Z,0.79,1.21,0.79,2026-09-14T17:06:49.681614+00:00,up,up,1.0,0.21,2026-09-14T17:20:45.590839+00:00
ETH,KXETH15M-26SEP141315-15,eth-updown-15m-1789405200,A,2026-09-14T17:00:00+00:00,2026-09-14T17:15:00Z,0.77,0.77,1.23,2026-09-14T17:07:06.525206+00:00,up,up,1.0,0.23,2026-09-14T17:21:32.506944+00:00
ETH,KXETH15M-26SEP141330-30,eth-updown-15m-1789406100,B,2026-09-14T17:15:00+00:00,2026-09-14T17:30:00Z,0.77,1.22,0.77,2026-09-14T17:20:34.517877+00:00,down,down,1.0,0.23,2026-09-14T17:32:42.378893+00:00
BTC,KXBTC15M-26SEP141330-30,btc-updown-15m-1789406100,A,2026-09-14T17:15:00+00:00,2026-09-14T17:30:00Z,0.75,0.75,1.25,2026-09-14T17:18:35.116821+00:00,up,up,1.0,0.25,2026-09-14T17:36:01.694429+00:00
BTC,KXBTC15M-26SEP141345-45,btc-updown-15m-1789407900,B,2026-09-14T17:45:00+00:00,2026-09-14T17:45:00Z,0.491,1.5,0.491,2026-09-14T17:45:19.732342+00:00,down,up,0.0,-0.491,2026-09-14T18:07:16.060408+00:00
ETH,KXETH15M-26SEP141400-00,eth-updown-15m-1789408800,A,2026-09-14T18:00:00+00:00,2026-09-14T18:00:00Z,0.521,0.521,1.47,2026-09-14T18:00:21.408938+00:00,up,down,0.0,-0.521,2026-09-14T18:17:49.339865+00:00
ETH,KXETH15M-26SEP141415-15,eth-updown-15m-1789408800,A,2026-09-14T18:00:00+00:00,2026-09-14T18:15:00Z,0.78,0.78,1.22,2026-09-14T18:00:55.250269+00:00,down,down,1.0,0.22,2026-09-14T18:17:49.339865+00:00
BTC,KXBTC15M-26SEP141415-15,btc-updown-15m-1789408800,A,2026-09-14T18:00:00+00:00,2026-09-14T18:15:00Z,0.79,0.79,1.21,2026-09-14T18:10:37.279975+00:00,down,down,1.0,0.21,2026-09-14T18:17:49.339865+00:00
BTC,KXBTC15M-26SEP141430-30,btc-updown-15m-1789409700,B,2026-09-14T18:15:00+00:00,2026-09-14T18:30:00Z,0.77,1.22,0.77,2026-09-14T18:18:53.205301+00:00,up,up,1.0,0.23,2026-09-14T18:33:26.013566+00:00
ETH,KXETH15M-26SEP141430-30,eth-updown-15m-1789409700,B,2026-09-14T18:15:00+00:00,2026-09-14T18:30:00Z,0.79,1.2,0.79,2026-09-14T18:19:04.623548+00:00,up,up,1.0,0.21,2026-09-14T18:35:22.074913+00:00
BTC,KXBTC15M-26SEP141445-45,btc-updown-15m-1789410600,A,2026-09-14T18:30:00+00:00,2026-09-14T18:45:00Z,0.77,0.77,1.23,2026-09-14T18:36:54.996408+00:00,up,up,1.0,0.23,2026-09-14T18:49:09.731732+00:00
ETH,KXETH15M-26SEP141445-45,eth-updown-15m-1789410600,A,2026-09-14T18:30:00+00:00,2026-09-14T18:45:00Z,0.79,0.79,1.2,2026-09-14T18:40:36.892390+00:00,up,up,1.0,0.21,2026-09-14T18:51:49.501763+00:00
ETH,KXETH15M-26SEP141500-00,eth-updown-15m-1789411500,A,2026-09-14T18:45:00+00:00,2026-09-14T19:00:00Z,0.78,0.78,1.22,2026-09-14T18:51:20.584246+00:00,down,down,1.0,0.22,2026-09-14T19:03:12.227096+00:00
BTC,KXBTC15M-26SEP141500-00,btc-updown-15m-1789411500,A,2026-09-14T18:45:00+00:00,2026-09-14T19:00:00Z,0.79,0.79,1.21,2026-09-14T18:54:29.721257+00:00,up,up,1.0,0.21,2026-09-14T19:04:59.393095+00:00
ETH,KXETH15M-26SEP141515-15,eth-updown-15m-1789412400,B,2026-09-14T19:00:00+00:00,2026-09-14T19:15:00Z,0.77,1.24,0.77,2026-09-14T19:07:23.970712+00:00,up,up,1.0,0.23,2026-09-14T19:20:43.355254+00:00
BTC,KXBTC15M-26SEP141515-15,btc-updown-15m-1789413300,B,2026-09-14T19:15:00+00:00,2026-09-14T19:15:00Z,0.441,1.55,0.441,2026-09-14T19:15:22.740893+00:00,down,up,0.0,-0.441,2026-09-14T19:33:13.120239+00:00
ETH,KXETH15M-26SEP141530-30,eth-updown-15m-1789414200,A,2026-09-14T19:30:00+00:00,2026-09-14T19:30:00Z,0.371,0.371,1.62,2026-09-14T19:30:18.945063+00:00,up,down,0.0,-0.371,2026-09-14T19:50:54.297982+00:00
ETH,KXETH15M-26SEP141600-00,eth-updown-15m-1789416000,B,2026-09-14T20:00:00+00:00,2026-09-14T20:00:00Z,0.481,1.51,0.481,2026-09-14T20:00:21.973231+00:00,down,up,0.0,-0.481,2026-09-14T20:21:27.512002+00:00
BTC,KXBTC15M-26SEP141645-45,btc-updown-15m-1789417800,A,2026-09-14T20:30:00+00:00,2026-09-14T20:45:00Z,0.79,0.79,1.21,2026-09-14T20:42:53.272958+00:00,down,down,1.0,0.21,2026-09-14T20:50:40.711191+00:00
ETH,KXETH15M-26SEP141645-45,eth-updown-15m-1789418700,B,2026-09-14T20:45:00+00:00,2026-09-14T20:45:00Z,0.561,1.43,0.561,2026-09-14T20:45:19.284469+00:00,down,down,1.0,0.439,2026-09-14T21:03:32.867578+00:00
BTC,KXBTC15M-26SEP141730-30,btc-updown-15m-1789420500,A,2026-09-14T21:15:00+00:00,2026-09-14T21:30:00Z,0.764,0.764,1.228,2026-09-14T21:25:27.980472+00:00,up,up,1.0,0.236,2026-09-14T21:34:09.475329+00:00
ETH,KXETH15M-26SEP141730-30,eth-updown-15m-1789420500,B,2026-09-14T21:15:00+00:00,2026-09-14T21:30:00Z,0.71,1.29,0.71,2026-09-14T21:19:01.837509+00:00,up,up,1.0,0.29,2026-09-14T21:36:32.031188+00:00
BTC,KXBTC15M-26SEP141745-45,btc-updown-15m-1789421400,A,2026-09-14T21:30:00+00:00,2026-09-14T21:45:00Z,0.78,0.78,1.22,2026-09-14T21:36:14.290665+00:00,down,down,1.0,0.22,2026-09-14T21:50:33.771791+00:00
ETH,KXETH15M-26SEP141745-45,eth-updown-15m-1789422300,B,2026-09-14T21:45:00+00:00,2026-09-14T21:45:00Z,0.461,1.53,0.461,2026-09-14T21:45:13.553489+00:00,down,down,1.0,0.539,2026-09-14T22:05:04.250329+00:00
ETH,KXETH15M-26SEP141800-00,eth-updown-15m-1789422300,B,2026-09-14T21:45:00+00:00,2026-09-14T22:00:00Z,0.78,1.22,0.78,2026-09-14T21:54:47.863258+00:00,down,down,1.0,0.22,2026-09-14T22:05:04.250329+00:00
ETH,KXETH15M-26SEP141815-15,eth-updown-15m-1789423200,A,2026-09-14T22:00:00+00:00,2026-09-14T22:15:00Z,0.79,0.79,1.21,2026-09-14T22:07:44.381187+00:00,up,up,1.0,0.21,2026-09-14T22:18:22.682734+00:00
BTC,KXBTC15M-26SEP141815-15,btc-updown-15m-1789423200,B,2026-09-14T22:00:00+00:00,2026-09-14T22:15:00Z,0.72,1.26,0.72,2026-09-14T22:08:38.128038+00:00,up,up,1.0,0.28,2026-09-14T22:18:51.312482+00:00
ETH,KXETH15M-26SEP141830-30,eth-updown-15m-1789425000,B,2026-09-14T22:30:00+00:00,2026-09-14T22:30:00Z,0.381,1.61,0.381,2026-09-14T22:30:18.197648+00:00,down,down,1.0,0.619,2026-09-14T22:47:02.506401+00:00
BTC,KXBTC15M-26SEP141830-30,btc-updown-15m-1789425000,B,2026-09-14T22:30:00+00:00,2026-09-14T22:30:00Z,0.361,1.63,0.361,2026-09-14T22:30:18.197648+00:00,down,up,0.0,-0.361,2026-09-14T22:49:03.529632+00:00
BTC,KXBTC15M-26SEP141845-45,btc-updown-15m-1789425900,A,2026-09-14T22:45:00+00:00,2026-09-14T22:45:00Z,0.471,0.471,1.52,2026-09-14T22:45:19.970281+00:00,up,down,0.0,-0.471,2026-09-14T23:05:01.293778+00:00
ETH,KXETH15M-26SEP141845-45,eth-updown-15m-1789425900,B,2026-09-14T22:45:00+00:00,2026-09-14T22:45:00Z,0.551,1.44,0.551,2026-09-14T22:45:19.970281+00:00,down,down,1.0,0.449,2026-09-14T23:07:39.259517+00:00
BTC,KXBTC15M-26SEP141900-00,btc-updown-15m-1789426800,B,2026-09-14T23:00:00+00:00,2026-09-14T23:00:00Z,0.401,1.59,0.401,2026-09-14T23:00:21.424589+00:00,down,down,1.0,0.599,2026-09-14T23:22:27.075505+00:00
ETH,KXETH15M-26SEP141915-15,eth-updown-15m-1789427700,B,2026-09-14T23:15:00+00:00,2026-09-14T23:15:00Z,0.401,1.59,0.401,2026-09-14T23:15:18.573306+00:00,down,down,1.0,0.599,2026-09-14T23:35:48.006495+00:00
ETH,KXETH15M-26SEP141930-30,eth-updown-15m-1789427700,A,2026-09-14T23:15:00+00:00,2026-09-14T23:30:00Z,0.65,0.65,1.35,2026-09-14T23:27:26.013097+00:00,up,down,0.0,-0.65,2026-09-14T23:35:48.006495+00:00
BTC,KXBTC15M-26SEP141930-30,btc-updown-15m-1789427700,A,2026-09-14T23:15:00+00:00,2026-09-14T23:30:00Z,0.75,0.75,1.24,2026-09-14T23:27:26.013097+00:00,down,down,1.0,0.25,2026-09-14T23:36:23.938400+00:00
BTC,KXBTC15M-26SEP142000-00,btc-updown-15m-1789430400,B,2026-09-15T00:00:00+00:00,2026-09-15T00:00:00Z,0.471,1.52,0.471,2026-09-15T00:00:22.001296+00:00,down,down,1.0,0.529,2026-09-15T00:20:38.461954+00:00
BTC,KXBTC15M-26SEP142015-15,btc-updown-15m-1789430400,A,2026-09-15T00:00:00+00:00,2026-09-15T00:15:00Z,0.67,0.67,1.33,2026-09-15T00:10:28.400206+00:00,down,down,1.0,0.33,2026-09-15T00:20:38.461954+00:00
ETH,KXETH15M-26SEP142015-15,eth-updown-15m-1789430400,B,2026-09-15T00:00:00+00:00,2026-09-15T00:15:00Z,0.73,1.28,0.73,2026-09-15T00:09:26.755489+00:00,down,down,1.0,0.27,2026-09-15T00:20:56.465760+00:00
ETH,KXETH15M-26SEP142030-30,eth-updown-15m-1789431300,B,2026-09-15T00:15:00+00:00,2026-09-15T00:30:00Z,0.79,1.24,0.79,2026-09-15T00:23:04.764948+00:00,down,down,1.0,0.21,2026-09-15T00:35:00.707986+00:00
BTC,KXBTC15M-26SEP142030-30,btc-updown-15m-1789432200,B,2026-09-15T00:30:00+00:00,2026-09-15T00:30:00Z,0.361,1.63,0.361,2026-09-15T00:30:20.198210+00:00,down,down,1.0,0.639,2026-09-15T00:48:22.336029+00:00
BTC,KXBTC15M-26SEP142045-45,btc-updown-15m-1789432200,A,2026-09-15T00:30:00+00:00,2026-09-15T00:45:00Z,0.68,0.68,1.32,2026-09-15T00:36:24.140314+00:00,down,down,1.0,0.32,2026-09-15T00:48:22.336029+00:00
ETH,KXETH15M-26SEP142045-45,eth-updown-15m-1789432200,A,2026-09-15T00:30:00+00:00,2026-09-15T00:45:00Z,0.778,0.778,1.213,2026-09-15T00:36:24.140314+00:00,up,up,1.0,0.222,2026-09-15T00:50:34.737444+00:00
BTC,KXBTC15M-26SEP142100-00,btc-updown-15m-1789433100,A,2026-09-15T00:45:00+00:00,2026-09-15T01:00:00Z,0.78,0.78,1.22,2026-09-15T00:56:49.887647+00:00,down,down,1.0,0.22,2026-09-15T01:05:03.333200+00:00
ETH,KXETH15M-26SEP142100-00,eth-updown-15m-1789433100,B,2026-09-15T00:45:00+00:00,2026-09-15T01:00:00Z,0.79,1.21,0.79,2026-09-15T00:49:09.463928+00:00,up,up,1.0,0.21,2026-09-15T01:05:32.273041+00:00
BTC,KXBTC15M-26SEP142115-15,btc-updown-15m-1789434900,B,2026-09-15T01:15:00+00:00,2026-09-15T01:15:00Z,0.551,1.44,0.551,2026-09-15T01:15:20.772404+00:00,down,up,0.0,-0.551,2026-09-15T01:35:26.516935+00:00
BTC,KXBTC15M-26SEP142130-30,btc-updown-15m-1789434900,A,2026-09-15T01:15:00+00:00,2026-09-15T01:30:00Z,0.784,0.784,1.215,2026-09-15T01:27:37.436570+00:00,up,up,1.0,0.216,2026-09-15T01:35:26.516935+00:00
ETH,KXETH15M-26SEP142130-30,eth-updown-15m-1789434900,A,2026-09-15T01:15:00+00:00,2026-09-15T01:30:00Z,0.57,0.57,1.39,2026-09-15T01:28:16.819983+00:00,down,down,1.0,0.43,2026-09-15T01:36:11.468517+00:00
ETH,KXETH15M-26SEP142145-45,eth-updown-15m-1789435800,B,2026-09-15T01:30:00+00:00,2026-09-15T01:45:00Z,0.78,1.23,0.78,2026-09-15T01:31:40.137292+00:00,up,up,1.0,0.22,2026-09-15T01:51:37.537343+00:00
ETH,KXETH15M-26SEP142200-00,eth-updown-15m-1789436700,A,2026-09-15T01:45:00+00:00,2026-09-15T02:00:00Z,0.79,0.79,1.2,2026-09-15T01:52:00.492854+00:00,down,down,1.0,0.21,2026-09-15T02:02:18.202196+00:00
BTC,KXBTC15M-26SEP142145-45,btc-updown-15m-1789436700,A,2026-09-15T01:45:00+00:00,2026-09-15T01:45:00Z,0.341,0.341,1.65,2026-09-15T01:45:17.784414+00:00,up,down,0.0,-0.341,2026-09-15T02:05:24.871150+00:00
BTC,KXBTC15M-26SEP142200-00,btc-updown-15m-1789436700,A,2026-09-15T01:45:00+00:00,2026-09-15T02:00:00Z,0.76,0.76,1.25,2026-09-15T01:57:25.096190+00:00,down,down,1.0,0.24,2026-09-15T02:05:24.871150+00:00
ETH,KXETH15M-26SEP142215-15,eth-updown-15m-1789437600,A,2026-09-15T02:00:00+00:00,2026-09-15T02:15:00Z,0.79,0.79,1.21,2026-09-15T02:07:32.684633+00:00,up,up,1.0,0.21,2026-09-15T02:22:28.594557+00:00
ETH,KXETH15M-26SEP142230-30,eth-updown-15m-1789438500,B,2026-09-15T02:15:00+00:00,2026-09-15T02:30:00Z,0.72,1.28,0.72,2026-09-15T02:25:44.217495+00:00,down,down,1.0,0.28,2026-09-15T02:32:38.777145+00:00
BTC,KXBTC15M-26SEP142230-30,btc-updown-15m-1789438500,B,2026-09-15T02:15:00+00:00,2026-09-15T02:30:00Z,0.79,1.21,0.79,2026-09-15T02:25:55.508612+00:00,down,down,1.0,0.21,2026-09-15T02:33:17.612113+00:00
ETH,KXETH15M-26SEP142245-45,eth-updown-15m-1789440300,B,2026-09-15T02:45:00+00:00,2026-09-15T02:45:00Z,0.481,1.51,0.481,2026-09-15T02:45:18.317801+00:00,down,down,1.0,0.519,2026-09-15T03:04:53.440910+00:00
ETH,KXETH15M-26SEP142300-00,eth-updown-15m-1789440300,B,2026-09-15T02:45:00+00:00,2026-09-15T03:00:00Z,0.79,1.21,0.79,2026-09-15T02:53:19.789500+00:00,down,down,1.0,0.21,2026-09-15T03:04:53.440910+00:00
BTC,KXBTC15M-26SEP142245-45,btc-updown-15m-1789440300,B,2026-09-15T02:45:00+00:00,2026-09-15T02:45:00Z,0.531,1.46,0.531,2026-09-15T02:45:18.317801+00:00,down,up,0.0,-0.531,2026-09-15T03:04:59.253122+00:00
BTC,KXBTC15M-26SEP142300-00,btc-updown-15m-1789440300,B,2026-09-15T02:45:00+00:00,2026-09-15T03:00:00Z,0.7,1.3,0.7,2026-09-15T02:55:43.824441+00:00,up,up,1.0,0.3,2026-09-15T03:04:59.253122+00:00
ETH,KXETH15M-26SEP142315-15,eth-updown-15m-1789442100,B,2026-09-15T03:15:00+00:00,2026-09-15T03:15:00Z,0.531,1.46,0.531,2026-09-15T03:15:19.905198+00:00,down,up,0.0,-0.531,2026-09-15T03:33:13.889418+00:00
ETH,KXETH15M-26SEP142330-30,eth-updown-15m-1789442100,B,2026-09-15T03:15:00+00:00,2026-09-15T03:30:00Z,0.79,1.21,0.79,2026-09-15T03:17:19.625767+00:00,up,up,1.0,0.21,2026-09-15T03:33:13.889418+00:00
BTC,KXBTC15M-26SEP142315-15,btc-updown-15m-1789442100,B,2026-09-15T03:15:00+00:00,2026-09-15T03:15:00Z,0.461,1.53,0.461,2026-09-15T03:15:19.905198+00:00,down,up,0.0,-0.461,2026-09-15T03:35:36.893064+00:00
BTC,KXBTC15M-26SEP142345-45,btc-updown-15m-1789443000,A,2026-09-15T03:30:00+00:00,2026-09-15T03:45:00Z,0.74,0.74,1.26,2026-09-15T03:39:54.033043+00:00,down,down,1.0,0.26,2026-09-15T03:51:19.053513+00:00
ETH,KXETH15M-26SEP150015-15,eth-updown-15m-1789444800,B,2026-09-15T04:00:00+00:00,2026-09-15T04:15:00Z,0.77,1.24,0.77,2026-09-15T04:00:38.880008+00:00,up,up,1.0,0.23,2026-09-15T04:17:36.326191+00:00
BTC,KXBTC15M-26SEP150000-00,btc-updown-15m-1789444800,B,2026-09-15T04:00:00+00:00,2026-09-15T04:00:00Z,0.401,1.59,0.401,2026-09-15T04:00:22.139954+00:00,down,down,1.0,0.599,2026-09-15T04:21:37.874329+00:00
BTC,KXBTC15M-26SEP150015-15,btc-updown-15m-1789444800,B,2026-09-15T04:00:00+00:00,2026-09-15T04:15:00Z,0.79,1.21,0.79,2026-09-15T04:11:13.232798+00:00,down,down,1.0,0.21,2026-09-15T04:21:37.874329+00:00
ETH,KXETH15M-26SEP150030-30,eth-updown-15m-1789445700,A,2026-09-15T04:15:00+00:00,2026-09-15T04:30:00Z,0.75,0.75,1.25,2026-09-15T04:22:22.365374+00:00,down,down,1.0,0.25,2026-09-15T04:35:29.119702+00:00
BTC,KXBTC15M-26SEP150030-30,btc-updown-15m-1789445700,A,2026-09-15T04:15:00+00:00,2026-09-15T04:30:00Z,0.78,0.78,1.22,2026-09-15T04:23:48.290544+00:00,down,down,1.0,0.22,2026-09-15T04:36:57.839035+00:00
BTC,KXBTC15M-26SEP150045-45,btc-updown-15m-1789446600,A,2026-09-15T04:30:00+00:00,2026-09-15T04:45:00Z,0.78,0.78,1.19,2026-09-15T04:39:33.760975+00:00,up,up,1.0,0.22,2026-09-15T04:47:48.791883+00:00
ETH,KXETH15M-26SEP150045-45,eth-updown-15m-1789446600,B,2026-09-15T04:30:00+00:00,2026-09-15T04:45:00Z,0.73,1.28,0.73,2026-09-15T04:42:40.562904+00:00,up,down,2.0,1.27,2026-09-15T04:51:22.606187+00:00
BTC,KXBTC15M-26SEP150115-15,btc-updown-15m-1789448400,A,2026-09-15T05:00:00+00:00,2026-09-15T05:15:00Z,0.58,0.58,1.41,2026-09-15T05:10:01.362176+00:00,down,down,1.0,0.42,2026-09-15T05:17:52.610130+00:00
ETH,KXETH15M-26SEP150115-15,eth-updown-15m-1789448400,A,2026-09-15T05:00:00+00:00,2026-09-15T05:15:00Z,0.77,0.77,1.23,2026-09-15T05:10:01.362176+00:00,down,down,1.0,0.23,2026-09-15T05:19:33.834113+00:00
BTC,KXBTC15M-26SEP150130-30,btc-updown-15m-1789449300,B,2026-09-15T05:15:00+00:00,2026-09-15T05:30:00Z,0.77,1.23,0.77,2026-09-15T05:27:03.988255+00:00,up,up,1.0,0.23,2026-09-15T05:34:17.052930+00:00
ETH,KXETH15M-26SEP150145-45,eth-updown-15m-1789450200,B,2026-09-15T05:30:00+00:00,2026-09-15T05:45:00Z,0.63,1.32,0.63,2026-09-15T05:40:32.079457+00:00,up,up,1.0,0.37,2026-09-15T05:48:16.445663+00:00
BTC,KXBTC15M-26SEP150145-45,btc-updown-15m-1789450200,A,2026-09-15T05:30:00+00:00,2026-09-15T05:45:00Z,0.78,0.78,1.22,2026-09-15T05:38:03.628407+00:00,up,up,1.0,0.22,2026-09-15T05:51:00.096826+00:00
BTC,KXBTC15M-26SEP150215-15,btc-updown-15m-1789452000,A,2026-09-15T06:00:00+00:00,2026-09-15T06:15:00Z,0.78,0.78,1.22,2026-09-15T06:11:27.064428+00:00,down,down,1.0,0.22,2026-09-15T06:20:41.096435+00:00
ETH,KXETH15M-26SEP150215-15,eth-updown-15m-1789452000,A,2026-09-15T06:00:00+00:00,2026-09-15T06:15:00Z,0.76,0.76,1.27,2026-09-15T06:12:46.298792+00:00,up,down,0.0,-0.76,2026-09-15T06:22:25.543609+00:00
BTC,KXBTC15M-26SEP150230-30,btc-updown-15m-1789453800,B,2026-09-15T06:30:00+00:00,2026-09-15T06:30:00Z,0.451,1.54,0.451,2026-09-15T06:30:18.990344+00:00,down,up,0.0,-0.451,2026-09-15T06:47:06.512599+00:00
BTC,KXBTC15M-26SEP150245-45,btc-updown-15m-1789453800,A,2026-09-15T06:30:00+00:00,2026-09-15T06:45:00Z,0.76,0.76,1.24,2026-09-15T06:39:16.337765+00:00,up,up,1.0,0.24,2026-09-15T06:47:06.512599+00:00
ETH,KXETH15M-26SEP150230-30,eth-updown-15m-1789453800,B,2026-09-15T06:30:00+00:00,2026-09-15T06:30:00Z,0.491,1.5,0.491,2026-09-15T06:30:18.990344+00:00,down,down,1.0,0.509,2026-09-15T06:49:47.974208+00:00
ETH,KXETH15M-26SEP150245-45,eth-updown-15m-1789453800,A,2026-09-15T06:30:00+00:00,2026-09-15T06:45:00Z,0.67,0.67,1.32,2026-09-15T06:39:16.337765+00:00,down,down,1.0,0.33,2026-09-15T06:49:47.974208+00:00
BTC,KXBTC15M-26SEP150315-15,btc-updown-15m-1789455600,A,2026-09-15T07:00:00+00:00,2026-09-15T07:15:00Z,0.77,0.77,1.23,2026-09-15T07:06:08.788453+00:00,down,down,1.0,0.23,2026-09-15T07:19:43.297715+00:00
ETH,KXETH15M-26SEP150315-15,eth-updown-15m-1789455600,A,2026-09-15T07:00:00+00:00,2026-09-15T07:15:00Z,0.79,0.79,1.19,2026-09-15T07:06:08.788453+00:00,down,down,1.0,0.21,2026-09-15T07:21:08.664759+00:00
ETH,KXETH15M-26SEP150330-30,eth-updown-15m-1789456500,A,2026-09-15T07:15:00+00:00,2026-09-15T07:30:00Z,0.68,0.68,1.33,2026-09-15T07:17:01.565780+00:00,up,up,1.0,0.32,2026-09-15T07:33:06.751732+00:00
ETH,KXETH15M-26SEP150345-45,eth-updown-15m-1789458300,B,2026-09-15T07:45:00+00:00,2026-09-15T07:45:00Z,0.391,1.6,0.391,2026-09-15T07:45:22.323445+00:00,down,down,1.0,0.609,2026-09-15T08:07:24.319760+00:00
ETH,KXETH15M-26SEP150400-00,eth-updown-15m-1789458300,A,2026-09-15T07:45:00+00:00,2026-09-15T08:00:00Z,0.78,0.78,1.2,2026-09-15T07:50:53.380686+00:00,down,down,1.0,0.22,2026-09-15T08:07:24.319760+00:00
BTC,KXBTC15M-26SEP150400-00,btc-updown-15m-1789459200,B,2026-09-15T08:00:00+00:00,2026-09-15T08:00:00Z,0.451,1.54,0.451,2026-09-15T08:00:23.815728+00:00,down,down,1.0,0.549,2026-09-15T08:20:57.252743+00:00
BTC,KXBTC15M-26SEP150415-15,btc-updown-15m-1789459200,B,2026-09-15T08:00:00+00:00,2026-09-15T08:15:00Z,0.79,1.21,0.79,2026-09-15T08:03:22.871782+00:00,down,down,1.0,0.21,2026-09-15T08:20:57.252743+00:00
BTC,KXBTC15M-26SEP150430-30,btc-updown-15m-1789460100,B,2026-09-15T08:15:00+00:00,2026-09-15T08:30:00Z,0.78,1.22,0.78,2026-09-15T08:26:38.510173+00:00,up,up,1.0,0.22,2026-09-15T08:35:59.886172+00:00
ETH,KXETH15M-26SEP150430-30,eth-updown-15m-1789460100,A,2026-09-15T08:15:00+00:00,2026-09-15T08:30:00Z,0.76,0.76,1.24,2026-09-15T08:16:17.846950+00:00,up,up,1.0,0.24,2026-09-15T08:36:27.482541+00:00
BTC,KXBTC15M-26SEP150445-45,btc-updown-15m-1789461000,B,2026-09-15T08:30:00+00:00,2026-09-15T08:45:00Z,0.78,1.22,0.78,2026-09-15T08:42:34.574095+00:00,down,down,1.0,0.22,2026-09-15T08:52:15.547238+00:00
BTC,KXBTC15M-26SEP150500-00,btc-updown-15m-1789461900,A,2026-09-15T08:45:00+00:00,2026-09-15T09:00:00Z,0.79,0.79,1.21,2026-09-15T08:49:54.026980+00:00,up,up,1.0,0.21,2026-09-15T09:03:06.995834+00:00
ETH,KXETH15M-26SEP150500-00,eth-updown-15m-1789461900,A,2026-09-15T08:45:00+00:00,2026-09-15T09:00:00Z,0.63,0.63,1.37,2026-09-15T08:49:54.026980+00:00,up,up,1.0,0.37,2026-09-15T09:04:57.129162+00:00
BTC,KXBTC15M-26SEP150515-15,btc-updown-15m-1789462800,B,2026-09-15T09:00:00+00:00,2026-09-15T09:15:00Z,0.77,1.24,0.77,2026-09-15T09:09:41.734970+00:00,down,down,1.0,0.23,2026-09-15T09:18:26.648459+00:00
BTC,KXBTC15M-26SEP150530-30,btc-updown-15m-1789463700,B,2026-09-15T09:15:00+00:00,2026-09-15T09:30:00Z,0.76,1.21,0.76,2026-09-15T09:23:46.768048+00:00,up,up,1.0,0.24,2026-09-15T09:34:38.934269+00:00
ETH,KXETH15M-26SEP150530-30,eth-updown-15m-1789463700,B,2026-09-15T09:15:00+00:00,2026-09-15T09:30:00Z,0.78,1.22,0.78,2026-09-15T09:23:46.768048+00:00,up,up,1.0,0.22,2026-09-15T09:35:16.099064+00:00
ETH,KXETH15M-26SEP150545-45,eth-updown-15m-1789464600,B,2026-09-15T09:30:00+00:00,2026-09-15T09:45:00Z,0.76,1.25,0.76,2026-09-15T09:34:38.442941+00:00,up,up,1.0,0.24,2026-09-15T09:51:07.191443+00:00
ETH,KXETH15M-26SEP150600-00,eth-updown-15m-1789465500,A,2026-09-15T09:45:00+00:00,2026-09-15T10:00:00Z,0.703,0.703,1.288,2026-09-15T09:57:49.911189+00:00,down,down,1.0,0.297,2026-09-15T10:04:29.810686+00:00
BTC,KXBTC15M-26SEP150545-45,btc-updown-15m-1789465500,A,2026-09-15T09:45:00+00:00,2026-09-15T09:45:00Z,0.591,0.591,1.4,2026-09-15T09:45:19.329115+00:00,up,up,1.0,0.409,2026-09-15T10:05:42.247311+00:00
ETH,KXETH15M-26SEP150615-15,eth-updown-15m-1789466400,B,2026-09-15T10:00:00+00:00,2026-09-15T10:15:00Z,0.68,1.32,0.68,2026-09-15T10:03:36.708109+00:00,up,up,1.0,0.32,2026-09-15T10:19:20.821990+00:00
BTC,KXBTC15M-26SEP150615-15,btc-updown-15m-1789466400,B,2026-09-15T10:00:00+00:00,2026-09-15T10:15:00Z,0.75,1.25,0.75,2026-09-15T10:03:36.708109+00:00,up,up,1.0,0.25,2026-09-15T10:20:55.335713+00:00
ETH,KXETH15M-26SEP150630-30,eth-updown-15m-1789467300,A,2026-09-15T10:15:00+00:00,2026-09-15T10:30:00Z,0.77,0.77,1.22,2026-09-15T10:27:58.312243+00:00,down,down,1.0,0.23,2026-09-15T10:33:19.311521+00:00
BTC,KXBTC15M-26SEP150630-30,btc-updown-15m-1789467300,A,2026-09-15T10:15:00+00:00,2026-09-15T10:30:00Z,0.76,0.76,1.18,2026-09-15T10:27:46.886191+00:00,down,down,1.0,0.24,2026-09-15T10:35:35.517425+00:00
BTC,KXBTC15M-26SEP150645-45,btc-updown-15m-1789469100,A,2026-09-15T10:45:00+00:00,2026-09-15T10:45:00Z,0.581,0.581,1.41,2026-09-15T10:45:18.946713+00:00,up,up,1.0,0.419,2026-09-15T11:03:06.534187+00:00
BTC,KXBTC15M-26SEP150700-00,btc-updown-15m-1789469100,A,2026-09-15T10:45:00+00:00,2026-09-15T11:00:00Z,0.772,0.772,1.219,2026-09-15T10:52:57.883738+00:00,up,up,1.0,0.228,2026-09-15T11:03:06.534187+00:00
ETH,KXETH15M-26SEP150645-45,eth-updown-15m-1789469100,A,2026-09-15T10:45:00+00:00,2026-09-15T10:45:00Z,0.571,0.571,1.42,2026-09-15T10:45:18.946713+00:00,up,up,1.0,0.429,2026-09-15T11:04:55.649161+00:00
BTC,KXBTC15M-26SEP150715-15,btc-updown-15m-1789470000,A,2026-09-15T11:00:00+00:00,2026-09-15T11:15:00Z,0.641,0.641,1.359,2026-09-15T11:12:48.468133+00:00,down,down,1.0,0.359,2026-09-15T11:18:39.693174+00:00
ETH,KXETH15M-26SEP150715-15,eth-updown-15m-1789470000,A,2026-09-15T11:00:00+00:00,2026-09-15T11:15:00Z,0.596,0.596,1.349,2026-09-15T11:12:48.468133+00:00,down,down,1.0,0.404,2026-09-15T11:20:02.133944+00:00
BTC,KXBTC15M-26SEP150730-30,btc-updown-15m-1789471800,B,2026-09-15T11:30:00+00:00,2026-09-15T11:30:00Z,0.511,1.48,0.511,2026-09-15T11:30:19.185123+00:00,down,down,1.0,0.489,2026-09-15T11:49:50.779336+00:00
ETH,KXETH15M-26SEP150745-45,eth-updown-15m-1789472700,B,2026-09-15T11:45:00+00:00,2026-09-15T11:45:00Z,0.464,1.53,0.464,2026-09-15T11:45:19.965884+00:00,down,up,0.0,-0.464,2026-09-15T12:03:34.441725+00:00
ETH,KXETH15M-26SEP150800-00,eth-updown-15m-1789472700,B,2026-09-15T11:45:00+00:00,2026-09-15T12:00:00Z,0.77,1.24,0.77,2026-09-15T11:51:58.630389+00:00,up,up,1.0,0.23,2026-09-15T12:03:34.441725+00:00
BTC,KXBTC15M-26SEP150800-00,btc-updown-15m-1789472700,B,2026-09-15T11:45:00+00:00,2026-09-15T12:00:00Z,0.76,1.25,0.76,2026-09-15T11:57:35.441750+00:00,up,up,1.0,0.24,2026-09-15T12:05:03.483895+00:00
ETH,KXETH15M-26SEP150815-15,eth-updown-15m-1789473600,B,2026-09-15T12:00:00+00:00,2026-09-15T12:15:00Z,0.73,1.27,0.73,2026-09-15T12:04:27.527012+00:00,up,up,1.0,0.27,2026-09-15T12:19:09.742973+00:00
BTC,KXBTC15M-26SEP150815-15,btc-updown-15m-1789473600,A,2026-09-15T12:00:00+00:00,2026-09-15T12:15:00Z,0.79,0.79,1.21,2026-09-15T12:01:40.338215+00:00,down,down,1.0,0.21,2026-09-15T12:20:15.081530+00:00
ETH,KXETH15M-26SEP150830-30,eth-updown-15m-1789474500,B,2026-09-15T12:15:00+00:00,2026-09-15T12:30:00Z,0.79,1.2,0.79,2026-09-15T12:27:26.688613+00:00,down,down,1.0,0.21,2026-09-15T12:35:56.333351+00:00
BTC,KXBTC15M-26SEP150830-30,btc-updown-15m-1789474500,A,2026-09-15T12:15:00+00:00,2026-09-15T12:30:00Z,0.72,0.72,1.271,2026-09-15T12:27:54.504830+00:00,down,down,1.0,0.28,2026-09-15T12:36:17.548806+00:00
ETH,KXETH15M-26SEP150845-45,eth-updown-15m-1789475400,B,2026-09-15T12:30:00+00:00,2026-09-15T12:45:00Z,0.77,1.23,0.77,2026-09-15T12:33:42.441704+00:00,down,down,1.0,0.23,2026-09-15T12:50:27.096686+00:00
BTC,KXBTC15M-26SEP150900-00,btc-updown-15m-1789476300,B,2026-09-15T12:45:00+00:00,2026-09-15T13:00:00Z,0.78,1.22,0.78,2026-09-15T12:49:08.262632+00:00,up,down,2.0,1.22,2026-09-15T13:02:50.979861+00:00
ETH,KXETH15M-26SEP150900-00,eth-updown-15m-1789476300,B,2026-09-15T12:45:00+00:00,2026-09-15T13:00:00Z,0.77,1.23,0.77,2026-09-15T12:49:02.339073+00:00,up,up,1.0,0.23,2026-09-15T13:05:33.781390+00:00
ETH,KXETH15M-26SEP150915-15,eth-updown-15m-1789477200,A,2026-09-15T13:00:00+00:00,2026-09-15T13:15:00Z,0.78,0.78,1.21,2026-09-15T13:11:12.665214+00:00,down,down,1.0,0.22,2026-09-15T13:20:42.707729+00:00
BTC,KXBTC15M-26SEP150915-15,btc-updown-15m-1789478100,A,2026-09-15T13:15:00+00:00,2026-09-15T13:15:00Z,0.581,0.581,1.41,2026-09-15T13:15:19.903408+00:00,up,down,0.0,-0.581,2026-09-15T13:33:42.044081+00:00
BTC,KXBTC15M-26SEP150930-30,btc-updown-15m-1789478100,B,2026-09-15T13:15:00+00:00,2026-09-15T13:30:00Z,0.75,1.25,0.75,2026-09-15T13:25:44.868270+00:00,down,down,1.0,0.25,2026-09-15T13:33:42.044081+00:00
ETH,KXETH15M-26SEP150930-30,eth-updown-15m-1789478100,A,2026-09-15T13:15:00+00:00,2026-09-15T13:30:00Z,0.76,0.76,1.25,2026-09-15T13:26:38.690693+00:00,up,up,1.0,0.24,2026-09-15T13:37:06.591028+00:00
BTC,KXBTC15M-26SEP150945-45,btc-updown-15m-1789479900,B,2026-09-15T13:45:00+00:00,2026-09-15T13:45:00Z,0.452,1.54,0.452,2026-09-15T13:45:24.502926+00:00,down,up,0.0,-0.452,2026-09-15T14:04:11.582823+00:00
BTC,KXBTC15M-26SEP151000-00,btc-updown-15m-1789479900,B,2026-09-15T13:45:00+00:00,2026-09-15T14:00:00Z,0.76,1.22,0.76,2026-09-15T13:56:58.688983+00:00,up,up,1.0,0.24,2026-09-15T14:04:11.582823+00:00
ETH,KXETH15M-26SEP151000-00,eth-updown-15m-1789479900,B,2026-09-15T13:45:00+00:00,2026-09-15T14:00:00Z,0.78,1.23,0.78,2026-09-15T13:56:58.688983+00:00,up,up,1.0,0.22,2026-09-15T14:05:58.356470+00:00
ETH,KXETH15M-26SEP151015-15,eth-updown-15m-1789480800,A,2026-09-15T14:00:00+00:00,2026-09-15T14:15:00Z,0.79,0.79,1.22,2026-09-15T14:04:51.186245+00:00,down,down,1.0,0.21,2026-09-15T14:17:10.586304+00:00
BTC,KXBTC15M-26SEP151015-15,btc-updown-15m-1789480800,A,2026-09-15T14:00:00+00:00,2026-09-15T14:15:00Z,0.75,0.75,1.25,2026-09-15T14:04:45.448981+00:00,down,down,1.0,0.25,2026-09-15T14:20:30.952728+00:00
BTC,KXBTC15M-26SEP151100-00,btc-updown-15m-1789483500,B,2026-09-15T14:45:00+00:00,2026-09-15T15:00:00Z,0.74,1.26,0.74,2026-09-15T14:57:06.585297+00:00,up,up,1.0,0.26,2026-09-15T15:06:52.140490+00:00
BTC,KXBTC15M-26SEP151130-30,btc-updown-15m-1789486200,A,2026-09-15T15:30:00+00:00,2026-09-15T15:30:00Z,0.471,0.471,1.52,2026-09-15T15:30:22.441013+00:00,up,up,1.0,0.529,2026-09-15T15:49:00.419523+00:00
BTC,KXBTC15M-26SEP151145-45,btc-updown-15m-1789486200,A,2026-09-15T15:30:00+00:00,2026-09-15T15:45:00Z,0.74,0.74,1.26,2026-09-15T15:37:15.611503+00:00,up,up,1.0,0.26,2026-09-15T15:49:00.419523+00:00
ETH,KXETH15M-26SEP151145-45,eth-updown-15m-1789486200,A,2026-09-15T15:30:00+00:00,2026-09-15T15:45:00Z,0.74,0.74,1.26,2026-09-15T15:37:15.611503+00:00,up,down,0.0,-0.74,2026-09-15T15:50:29.419498+00:00
ETH,KXETH15M-26SEP151200-00,eth-updown-15m-1789487100,A,2026-09-15T15:45:00+00:00,2026-09-15T16:00:00Z,0.77,0.77,1.22,2026-09-15T15:51:24.004899+00:00,down,down,1.0,0.23,2026-09-15T16:03:33.714026+00:00
BTC,KXBTC15M-26SEP151200-00,btc-updown-15m-1789487100,A,2026-09-15T15:45:00+00:00,2026-09-15T16:00:00Z,0.77,0.77,1.23,2026-09-15T15:54:18.623626+00:00,up,up,1.0,0.23,2026-09-15T16:04:48.454000+00:00
ETH,KXETH15M-26SEP151215-15,eth-updown-15m-1789488900,B,2026-09-15T16:15:00+00:00,2026-09-15T16:15:00Z,0.431,1.56,0.431,2026-09-15T16:15:18.760338+00:00,down,up,0.0,-0.431,2026-09-15T16:34:42.333159+00:00
BTC,KXBTC15M-26SEP151230-30,btc-updown-15m-1789489800,A,2026-09-15T16:30:00+00:00,2026-09-15T16:30:00Z,0.471,0.471,1.52,2026-09-15T16:30:19.901006+00:00,up,down,0.0,-0.471,2026-09-15T16:51:00.535723+00:00
BTC,KXBTC15M-26SEP151245-45,btc-updown-15m-1789490700,B,2026-09-15T16:45:00+00:00,2026-09-15T16:45:00Z,0.421,1.57,0.421,2026-09-15T16:45:19.937003+00:00,down,up,0.0,-0.421,2026-09-15T17:07:45.628126+00:00
BTC,KXBTC15M-26SEP151315-15,btc-updown-15m-1789492500,B,2026-09-15T17:15:00+00:00,2026-09-15T17:15:00Z,0.451,1.54,0.451,2026-09-15T17:15:20.023762+00:00,down,up,0.0,-0.451,2026-09-15T17:34:29.624800+00:00
BTC,KXBTC15M-26SEP151330-30,btc-updown-15m-1789493400,A,2026-09-15T17:30:00+00:00,2026-09-15T17:30:00Z,0.541,0.541,1.45,2026-09-15T17:30:19.309064+00:00,up,up,1.0,0.459,2026-09-15T17:49:32.630900+00:00
BTC,KXBTC15M-26SEP151345-45,btc-updown-15m-1789494300,A,2026-09-15T17:45:00+00:00,2026-09-15T17:45:00Z,0.561,0.561,1.43,2026-09-15T17:45:22.547415+00:00,up,up,1.0,0.439,2026-09-15T18:05:17.463433+00:00
BTC,KXBTC15M-26SEP151400-00,btc-updown-15m-1789495200,A,2026-09-15T18:00:00+00:00,2026-09-15T18:00:00Z,0.371,0.371,1.62,2026-09-15T18:00:22.905282+00:00,up,down,0.0,-0.371,2026-09-15T18:20:22.928024+00:00
ETH,KXETH15M-26SEP151415-15,eth-updown-15m-1789495200,A,2026-09-15T18:00:00+00:00,2026-09-15T18:15:00Z,0.79,0.79,1.21,2026-09-15T18:00:41.677463+00:00,down,down,1.0,0.21,2026-09-15T18:21:41.601015+00:00
BTC,KXBTC15M-26SEP151430-30,btc-updown-15m-1789496100,A,2026-09-15T18:15:00+00:00,2026-09-15T18:30:00Z,0.78,0.78,1.22,2026-09-15T18:17:14.296954+00:00,up,up,1.0,0.22,2026-09-15T18:36:43.572602+00:00
BTC,KXBTC15M-26SEP151500-00,btc-updown-15m-1789497900,B,2026-09-15T18:45:00+00:00,2026-09-15T19:00:00Z,0.74,1.26,0.74,2026-09-15T18:55:11.753011+00:00,up,up,1.0,0.26,2026-09-15T19:02:50.568449+00:00
ETH,KXETH15M-26SEP151515-15,eth-updown-15m-1789498800,A,2026-09-15T19:00:00+00:00,2026-09-15T19:15:00Z,0.78,0.78,1.22,2026-09-15T19:13:16.424369+00:00,up,up,1.0,0.22,2026-09-15T19:18:06.081831+00:00
BTC,KXBTC15M-26SEP151515-15,btc-updown-15m-1789498800,B,2026-09-15T19:00:00+00:00,2026-09-15T19:15:00Z,0.77,1.23,0.77,2026-09-15T19:03:12.181449+00:00,down,down,1.0,0.23,2026-09-15T19:19:30.152895+00:00
ETH,KXETH15M-26SEP151545-45,eth-updown-15m-1789500600,B,2026-09-15T19:30:00+00:00,2026-09-15T19:45:00Z,0.79,1.21,0.79,2026-09-15T19:38:52.300748+00:00,up,up,1.0,0.21,2026-09-15T19:50:09.151548+00:00
BTC,KXBTC15M-26SEP151545-45,btc-updown-15m-1789501500,B,2026-09-15T19:45:00+00:00,2026-09-15T19:45:00Z,0.541,1.45,0.541,2026-09-15T19:45:16.962199+00:00,down,up,0.0,-0.541,2026-09-15T20:06:24.475501+00:00
BTC,KXBTC15M-26SEP151615-15,btc-updown-15m-1789502400,B,2026-09-15T20:00:00+00:00,2026-09-15T20:15:00Z,0.74,1.24,0.74,2026-09-15T20:10:50.510939+00:00,down,down,1.0,0.26,2026-09-15T20:21:44.994127+00:00
BTC,KXBTC15M-26SEP151600-00,btc-updown-15m-1789502400,A,2026-09-15T20:00:00+00:00,2026-09-15T20:00:00Z,0.551,0.551,1.44,2026-09-15T20:00:19.662136+00:00,up,down,0.0,-0.551,2026-09-15T20:21:50.713076+00:00
BTC,KXBTC15M-26SEP151645-45,btc-updown-15m-1789504200,B,2026-09-15T20:30:00+00:00,2026-09-15T20:45:00Z,0.73,1.27,0.73,2026-09-15T20:40:19.546182+00:00,up,up,1.0,0.27,2026-09-15T20:48:16.215795+00:00
ETH,KXETH15M-26SEP151630-30,eth-updown-15m-1789504200,B,2026-09-15T20:30:00+00:00,2026-09-15T20:30:00Z,0.631,1.36,0.631,2026-09-15T20:30:19.446854+00:00,down,up,0.0,-0.631,2026-09-15T20:49:01.629707+00:00
ETH,KXETH15M-26SEP151645-45,eth-updown-15m-1789504200,B,2026-09-15T20:30:00+00:00,2026-09-15T20:45:00Z,0.77,1.23,0.77,2026-09-15T20:31:37.299491+00:00,up,up,1.0,0.23,2026-09-15T20:49:01.629707+00:00
ETH,KXETH15M-26SEP151745-45,eth-updown-15m-1789507800,A,2026-09-15T21:30:00+00:00,2026-09-15T21:45:00Z,0.77,0.77,1.26,2026-09-15T21:34:24.244744+00:00,up,up,1.0,0.23,2026-09-15T21:48:50.831442+00:00
BTC,KXBTC15M-26SEP151815-15,btc-updown-15m-1789509600,B,2026-09-15T22:00:00+00:00,2026-09-15T22:15:00Z,0.78,1.18,0.78,2026-09-15T22:11:01.667102+00:00,down,down,1.0,0.22,2026-09-15T22:19:33.561720+00:00
ETH,KXETH15M-26SEP151800-00,eth-updown-15m-1789509600,B,2026-09-15T22:00:00+00:00,2026-09-15T22:00:00Z,0.501,1.49,0.501,2026-09-15T22:00:25.055673+00:00,down,down,1.0,0.499,2026-09-15T22:20:57.197579+00:00
ETH,KXETH15M-26SEP151815-15,eth-updown-15m-1789509600,B,2026-09-15T22:00:00+00:00,2026-09-15T22:15:00Z,0.78,1.22,0.78,2026-09-15T22:02:57.439516+00:00,down,down,1.0,0.22,2026-09-15T22:20:57.197579+00:00
BTC,KXBTC15M-26SEP151830-30,btc-updown-15m-1789510500,B,2026-09-15T22:15:00+00:00,2026-09-15T22:30:00Z,0.73,1.25,0.73,2026-09-15T22:26:46.175552+00:00,up,up,1.0,0.27,2026-09-15T22:33:57.640955+00:00
ETH,KXETH15M-26SEP151830-30,eth-updown-15m-1789510500,B,2026-09-15T22:15:00+00:00,2026-09-15T22:30:00Z,0.77,1.23,0.77,2026-09-15T22:25:58.533008+00:00,up,up,1.0,0.23,2026-09-15T22:35:21.119573+00:00
ETH,KXETH15M-26SEP151915-15,eth-updown-15m-1789514100,A,2026-09-15T23:15:00+00:00,2026-09-15T23:15:00Z,0.491,0.491,1.5,2026-09-15T23:15:17.664383+00:00,up,down,0.0,-0.491,2026-09-15T23:35:03.480272+00:00
ETH,KXETH15M-26SEP151930-30,eth-updown-15m-1789515000,B,2026-09-15T23:30:00+00:00,2026-09-15T23:30:00Z,0.751,1.24,0.751,2026-09-15T23:30:18.223137+00:00,down,down,1.0,0.249,2026-09-15T23:49:32.023101+00:00
BTC,KXBTC15M-26SEP152000-00,btc-updown-15m-1789515900,A,2026-09-15T23:45:00+00:00,2026-09-16T00:00:00Z,0.78,0.78,1.23,2026-09-15T23:56:50.246710+00:00,down,down,1.0,0.22,2026-09-16T00:02:23.361814+00:00
ETH,KXETH15M-26SEP151945-45,eth-updown-15m-1789515900,B,2026-09-15T23:45:00+00:00,2026-09-15T23:45:00Z,0.531,1.45,0.531,2026-09-15T23:45:16.850716+00:00,down,down,1.0,0.469,2026-09-16T00:06:24.169656+00:00
ETH,KXETH15M-26SEP152000-00,eth-updown-15m-1789515900,B,2026-09-15T23:45:00+00:00,2026-09-16T00:00:00Z,0.79,1.21,0.79,2026-09-15T23:50:57.079719+00:00,down,down,1.0,0.21,2026-09-16T00:06:24.169656+00:00
BTC,KXBTC15M-26SEP152015-15,btc-updown-15m-1789516800,B,2026-09-16T00:00:00+00:00,2026-09-16T00:15:00Z,0.77,1.23,0.77,2026-09-16T00:03:04.655658+00:00,up,up,1.0,0.23,2026-09-16T00:22:30.160130+00:00
ETH,KXETH15M-26SEP152045-45,eth-updown-15m-1789518600,A,2026-09-16T00:30:00+00:00,2026-09-16T00:45:00Z,0.75,0.75,1.25,2026-09-16T00:40:54.924688+00:00,down,down,1.0,0.25,2026-09-16T00:48:37.025742+00:00
BTC,KXBTC15M-26SEP152030-30,btc-updown-15m-1789518600,A,2026-09-16T00:30:00+00:00,2026-09-16T00:30:00Z,0.591,0.591,1.4,2026-09-16T00:30:23.692423+00:00,up,down,0.0,-0.591,2026-09-16T00:49:13.253739+00:00
BTC,KXBTC15M-26SEP152045-45,btc-updown-15m-1789518600,A,2026-09-16T00:30:00+00:00,2026-09-16T00:45:00Z,0.75,0.75,1.25,2026-09-16T00:42:35.771728+00:00,down,down,1.0,0.25,2026-09-16T00:49:13.253739+00:00
ETH,KXETH15M-26SEP152100-00,eth-updown-15m-1789519500,A,2026-09-16T00:45:00+00:00,2026-09-16T01:00:00Z,0.78,0.78,1.22,2026-09-16T00:49:30.102907+00:00,down,down,1.0,0.22,2026-09-16T01:03:31.034370+00:00
BTC,KXBTC15M-26SEP152100-00,btc-updown-15m-1789519500,A,2026-09-16T00:45:00+00:00,2026-09-16T01:00:00Z,0.73,0.73,1.27,2026-09-16T00:52:53.660977+00:00,down,down,1.0,0.27,2026-09-16T01:04:19.916339+00:00
ETH,KXETH15M-26SEP152115-15,eth-updown-15m-1789520400,A,2026-09-16T01:00:00+00:00,2026-09-16T01:15:00Z,0.77,0.77,1.23,2026-09-16T01:04:48.356062+00:00,down,down,1.0,0.23,2026-09-16T01:18:56.586360+00:00
BTC,KXBTC15M-26SEP152115-15,btc-updown-15m-1789520400,B,2026-09-16T01:00:00+00:00,2026-09-16T01:15:00Z,0.78,1.22,0.78,2026-09-16T01:11:13.375160+00:00,down,down,1.0,0.22,2026-09-16T01:20:34.536189+00:00
BTC,KXBTC15M-26SEP152130-30,btc-updown-15m-1789522200,A,2026-09-16T01:30:00+00:00,2026-09-16T01:30:00Z,0.341,0.341,1.65,2026-09-16T01:30:17.865978+00:00,up,down,0.0,-0.341,2026-09-16T01:49:14.687956+00:00
ETH,KXETH15M-26SEP152145-45,eth-updown-15m-1789523100,B,2026-09-16T01:45:00+00:00,2026-09-16T01:45:00Z,0.411,1.58,0.411,2026-09-16T01:45:18.941448+00:00,down,down,1.0,0.589,2026-09-16T02:02:52.528369+00:00
ETH,KXETH15M-26SEP152215-15,eth-updown-15m-1789524000,B,2026-09-16T02:00:00+00:00,2026-09-16T02:15:00Z,0.78,1.22,0.78,2026-09-16T02:10:34.125674+00:00,up,up,1.0,0.22,2026-09-16T02:18:17.904208+00:00
BTC,KXBTC15M-26SEP152215-15,btc-updown-15m-1789524000,B,2026-09-16T02:00:00+00:00,2026-09-16T02:15:00Z,0.76,1.17,0.76,2026-09-16T02:00:31.827828+00:00,up,up,1.0,0.24,2026-09-16T02:20:54.702910+00:00
ETH,KXETH15M-26SEP152230-30,eth-updown-15m-1789524900,B,2026-09-16T02:15:00+00:00,2026-09-16T02:30:00Z,0.79,1.21,0.79,2026-09-16T02:15:37.114843+00:00,up,up,1.0,0.21,2026-09-16T02:33:48.085229+00:00
BTC,KXBTC15M-26SEP152230-30,btc-updown-15m-1789525800,A,2026-09-16T02:30:00+00:00,2026-09-16T02:30:00Z,0.511,0.511,1.48,2026-09-16T02:30:20.414839+00:00,up,up,1.0,0.489,2026-09-16T02:47:54.909336+00:00
BTC,KXBTC15M-26SEP152245-45,btc-updown-15m-1789526700,A,2026-09-16T02:45:00+00:00,2026-09-16T02:45:00Z,0.411,0.411,1.58,2026-09-16T02:45:17.969702+00:00,up,down,0.0,-0.411,2026-09-16T03:04:12.790938+00:00
ETH,KXETH15M-26SEP152245-45,eth-updown-15m-1789526700,A,2026-09-16T02:45:00+00:00,2026-09-16T02:45:00Z,0.391,0.391,1.6,2026-09-16T02:45:17.969702+00:00,up,down,0.0,-0.391,2026-09-16T03:05:19.366894+00:00
BTC,KXBTC15M-26SEP152315-15,btc-updown-15m-1789527600,B,2026-09-16T03:00:00+00:00,2026-09-16T03:15:00Z,0.79,1.21,0.79,2026-09-16T03:10:02.465063+00:00,up,up,1.0,0.21,2026-09-16T03:19:13.675455+00:00
ETH,KXETH15M-26SEP152315-15,eth-updown-15m-1789527600,A,2026-09-16T03:00:00+00:00,2026-09-16T03:15:00Z,0.78,0.78,1.22,2026-09-16T03:03:32.350544+00:00,up,up,1.0,0.22,2026-09-16T03:20:32.260732+00:00
BTC,KXBTC15M-26SEP152330-30,btc-updown-15m-1789528500,A,2026-09-16T03:15:00+00:00,2026-09-16T03:30:00Z,0.72,0.72,1.28,2026-09-16T03:27:50.794653+00:00,down,down,1.0,0.28,2026-09-16T03:35:04.780856+00:00
ETH,KXETH15M-26SEP152345-45,eth-updown-15m-1789530300,B,2026-09-16T03:45:00+00:00,2026-09-16T03:45:00Z,0.451,1.54,0.451,2026-09-16T03:45:23.994053+00:00,down,up,0.0,-0.451,2026-09-16T04:03:39.126015+00:00
ETH,KXETH15M-26SEP160000-00,eth-updown-15m-1789530300,B,2026-09-16T03:45:00+00:00,2026-09-16T04:00:00Z,0.74,1.26,0.74,2026-09-16T03:56:46.358127+00:00,up,up,1.0,0.26,2026-09-16T04:03:39.126015+00:00
ETH,KXETH15M-26SEP160015-15,eth-updown-15m-1789531200,B,2026-09-16T04:00:00+00:00,2026-09-16T04:15:00Z,0.78,1.23,0.78,2026-09-16T04:11:47.747247+00:00,up,up,1.0,0.22,2026-09-16T04:18:49.531903+00:00
BTC,KXBTC15M-26SEP160000-00,btc-updown-15m-1789531200,A,2026-09-16T04:00:00+00:00,2026-09-16T04:00:00Z,0.431,0.431,1.56,2026-09-16T04:00:20.534492+00:00,up,up,1.0,0.569,2026-09-16T04:21:38.062782+00:00
BTC,KXBTC15M-26SEP160030-30,btc-updown-15m-1789532100,B,2026-09-16T04:15:00+00:00,2026-09-16T04:30:00Z,0.79,1.18,0.79,2026-09-16T04:21:27.396643+00:00,up,up,1.0,0.21,2026-09-16T04:33:21.903616+00:00
ETH,KXETH15M-26SEP160030-30,eth-updown-15m-1789532100,B,2026-09-16T04:15:00+00:00,2026-09-16T04:30:00Z,0.64,1.36,0.64,2026-09-16T04:20:43.663273+00:00,up,up,1.0,0.36,2026-09-16T04:34:26.852804+00:00
ETH,KXETH15M-26SEP160045-45,eth-updown-15m-1789533000,B,2026-09-16T04:30:00+00:00,2026-09-16T04:45:00Z,0.73,1.27,0.73,2026-09-16T04:34:37.763924+00:00,up,up,1.0,0.27,2026-09-16T04:49:05.118498+00:00
ETH,KXETH15M-26SEP160100-00,eth-updown-15m-1789533900,B,2026-09-16T04:45:00+00:00,2026-09-16T05:00:00Z,0.787,1.184,0.787,2026-09-16T04:57:09.053159+00:00,down,down,1.0,0.213,2026-09-16T05:05:32.798541+00:00
ETH,KXETH15M-26SEP160115-15,eth-updown-15m-1789535700,B,2026-09-16T05:15:00+00:00,2026-09-16T05:15:00Z,0.511,1.48,0.511,2026-09-16T05:15:16.585361+00:00,down,up,0.0,-0.511,2026-09-16T05:35:41.799741+00:00
ETH,KXETH15M-26SEP160130-30,eth-updown-15m-1789535700,A,2026-09-16T05:15:00+00:00,2026-09-16T05:30:00Z,0.76,0.76,1.24,2026-09-16T05:22:53.355038+00:00,up,up,1.0,0.24,2026-09-16T05:35:41.799741+00:00
ETH,KXETH15M-26SEP160145-45,eth-updown-15m-1789536600,B,2026-09-16T05:30:00+00:00,2026-09-16T05:45:00Z,0.78,1.22,0.78,2026-09-16T05:43:04.092665+00:00,up,up,1.0,0.22,2026-09-16T05:50:48.477394+00:00
ETH,KXETH15M-26SEP160200-00,eth-updown-15m-1789537500,A,2026-09-16T05:45:00+00:00,2026-09-16T06:00:00Z,0.79,0.79,1.21,2026-09-16T05:49:49.128817+00:00,up,up,1.0,0.21,2026-09-16T06:03:33.232854+00:00
BTC,KXBTC15M-26SEP160200-00,btc-updown-15m-1789537500,B,2026-09-16T05:45:00+00:00,2026-09-16T06:00:00Z,0.763,1.228,0.763,2026-09-16T05:56:37.710948+00:00,down,down,1.0,0.237,2026-09-16T06:05:06.205064+00:00
ETH,KXETH15M-26SEP160215-15,eth-updown-15m-1789538400,A,2026-09-16T06:00:00+00:00,2026-09-16T06:15:00Z,0.77,0.77,1.23,2026-09-16T06:04:55.233727+00:00,down,down,1.0,0.23,2026-09-16T06:19:19.022357+00:00
BTC,KXBTC15M-26SEP160215-15,btc-updown-15m-1789538400,A,2026-09-16T06:00:00+00:00,2026-09-16T06:15:00Z,0.77,0.77,1.23,2026-09-16T06:04:49.308412+00:00,up,up,1.0,0.23,2026-09-16T06:21:12.381460+00:00
ETH,KXETH15M-26SEP160245-45,eth-updown-15m-1789540200,A,2026-09-16T06:30:00+00:00,2026-09-16T06:45:00Z,0.79,0.79,1.21,2026-09-16T06:35:02.531230+00:00,down,down,1.0,0.21,2026-09-16T06:51:06.627286+00:00
BTC,KXBTC15M-26SEP160300-00,btc-updown-15m-1789541100,B,2026-09-16T06:45:00+00:00,2026-09-16T07:00:00Z,0.79,1.21,0.79,2026-09-16T06:47:39.211022+00:00,up,up,1.0,0.21,2026-09-16T07:02:51.883134+00:00
BTC,KXBTC15M-26SEP160315-15,btc-updown-15m-1789542000,A,2026-09-16T07:00:00+00:00,2026-09-16T07:15:00Z,0.78,0.78,1.23,2026-09-16T07:09:12.386581+00:00,down,down,1.0,0.22,2026-09-16T07:19:03.076789+00:00
ETH,KXETH15M-26SEP160315-15,eth-updown-15m-1789542000,A,2026-09-16T07:00:00+00:00,2026-09-16T07:15:00Z,0.76,0.76,1.25,2026-09-16T07:10:11.216995+00:00,down,down,1.0,0.24,2026-09-16T07:19:47.726064+00:00
ETH,KXETH15M-26SEP160330-30,eth-updown-15m-1789542900,B,2026-09-16T07:15:00+00:00,2026-09-16T07:30:00Z,0.79,1.21,0.79,2026-09-16T07:15:26.837995+00:00,down,down,1.0,0.21,2026-09-16T07:32:43.393551+00:00
BTC,KXBTC15M-26SEP160330-30,btc-updown-15m-1789542900,B,2026-09-16T07:15:00+00:00,2026-09-16T07:30:00Z,0.68,1.32,0.68,2026-09-16T07:25:33.430232+00:00,down,down,1.0,0.32,2026-09-16T07:34:49.575690+00:00
ETH,KXETH15M-26SEP160345-45,eth-updown-15m-1789544700,B,2026-09-16T07:45:00+00:00,2026-09-16T07:45:00Z,0.589,1.402,0.589,2026-09-16T07:45:20.404006+00:00,down,down,1.0,0.411,2026-09-16T08:03:52.593262+00:00
BTC,KXBTC15M-26SEP160400-00,btc-updown-15m-1789544700,A,2026-09-16T07:45:00+00:00,2026-09-16T08:00:00Z,0.77,0.77,1.23,2026-09-16T07:51:14.480578+00:00,down,down,1.0,0.23,2026-09-16T08:06:21.766990+00:00
ETH,KXETH15M-26SEP160400-00,eth-updown-15m-1789545600,B,2026-09-16T08:00:00+00:00,2026-09-16T08:00:00Z,0.481,1.5,0.481,2026-09-16T08:00:20.913734+00:00,down,down,1.0,0.519,2026-09-16T08:19:13.424117+00:00
BTC,KXBTC15M-26SEP160415-15,btc-updown-15m-1789546500,B,2026-09-16T08:15:00+00:00,2026-09-16T08:15:00Z,0.501,1.49,0.501,2026-09-16T08:15:20.469265+00:00,down,down,1.0,0.499,2026-09-16T08:32:54.728630+00:00
BTC,KXBTC15M-26SEP160430-30,btc-updown-15m-1789546500,A,2026-09-16T08:15:00+00:00,2026-09-16T08:30:00Z,0.72,0.72,1.28,2026-09-16T08:23:31.728259+00:00,down,down,1.0,0.28,2026-09-16T08:32:54.728630+00:00
ETH,KXETH15M-26SEP160430-30,eth-updown-15m-1789546500,B,2026-09-16T08:15:00+00:00,2026-09-16T08:30:00Z,0.76,1.23,0.76,2026-09-16T08:25:33.416588+00:00,up,up,1.0,0.24,2026-09-16T08:33:00.861916+00:00
BTC,KXBTC15M-26SEP160445-45,btc-updown-15m-1789548300,A,2026-09-16T08:45:00+00:00,2026-09-16T08:45:00Z,0.421,0.421,1.57,2026-09-16T08:45:17.247492+00:00,up,up,1.0,0.579,2026-09-16T09:04:51.269235+00:00
ETH,KXETH15M-26SEP160515-15,eth-updown-15m-1789549200,A,2026-09-16T09:00:00+00:00,2026-09-16T09:15:00Z,0.69,0.69,1.31,2026-09-16T09:06:25.095399+00:00,down,down,1.0,0.31,2026-09-16T09:21:43.432776+00:00
BTC,KXBTC15M-26SEP160515-15,btc-updown-15m-1789550100,A,2026-09-16T09:15:00+00:00,2026-09-16T09:15:00Z,0.511,0.511,1.48,2026-09-16T09:15:19.803435+00:00,up,up,1.0,0.489,2026-09-16T09:35:23.315183+00:00
BTC,KXBTC15M-26SEP160530-30,btc-updown-15m-1789550100,B,2026-09-16T09:15:00+00:00,2026-09-16T09:30:00Z,0.77,1.23,0.77,2026-09-16T09:18:07.300333+00:00,up,up,1.0,0.23,2026-09-16T09:35:23.315183+00:00
ETH,KXETH15M-26SEP160530-30,eth-updown-15m-1789550100,A,2026-09-16T09:15:00+00:00,2026-09-16T09:30:00Z,0.66,0.66,1.34,2026-09-16T09:25:14.750664+00:00,up,up,1.0,0.34,2026-09-16T09:35:46.861169+00:00
ETH,KXETH15M-26SEP160545-45,eth-updown-15m-1789551000,B,2026-09-16T09:30:00+00:00,2026-09-16T09:45:00Z,0.77,1.23,0.77,2026-09-16T09:36:14.916289+00:00,up,up,1.0,0.23,2026-09-16T09:48:02.461167+00:00
ETH,KXETH15M-26SEP160600-00,eth-updown-15m-1789551900,B,2026-09-16T09:45:00+00:00,2026-09-16T10:00:00Z,0.76,1.23,0.76,2026-09-16T09:48:42.480611+00:00,up,up,1.0,0.24,2026-09-16T10:06:56.467837+00:00
BTC,KXBTC15M-26SEP160615-15,btc-updown-15m-1789552800,A,2026-09-16T10:00:00+00:00,2026-09-16T10:15:00Z,0.78,0.78,1.22,2026-09-16T10:11:07.103797+00:00,down,down,1.0,0.22,2026-09-16T10:17:52.414109+00:00
BTC,KXBTC15M-26SEP160630-30,btc-updown-15m-1789553700,A,2026-09-16T10:15:00+00:00,2026-09-16T10:30:00Z,0.76,0.76,1.24,2026-09-16T10:22:34.206299+00:00,up,up,1.0,0.24,2026-09-16T10:32:52.028641+00:00
ETH,KXETH15M-26SEP160645-45,eth-updown-15m-1789555500,A,2026-09-16T10:45:00+00:00,2026-09-16T10:45:00Z,0.381,0.381,1.59,2026-09-16T10:45:21.099581+00:00,up,down,0.0,-0.381,2026-09-16T11:06:38.599657+00:00
BTC,KXBTC15M-26SEP160715-15,btc-updown-15m-1789556400,A,2026-09-16T11:00:00+00:00,2026-09-16T11:15:00Z,0.78,0.78,1.22,2026-09-16T11:08:35.717953+00:00,down,up,2.0,1.22,2026-09-16T11:18:57.681464+00:00
ETH,KXETH15M-26SEP160730-30,eth-updown-15m-1789557300,B,2026-09-16T11:15:00+00:00,2026-09-16T11:30:00Z,0.76,1.24,0.76,2026-09-16T11:16:32.751616+00:00,up,up,1.0,0.24,2026-09-16T11:33:02.000006+00:00
BTC,KXBTC15M-26SEP160730-30,btc-updown-15m-1789557300,A,2026-09-16T11:15:00+00:00,2026-09-16T11:30:00Z,0.67,0.67,1.33,2026-09-16T11:22:08.723408+00:00,up,up,1.0,0.33,2026-09-16T11:35:22.773358+00:00
BTC,KXBTC15M-26SEP160745-45,btc-updown-15m-1789558200,A,2026-09-16T11:30:00+00:00,2026-09-16T11:45:00Z,0.77,0.77,1.23,2026-09-16T11:32:34.766315+00:00,up,up,1.0,0.23,2026-09-16T11:50:27.383742+00:00
ETH,KXETH15M-26SEP160745-45,eth-updown-15m-1789558200,A,2026-09-16T11:30:00+00:00,2026-09-16T11:45:00Z,0.73,0.73,1.27,2026-09-16T11:32:34.766315+00:00,up,up,1.0,0.27,2026-09-16T11:51:45.442430+00:00
ETH,KXETH15M-26SEP160800-00,eth-updown-15m-1789560000,B,2026-09-16T12:00:00+00:00,2026-09-16T12:00:00Z,0.581,1.39,0.581,2026-09-16T12:00:23.047925+00:00,down,down,1.0,0.419,2026-09-16T12:21:14.391587+00:00
ETH,KXETH15M-26SEP160815-15,eth-updown-15m-1789560000,A,2026-09-16T12:00:00+00:00,2026-09-16T12:15:00Z,0.75,0.75,1.25,2026-09-16T12:05:28.264513+00:00,down,down,1.0,0.25,2026-09-16T12:21:14.391587+00:00
ETH,KXETH15M-26SEP160830-30,eth-updown-15m-1789560900,A,2026-09-16T12:15:00+00:00,2026-09-16T12:30:00Z,0.77,0.77,1.24,2026-09-16T12:23:30.625878+00:00,down,down,1.0,0.23,2026-09-16T12:33:04.995648+00:00
BTC,KXBTC15M-26SEP160815-15,btc-updown-15m-1789560900,B,2026-09-16T12:15:00+00:00,2026-09-16T12:15:00Z,0.531,1.46,0.531,2026-09-16T12:15:17.103880+00:00,down,down,1.0,0.469,2026-09-16T12:36:33.280208+00:00
ETH,KXETH15M-26SEP160845-45,eth-updown-15m-1789561800,B,2026-09-16T12:30:00+00:00,2026-09-16T12:45:00Z,0.76,1.24,0.76,2026-09-16T12:33:38.226232+00:00,up,up,1.0,0.24,2026-09-16T12:48:37.326815+00:00
BTC,KXBTC15M-26SEP160830-30,btc-updown-15m-1789561800,B,2026-09-16T12:30:00+00:00,2026-09-16T12:30:00Z,0.481,1.51,0.481,2026-09-16T12:30:19.941218+00:00,down,up,0.0,-0.481,2026-09-16T12:52:27.565162+00:00
BTC,KXBTC15M-26SEP160845-45,btc-updown-15m-1789561800,B,2026-09-16T12:30:00+00:00,2026-09-16T12:45:00Z,0.79,1.21,0.79,2026-09-16T12:33:32.646325+00:00,up,up,1.0,0.21,2026-09-16T12:52:27.565162+00:00
BTC,KXBTC15M-26SEP160900-00,btc-updown-15m-1789562700,A,2026-09-16T12:45:00+00:00,2026-09-16T13:00:00Z,0.78,0.78,1.22,2026-09-16T12:55:01.345770+00:00,down,down,1.0,0.22,2026-09-16T13:03:04.870270+00:00
ETH,KXETH15M-26SEP160900-00,eth-updown-15m-1789562700,A,2026-09-16T12:45:00+00:00,2026-09-16T13:00:00Z,0.74,0.74,1.25,2026-09-16T12:53:54.890993+00:00,down,down,1.0,0.26,2026-09-16T13:05:44.545246+00:00
BTC,KXBTC15M-26SEP160915-15,btc-updown-15m-1789564500,B,2026-09-16T13:15:00+00:00,2026-09-16T13:15:00Z,0.501,1.49,0.501,2026-09-16T13:15:18.773347+00:00,down,down,1.0,0.499,2026-09-16T13:33:32.137981+00:00
BTC,KXBTC15M-26SEP160930-30,btc-updown-15m-1789564500,A,2026-09-16T13:15:00+00:00,2026-09-16T13:30:00Z,0.77,0.77,1.23,2026-09-16T13:25:10.786401+00:00,down,down,1.0,0.23,2026-09-16T13:33:32.137981+00:00
ETH,KXETH15M-26SEP160915-15,eth-updown-15m-1789564500,B,2026-09-16T13:15:00+00:00,2026-09-16T13:15:00Z,0.461,1.52,0.461,2026-09-16T13:15:18.773347+00:00,down,up,0.0,-0.461,2026-09-16T13:34:53.366900+00:00
ETH,KXETH15M-26SEP160930-30,eth-updown-15m-1789564500,B,2026-09-16T13:15:00+00:00,2026-09-16T13:30:00Z,0.79,1.21,0.79,2026-09-16T13:15:55.073453+00:00,up,up,1.0,0.21,2026-09-16T13:34:53.366900+00:00
ETH,KXETH15M-26SEP161000-00,eth-updown-15m-1789566300,B,2026-09-16T13:45:00+00:00,2026-09-16T14:00:00Z,0.74,1.28,0.74,2026-09-16T13:47:54.128657+00:00,down,down,1.0,0.26,2026-09-16T14:04:13.485977+00:00
BTC,KXBTC15M-26SEP160945-45,btc-updown-15m-1789566300,B,2026-09-16T13:45:00+00:00,2026-09-16T13:45:00Z,0.592,1.399,0.592,2026-09-16T13:45:25.485802+00:00,down,down,1.0,0.408,2026-09-16T14:05:49.232604+00:00
BTC,KXBTC15M-26SEP161000-00,btc-updown-15m-1789566300,A,2026-09-16T13:45:00+00:00,2026-09-16T14:00:00Z,0.78,0.78,1.22,2026-09-16T13:50:52.857655+00:00,down,down,1.0,0.22,2026-09-16T14:05:49.232604+00:00
ETH,KXETH15M-26SEP161100-00,eth-updown-15m-1789570800,B,2026-09-16T15:00:00+00:00,2026-09-16T15:00:00Z,0.411,1.58,0.411,2026-09-16T15:00:01.007510+00:00,down,up,0.0,-0.411,2026-09-16T15:21:52.601859+00:00
ETH,KXETH15M-26SEP161115-15,eth-updown-15m-1789570800,A,2026-09-16T15:00:00+00:00,2026-09-16T15:15:00Z,0.72,0.72,1.28,2026-09-16T15:05:54.782354+00:00,up,up,1.0,0.28,2026-09-16T15:21:52.601859+00:00
BTC,KXBTC15M-26SEP161100-00,btc-updown-15m-1789570800,B,2026-09-16T15:00:00+00:00,2026-09-16T15:00:00Z,0.421,1.57,0.421,2026-09-16T15:00:01.007510+00:00,down,up,0.0,-0.421,2026-09-16T15:22:31.262060+00:00
BTC,KXBTC15M-26SEP161115-15,btc-updown-15m-1789570800,A,2026-09-16T15:00:00+00:00,2026-09-16T15:15:00Z,0.78,0.78,1.22,2026-09-16T15:05:38.400398+00:00,up,up,1.0,0.22,2026-09-16T15:22:31.262060+00:00
BTC,KXBTC15M-26SEP161130-30,btc-updown-15m-1789571700,B,2026-09-16T15:15:00+00:00,2026-09-16T15:30:00Z,0.79,1.21,0.79,2026-09-16T15:25:56.541921+00:00,down,down,1.0,0.21,2026-09-16T15:32:56.599536+00:00
ETH,KXETH15M-26SEP161130-30,eth-updown-15m-1789571700,B,2026-09-16T15:15:00+00:00,2026-09-16T15:30:00Z,0.78,1.19,0.78,2026-09-16T15:22:20.087459+00:00,down,down,1.0,0.22,2026-09-16T15:34:19.767717+00:00
ETH,KXETH15M-26SEP161145-45,eth-updown-15m-1789572600,B,2026-09-16T15:30:00+00:00,2026-09-16T15:45:00Z,0.78,1.22,0.78,2026-09-16T15:36:09.397082+00:00,up,up,1.0,0.22,2026-09-16T15:48:13.691265+00:00
BTC,KXBTC15M-26SEP161145-45,btc-updown-15m-1789572600,B,2026-09-16T15:30:00+00:00,2026-09-16T15:45:00Z,0.79,1.21,0.79,2026-09-16T15:36:09.397082+00:00,up,up,1.0,0.21,2026-09-16T15:48:39.837045+00:00
BTC,KXBTC15M-26SEP161200-00,btc-updown-15m-1789573500,B,2026-09-16T15:45:00+00:00,2026-09-16T16:00:00Z,0.75,1.25,0.75,2026-09-16T15:47:19.951599+00:00,up,up,1.0,0.25,2026-09-16T16:03:53.893732+00:00
ETH,KXETH15M-26SEP161200-00,eth-updown-15m-1789573500,B,2026-09-16T15:45:00+00:00,2026-09-16T16:00:00Z,0.73,1.29,0.73,2026-09-16T15:47:19.951599+00:00,up,up,1.0,0.27,2026-09-16T16:04:17.952489+00:00
BTC,KXBTC15M-26SEP161215-15,btc-updown-15m-1789574400,B,2026-09-16T16:00:00+00:00,2026-09-16T16:15:00Z,0.78,1.22,0.78,2026-09-16T16:12:58.972187+00:00,up,up,1.0,0.22,2026-09-16T16:19:39.836680+00:00
ETH,KXETH15M-26SEP161215-15,eth-updown-15m-1789574400,A,2026-09-16T16:00:00+00:00,2026-09-16T16:15:00Z,0.78,0.78,1.22,2026-09-16T16:06:14.725816+00:00,up,up,1.0,0.22,2026-09-16T16:20:48.670476+00:00
BTC,KXBTC15M-26SEP161230-30,btc-updown-15m-1789576200,B,2026-09-16T16:30:00+00:00,2026-09-16T16:30:00Z,0.361,1.63,0.361,2026-09-16T16:30:21.968508+00:00,down,down,1.0,0.639,2026-09-16T16:50:16.658447+00:00
BTC,KXBTC15M-26SEP161245-45,btc-updown-15m-1789576200,A,2026-09-16T16:30:00+00:00,2026-09-16T16:45:00Z,0.73,0.73,1.27,2026-09-16T16:40:10.843379+00:00,down,down,1.0,0.27,2026-09-16T16:50:16.658447+00:00
ETH,KXETH15M-26SEP161300-00,eth-updown-15m-1789578000,A,2026-09-16T17:00:00+00:00,2026-09-16T17:00:00Z,0.441,0.441,1.55,2026-09-16T17:00:26.777429+00:00,up,down,0.0,-0.441,2026-09-16T17:18:01.024268+00:00
ETH,KXETH15M-26SEP161315-15,eth-updown-15m-1789578000,A,2026-09-16T17:00:00+00:00,2026-09-16T17:15:00Z,0.77,0.77,1.23,2026-09-16T17:05:42.764363+00:00,down,down,1.0,0.23,2026-09-16T17:18:01.024268+00:00
BTC,KXBTC15M-26SEP161300-00,btc-updown-15m-1789578000,A,2026-09-16T17:00:00+00:00,2026-09-16T17:00:00Z,0.421,0.421,1.57,2026-09-16T17:00:26.777429+00:00,up,down,0.0,-0.421,2026-09-16T17:21:48.955035+00:00
ETH,KXETH15M-26SEP161330-30,eth-updown-15m-1789578900,B,2026-09-16T17:15:00+00:00,2026-09-16T17:30:00Z,0.75,1.25,0.75,2026-09-16T17:25:38.739673+00:00,down,down,1.0,0.25,2026-09-16T17:33:08.590695+00:00
BTC,KXBTC15M-26SEP161315-15,btc-updown-15m-1789578900,B,2026-09-16T17:15:00+00:00,2026-09-16T17:15:00Z,0.371,1.62,0.371,2026-09-16T17:15:20.592208+00:00,down,up,0.0,-0.371,2026-09-16T17:36:29.959278+00:00
BTC,KXBTC15M-26SEP161330-30,btc-updown-15m-1789578900,B,2026-09-16T17:15:00+00:00,2026-09-16T17:30:00Z,0.78,1.22,0.78,2026-09-16T17:24:03.812045+00:00,up,up,1.0,0.22,2026-09-16T17:36:29.959278+00:00
ETH,KXETH15M-26SEP161345-45,eth-updown-15m-1789579800,A,2026-09-16T17:30:00+00:00,2026-09-16T17:45:00Z,0.79,0.79,1.21,2026-09-16T17:34:07.706878+00:00,down,down,1.0,0.21,2026-09-16T17:52:22.033737+00:00
BTC,KXBTC15M-26SEP161400-00,btc-updown-15m-1789580700,B,2026-09-16T17:45:00+00:00,2026-09-16T18:00:00Z,0.77,1.23,0.77,2026-09-16T17:54:21.927698+00:00,up,up,1.0,0.23,2026-09-16T18:02:48.917972+00:00
ETH,KXETH15M-26SEP161400-00,eth-updown-15m-1789580700,B,2026-09-16T17:45:00+00:00,2026-09-16T18:00:00Z,0.72,1.26,0.72,2026-09-16T17:54:05.892845+00:00,up,up,1.0,0.28,2026-09-16T18:03:52.104362+00:00
ETH,KXETH15M-26SEP161415-15,eth-updown-15m-1789581600,B,2026-09-16T18:00:00+00:00,2026-09-16T18:15:00Z,0.74,1.25,0.74,2026-09-16T18:03:10.567128+00:00,up,up,1.0,0.26,2026-09-16T18:19:01.835152+00:00
BTC,KXBTC15M-26SEP161415-15,btc-updown-15m-1789581600,A,2026-09-16T18:00:00+00:00,2026-09-16T18:15:00Z,0.66,0.66,1.34,2026-09-16T18:00:29.656278+00:00,up,up,1.0,0.34,2026-09-16T18:21:20.405541+00:00
ETH,KXETH15M-26SEP161430-30,eth-updown-15m-1789582500,A,2026-09-16T18:15:00+00:00,2026-09-16T18:30:00Z,0.78,0.78,1.22,2026-09-16T18:27:20.184992+00:00,up,up,1.0,0.22,2026-09-16T18:36:51.242982+00:00
BTC,KXBTC15M-26SEP161430-30,btc-updown-15m-1789582500,B,2026-09-16T18:15:00+00:00,2026-09-16T18:30:00Z,0.79,1.22,0.79,2026-09-16T18:19:52.826320+00:00,up,up,1.0,0.21,2026-09-16T18:37:13.414215+00:00
BTC,KXBTC15M-26SEP161445-45,btc-updown-15m-1789583400,B,2026-09-16T18:30:00+00:00,2026-09-16T18:45:00Z,0.72,1.28,0.72,2026-09-16T18:41:43.292925+00:00,up,up,1.0,0.28,2026-09-16T18:48:45.690243+00:00
ETH,KXETH15M-26SEP161445-45,eth-updown-15m-1789583400,B,2026-09-16T18:30:00+00:00,2026-09-16T18:45:00Z,0.78,1.22,0.78,2026-09-16T18:41:48.851027+00:00,up,up,1.0,0.22,2026-09-16T18:51:19.890325+00:00
BTC,KXBTC15M-26SEP161500-00,btc-updown-15m-1789585200,B,2026-09-16T19:00:00+00:00,2026-09-16T19:00:00Z,0.451,1.54,0.451,2026-09-16T19:00:18.764542+00:00,down,up,0.0,-0.451,2026-09-16T19:19:16.499801+00:00
ETH,KXETH15M-26SEP161500-00,eth-updown-15m-1789585200,B,2026-09-16T19:00:00+00:00,2026-09-16T19:00:00Z,0.411,1.58,0.411,2026-09-16T19:00:18.764542+00:00,down,up,0.0,-0.411,2026-09-16T19:19:28.501811+00:00
ETH,KXETH15M-26SEP161515-15,eth-updown-15m-1789586100,A,2026-09-16T19:15:00+00:00,2026-09-16T19:15:00Z,0.661,0.661,1.33,2026-09-16T19:15:19.616956+00:00,up,down,0.0,-0.661,2026-09-16T19:33:43.986926+00:00
ETH,KXETH15M-26SEP161530-30,eth-updown-15m-1789586100,A,2026-09-16T19:15:00+00:00,2026-09-16T19:30:00Z,0.77,0.77,1.23,2026-09-16T19:19:45.505604+00:00,down,down,1.0,0.23,2026-09-16T19:33:43.986926+00:00
BTC,KXBTC15M-26SEP161545-45,btc-updown-15m-1789587900,A,2026-09-16T19:45:00+00:00,2026-09-16T19:45:00Z,0.601,0.601,1.39,2026-09-16T19:45:18.194542+00:00,up,up,1.0,0.399,2026-09-16T20:04:30.617272+00:00
ETH,KXETH15M-26SEP161545-45,eth-updown-15m-1789587900,A,2026-09-16T19:45:00+00:00,2026-09-16T19:45:00Z,0.541,0.541,1.45,2026-09-16T19:45:18.194542+00:00,up,up,1.0,0.459,2026-09-16T20:05:13.579067+00:00
BTC,KXBTC15M-26SEP161600-00,btc-updown-15m-1789588800,A,2026-09-16T20:00:00+00:00,2026-09-16T20:00:00Z,0.471,0.471,1.52,2026-09-16T20:00:22.397251+00:00,up,up,1.0,0.529,2026-09-16T20:18:47.957780+00:00
ETH,KXETH15M-26SEP161600-00,eth-updown-15m-1789588800,A,2026-09-16T20:00:00+00:00,2026-09-16T20:00:00Z,0.441,0.441,1.54,2026-09-16T20:00:22.397251+00:00,up,up,1.0,0.559,2026-09-16T20:21:30.552757+00:00
ETH,KXETH15M-26SEP161615-15,eth-updown-15m-1789589700,A,2026-09-16T20:15:00+00:00,2026-09-16T20:15:00Z,0.431,0.431,1.56,2026-09-16T20:15:19.855058+00:00,up,down,0.0,-0.431,2026-09-16T20:37:17.668654+00:00
ETH,KXETH15M-26SEP161630-30,eth-updown-15m-1789589700,A,2026-09-16T20:15:00+00:00,2026-09-16T20:30:00Z,0.78,0.78,1.18,2026-09-16T20:26:48.516701+00:00,down,down,1.0,0.22,2026-09-16T20:37:17.668654+00:00
BTC,KXBTC15M-26SEP161630-30,btc-updown-15m-1789589700,A,2026-09-16T20:15:00+00:00,2026-09-16T20:30:00Z,0.79,0.79,1.21,2026-09-16T20:27:05.523103+00:00,down,down,1.0,0.21,2026-09-16T20:37:35.639315+00:00
BTC,KXBTC15M-26SEP161700-00,btc-updown-15m-1789591500,B,2026-09-16T20:45:00+00:00,2026-09-16T21:00:00Z,0.79,1.21,0.79,2026-09-16T20:57:03.906692+00:00,up,up,1.0,0.21,2026-09-16T21:03:09.899330+00:00
ETH,KXETH15M-26SEP161700-00,eth-updown-15m-1789591500,A,2026-09-16T20:45:00+00:00,2026-09-16T21:00:00Z,0.79,0.79,1.27,2026-09-16T20:51:59.981012+00:00,up,up,1.0,0.21,2026-09-16T21:05:01.569491+00:00
ETH,KXETH15M-26SEP161715-15,eth-updown-15m-1789592400,B,2026-09-16T21:00:00+00:00,2026-09-16T21:15:00Z,0.77,1.24,0.77,2026-09-16T21:10:38.512084+00:00,down,down,1.0,0.23,2026-09-16T21:17:07.010991+00:00
BTC,KXBTC15M-26SEP161715-15,btc-updown-15m-1789593300,B,2026-09-16T21:15:00+00:00,2026-09-16T21:15:00Z,0.401,1.59,0.401,2026-09-16T21:15:16.131125+00:00,down,down,1.0,0.599,2026-09-16T21:34:37.152374+00:00
BTC,KXBTC15M-26SEP161730-30,btc-updown-15m-1789593300,B,2026-09-16T21:15:00+00:00,2026-09-16T21:30:00Z,0.74,1.26,0.74,2026-09-16T21:26:51.805857+00:00,down,down,1.0,0.26,2026-09-16T21:34:37.152374+00:00
ETH,KXETH15M-26SEP161730-30,eth-updown-15m-1789593300,B,2026-09-16T21:15:00+00:00,2026-09-16T21:30:00Z,0.79,1.22,0.79,2026-09-16T21:26:51.805857+00:00,down,down,1.0,0.21,2026-09-16T21:37:11.045647+00:00
ETH,KXETH15M-26SEP161745-45,eth-updown-15m-1789594200,A,2026-09-16T21:30:00+00:00,2026-09-16T21:45:00Z,0.72,0.72,1.29,2026-09-16T21:38:02.589251+00:00,down,down,1.0,0.28,2026-09-16T21:49:24.394485+00:00
BTC,KXBTC15M-26SEP161800-00,btc-updown-15m-1789595100,A,2026-09-16T21:45:00+00:00,2026-09-16T22:00:00Z,0.75,0.75,1.25,2026-09-16T21:55:15.392127+00:00,up,up,1.0,0.25,2026-09-16T22:05:31.613943+00:00
ETH,KXETH15M-26SEP161800-00,eth-updown-15m-1789595100,B,2026-09-16T21:45:00+00:00,2026-09-16T22:00:00Z,0.79,1.21,0.79,2026-09-16T21:57:08.764578+00:00,up,up,1.0,0.21,2026-09-16T22:06:34.442382+00:00
BTC,KXBTC15M-26SEP161845-45,btc-updown-15m-1789597800,B,2026-09-16T22:30:00+00:00,2026-09-16T22:45:00Z,0.73,1.27,0.73,2026-09-16T22:39:29.891972+00:00,up,up,1.0,0.27,2026-09-16T22:51:01.735365+00:00
ETH,KXETH15M-26SEP161845-45,eth-updown-15m-1789597800,B,2026-09-16T22:30:00+00:00,2026-09-16T22:45:00Z,0.79,1.21,0.79,2026-09-16T22:37:49.796929+00:00,up,up,1.0,0.21,2026-09-16T22:51:18.699886+00:00
ETH,KXETH15M-26SEP161915-15,eth-updown-15m-1789599600,A,2026-09-16T23:00:00+00:00,2026-09-16T23:15:00Z,0.79,0.79,1.21,2026-09-16T23:00:59.001441+00:00,up,up,1.0,0.21,2026-09-16T23:20:23.085181+00:00
ETH,KXETH15M-26SEP161945-45,eth-updown-15m-1789601400,A,2026-09-16T23:30:00+00:00,2026-09-16T23:45:00Z,0.79,0.79,1.21,2026-09-16T23:31:43.288326+00:00,up,up,1.0,0.21,2026-09-16T23:47:53.072126+00:00
ETH,KXETH15M-26SEP162000-00,eth-updown-15m-1789602300,A,2026-09-16T23:45:00+00:00,2026-09-17T00:00:00Z,0.76,0.76,1.23,2026-09-16T23:47:31.920796+00:00,down,down,1.0,0.24,2026-09-17T00:03:23.534396+00:00
BTC,KXBTC15M-26SEP161945-45,btc-updown-15m-1789602300,A,2026-09-16T23:45:00+00:00,2026-09-16T23:45:00Z,0.501,0.501,1.49,2026-09-16T23:45:17.354950+00:00,up,down,0.0,-0.501,2026-09-17T00:07:07.235562+00:00
BTC,KXBTC15M-26SEP162000-00,btc-updown-15m-1789602300,A,2026-09-16T23:45:00+00:00,2026-09-17T00:00:00Z,0.77,0.77,1.23,2026-09-16T23:47:31.920796+00:00,down,down,1.0,0.23,2026-09-17T00:07:07.235562+00:00
BTC,KXBTC15M-26SEP162030-30,btc-updown-15m-1789605000,A,2026-09-17T00:30:00+00:00,2026-09-17T00:30:00Z,0.391,0.391,1.6,2026-09-17T00:30:20.512306+00:00,up,up,1.0,0.609,2026-09-17T00:48:37.834673+00:00
BTC,KXBTC15M-26SEP162045-45,btc-updown-15m-1789605000,B,2026-09-17T00:30:00+00:00,2026-09-17T00:45:00Z,0.79,1.21,0.79,2026-09-17T00:38:24.651500+00:00,up,up,1.0,0.21,2026-09-17T00:48:37.834673+00:00
ETH,KXETH15M-26SEP162045-45,eth-updown-15m-1789605000,A,2026-09-17T00:30:00+00:00,2026-09-17T00:45:00Z,0.74,0.74,1.28,2026-09-17T00:36:48.518251+00:00,up,up,1.0,0.26,2026-09-17T00:49:05.495372+00:00
ETH,KXETH15M-26SEP162115-15,eth-updown-15m-1789606800,B,2026-09-17T01:00:00+00:00,2026-09-17T01:15:00Z,0.75,1.25,0.75,2026-09-17T01:06:33.021943+00:00,down,down,1.0,0.25,2026-09-17T01:18:45.648969+00:00
BTC,KXBTC15M-26SEP162100-00,btc-updown-15m-1789606800,B,2026-09-17T01:00:00+00:00,2026-09-17T01:00:00Z,0.661,1.35,0.661,2026-09-17T01:00:23.700034+00:00,down,down,1.0,0.339,2026-09-17T01:18:56.971859+00:00
BTC,KXBTC15M-26SEP162115-15,btc-updown-15m-1789606800,B,2026-09-17T01:00:00+00:00,2026-09-17T01:15:00Z,0.72,1.28,0.72,2026-09-17T01:06:44.516872+00:00,down,down,1.0,0.28,2026-09-17T01:18:56.971859+00:00
BTC,KXBTC15M-26SEP162145-45,btc-updown-15m-1789608600,B,2026-09-17T01:30:00+00:00,2026-09-17T01:45:00Z,0.79,1.21,0.79,2026-09-17T01:32:13.653078+00:00,down,down,1.0,0.21,2026-09-17T01:51:27.312141+00:00
ETH,KXETH15M-26SEP162130-30,eth-updown-15m-1789608600,A,2026-09-17T01:30:00+00:00,2026-09-17T01:30:00Z,0.551,0.551,1.42,2026-09-17T01:30:20.964905+00:00,up,down,0.0,-0.551,2026-09-17T01:52:06.235989+00:00
ETH,KXETH15M-26SEP162145-45,eth-updown-15m-1789608600,A,2026-09-17T01:30:00+00:00,2026-09-17T01:45:00Z,0.77,0.77,1.24,2026-09-17T01:34:05.179768+00:00,down,down,1.0,0.23,2026-09-17T01:52:06.235989+00:00
ETH,KXETH15M-26SEP162200-00,eth-updown-15m-1789609500,A,2026-09-17T01:45:00+00:00,2026-09-17T02:00:00Z,0.77,0.77,1.22,2026-09-17T01:53:05.975157+00:00,down,down,1.0,0.23,2026-09-17T02:05:48.185546+00:00
BTC,KXBTC15M-26SEP162215-15,btc-updown-15m-1789610400,A,2026-09-17T02:00:00+00:00,2026-09-17T02:15:00Z,0.78,0.78,1.22,2026-09-17T02:05:53.289480+00:00,down,down,1.0,0.22,2026-09-17T02:20:03.707798+00:00
ETH,KXETH15M-26SEP162230-30,eth-updown-15m-1789611300,B,2026-09-17T02:15:00+00:00,2026-09-17T02:30:00Z,0.79,1.203,0.79,2026-09-17T02:25:43.143671+00:00,up,up,1.0,0.21,2026-09-17T02:36:33.218592+00:00
BTC,KXBTC15M-26SEP162230-30,btc-updown-15m-1789611300,B,2026-09-17T02:15:00+00:00,2026-09-17T02:30:00Z,0.73,1.27,0.73,2026-09-17T02:26:04.948661+00:00,down,down,1.0,0.27,2026-09-17T02:37:30.171392+00:00
BTC,KXBTC15M-26SEP162245-45,btc-updown-15m-1789613100,A,2026-09-17T02:45:00+00:00,2026-09-17T02:45:00Z,0.421,0.421,1.57,2026-09-17T02:45:17.767072+00:00,up,down,0.0,-0.421,2026-09-17T03:03:56.039566+00:00
BTC,KXBTC15M-26SEP162300-00,btc-updown-15m-1789613100,A,2026-09-17T02:45:00+00:00,2026-09-17T03:00:00Z,0.76,0.76,1.24,2026-09-17T02:52:35.939910+00:00,down,down,1.0,0.24,2026-09-17T03:03:56.039566+00:00
BTC,KXBTC15M-26SEP162315-15,btc-updown-15m-1789614900,A,2026-09-17T03:15:00+00:00,2026-09-17T03:15:00Z,0.591,0.591,1.4,2026-09-17T03:15:16.615878+00:00,up,up,1.0,0.409,2026-09-17T03:32:30.239824+00:00
ETH,KXETH15M-26SEP162315-15,eth-updown-15m-1789614900,A,2026-09-17T03:15:00+00:00,2026-09-17T03:15:00Z,0.561,0.561,1.43,2026-09-17T03:15:16.615878+00:00,up,up,1.0,0.439,2026-09-17T03:33:10.554055+00:00
ETH,KXETH15M-26SEP162345-45,eth-updown-15m-1789615800,B,2026-09-17T03:30:00+00:00,2026-09-17T03:45:00Z,0.77,1.23,0.77,2026-09-17T03:40:03.716438+00:00,up,up,1.0,0.23,2026-09-17T03:47:53.159905+00:00
BTC,KXBTC15M-26SEP162330-30,btc-updown-15m-1789615800,A,2026-09-17T03:30:00+00:00,2026-09-17T03:30:00Z,0.481,0.481,1.51,2026-09-17T03:30:15.924218+00:00,up,down,0.0,-0.481,2026-09-17T03:49:16.126322+00:00
BTC,KXBTC15M-26SEP162345-45,btc-updown-15m-1789615800,B,2026-09-17T03:30:00+00:00,2026-09-17T03:45:00Z,0.77,1.22,0.77,2026-09-17T03:40:03.716438+00:00,down,down,1.0,0.23,2026-09-17T03:49:16.126322+00:00
BTC,KXBTC15M-26SEP170000-00,btc-updown-15m-1789616700,B,2026-09-17T03:45:00+00:00,2026-09-17T04:00:00Z,0.79,1.21,0.79,2026-09-17T03:51:15.700449+00:00,down,down,1.0,0.21,2026-09-17T04:05:24.351798+00:00
ETH,KXETH15M-26SEP170000-00,eth-updown-15m-1789616700,A,2026-09-17T03:45:00+00:00,2026-09-17T04:00:00Z,0.78,0.78,1.22,2026-09-17T03:52:24.164031+00:00,down,down,1.0,0.22,2026-09-17T04:06:57.772120+00:00
BTC,KXBTC15M-26SEP170015-15,btc-updown-15m-1789618500,B,2026-09-17T04:15:00+00:00,2026-09-17T04:15:00Z,0.471,1.52,0.471,2026-09-17T04:15:16.695969+00:00,down,down,1.0,0.529,2026-09-17T04:34:42.250941+00:00
ETH,KXETH15M-26SEP170030-30,eth-updown-15m-1789619400,B,2026-09-17T04:30:00+00:00,2026-09-17T04:30:00Z,0.661,1.33,0.661,2026-09-17T04:30:18.179720+00:00,down,up,0.0,-0.661,2026-09-17T04:49:28.502795+00:00
ETH,KXETH15M-26SEP170045-45,eth-updown-15m-1789619400,B,2026-09-17T04:30:00+00:00,2026-09-17T04:45:00Z,0.79,1.19,0.79,2026-09-17T04:31:30.019989+00:00,up,up,1.0,0.21,2026-09-17T04:49:28.502795+00:00
BTC,KXBTC15M-26SEP170045-45,btc-updown-15m-1789619400,B,2026-09-17T04:30:00+00:00,2026-09-17T04:45:00Z,0.76,1.24,0.76,2026-09-17T04:37:10.002420+00:00,up,up,1.0,0.24,2026-09-17T04:49:38.801915+00:00
ETH,KXETH15M-26SEP170100-00,eth-updown-15m-1789620300,B,2026-09-17T04:45:00+00:00,2026-09-17T05:00:00Z,0.79,1.23,0.79,2026-09-17T04:48:20.697073+00:00,up,up,1.0,0.21,2026-09-17T05:05:19.518996+00:00
BTC,KXBTC15M-26SEP170100-00,btc-updown-15m-1789620300,B,2026-09-17T04:45:00+00:00,2026-09-17T05:00:00Z,0.76,1.24,0.76,2026-09-17T04:48:36.975846+00:00,up,up,1.0,0.24,2026-09-17T05:06:20.882704+00:00
BTC,KXBTC15M-26SEP170115-15,btc-updown-15m-1789621200,A,2026-09-17T05:00:00+00:00,2026-09-17T05:15:00Z,0.78,0.78,1.22,2026-09-17T05:02:23.254703+00:00,down,down,1.0,0.22,2026-09-17T05:17:54.290236+00:00
ETH,KXETH15M-26SEP170115-15,eth-updown-15m-1789621200,B,2026-09-17T05:00:00+00:00,2026-09-17T05:15:00Z,0.77,1.24,0.77,2026-09-17T05:08:32.225543+00:00,down,down,1.0,0.23,2026-09-17T05:17:54.290236+00:00
BTC,KXBTC15M-26SEP170130-30,btc-updown-15m-1789622100,B,2026-09-17T05:15:00+00:00,2026-09-17T05:30:00Z,0.79,1.21,0.79,2026-09-17T05:20:13.185650+00:00,up,up,1.0,0.21,2026-09-17T05:33:04.418223+00:00
ETH,KXETH15M-26SEP170130-30,eth-updown-15m-1789622100,B,2026-09-17T05:15:00+00:00,2026-09-17T05:30:00Z,0.76,1.24,0.76,2026-09-17T05:20:02.254781+00:00,up,up,1.0,0.24,2026-09-17T05:36:38.836682+00:00
ETH,KXETH15M-26SEP170145-45,eth-updown-15m-1789623000,B,2026-09-17T05:30:00+00:00,2026-09-17T05:45:00Z,0.79,1.21,0.79,2026-09-17T05:34:31.676953+00:00,down,down,1.0,0.21,2026-09-17T05:50:42.666384+00:00
BTC,KXBTC15M-26SEP170200-00,btc-updown-15m-1789623900,A,2026-09-17T05:45:00+00:00,2026-09-17T06:00:00Z,0.75,0.75,1.25,2026-09-17T05:57:02.808853+00:00,down,down,1.0,0.25,2026-09-17T06:02:06.134776+00:00
ETH,KXETH15M-26SEP170200-00,eth-updown-15m-1789623900,A,2026-09-17T05:45:00+00:00,2026-09-17T06:00:00Z,0.74,0.74,1.18,2026-09-17T05:55:56.601524+00:00,down,down,1.0,0.26,2026-09-17T06:04:27.845186+00:00
BTC,KXBTC15M-26SEP170215-15,btc-updown-15m-1789625700,A,2026-09-17T06:15:00+00:00,2026-09-17T06:15:00Z,0.401,0.401,1.59,2026-09-17T06:15:15.795999+00:00,up,down,0.0,-0.401,2026-09-17T06:33:30.372752+00:00
ETH,KXETH15M-26SEP170230-30,eth-updown-15m-1789626600,B,2026-09-17T06:30:00+00:00,2026-09-17T06:30:00Z,0.161,1.83,0.161,2026-09-17T06:30:20.856015+00:00,down,up,0.0,-0.161,2026-09-17T06:48:26.480525+00:00
BTC,KXBTC15M-26SEP170230-30,btc-updown-15m-1789626600,B,2026-09-17T06:30:00+00:00,2026-09-17T06:30:00Z,0.191,1.8,0.191,2026-09-17T06:30:20.856015+00:00,down,up,0.0,-0.191,2026-09-17T06:51:23.518942+00:00
ETH,KXETH15M-26SEP170300-00,eth-updown-15m-1789628400,B,2026-09-17T07:00:00+00:00,2026-09-17T07:00:00Z,0.471,1.52,0.471,2026-09-17T07:00:24.572683+00:00,down,up,0.0,-0.471,2026-09-17T09:00:21.213605+00:00
BTC,KXBTC15M-26SEP170515-15,btc-updown-15m-1789635600,B,2026-09-17T09:00:00+00:00,2026-09-17T09:15:00Z,0.76,1.24,0.76,2026-09-17T09:01:15.418212+00:00,up,up,1.0,0.24,2026-09-17T09:18:09.108817+00:00
BTC,KXBTC15M-26SEP170530-30,btc-updown-15m-1789636500,A,2026-09-17T09:15:00+00:00,2026-09-17T09:30:00Z,0.78,0.78,1.19,2026-09-17T09:19:05.984936+00:00,up,up,1.0,0.22,2026-09-17T09:33:08.216354+00:00
ETH,KXETH15M-26SEP170530-30,eth-updown-15m-1789636500,B,2026-09-17T09:15:00+00:00,2026-09-17T09:30:00Z,0.75,1.25,0.75,2026-09-17T09:20:33.519169+00:00,down,down,1.0,0.25,2026-09-17T09:36:38.008558+00:00
BTC,KXBTC15M-26SEP170545-45,btc-updown-15m-1789637400,A,2026-09-17T09:30:00+00:00,2026-09-17T09:45:00Z,0.79,0.79,1.21,2026-09-17T09:32:10.288150+00:00,down,down,1.0,0.21,2026-09-17T09:48:12.805241+00:00
ETH,KXETH15M-26SEP170545-45,eth-updown-15m-1789637400,B,2026-09-17T09:30:00+00:00,2026-09-17T09:45:00Z,0.79,1.21,0.79,2026-09-17T09:33:07.734180+00:00,down,down,1.0,0.21,2026-09-17T09:51:59.476545+00:00
BTC,KXBTC15M-26SEP170600-00,btc-updown-15m-1789638300,B,2026-09-17T09:45:00+00:00,2026-09-17T10:00:00Z,0.79,1.21,0.79,2026-09-17T09:45:23.035641+00:00,down,down,1.0,0.21,2026-09-17T10:04:41.826407+00:00
ETH,KXETH15M-26SEP170615-15,eth-updown-15m-1789640100,B,2026-09-17T10:15:00+00:00,2026-09-17T10:15:00Z,0.531,1.46,0.531,2026-09-17T10:15:22.042210+00:00,down,down,1.0,0.469,2026-09-17T10:32:48.116950+00:00
ETH,KXETH15M-26SEP170645-45,eth-updown-15m-1789641000,A,2026-09-17T10:30:00+00:00,2026-09-17T10:45:00Z,0.72,0.72,1.25,2026-09-17T10:41:08.136450+00:00,down,down,1.0,0.28,2026-09-17T10:48:07.777270+00:00
BTC,KXBTC15M-26SEP170630-30,btc-updown-15m-1789641000,B,2026-09-17T10:30:00+00:00,2026-09-17T10:30:00Z,0.571,1.42,0.571,2026-09-17T10:30:18.502736+00:00,down,down,1.0,0.429,2026-09-17T10:51:29.714192+00:00
ETH,KXETH15M-26SEP170700-00,eth-updown-15m-1789641900,B,2026-09-17T10:45:00+00:00,2026-09-17T11:00:00Z,0.79,1.21,0.79,2026-09-17T10:56:27.843299+00:00,up,up,1.0,0.21,2026-09-17T11:05:34.022198+00:00
BTC,KXBTC15M-26SEP170645-45,btc-updown-15m-1789641900,B,2026-09-17T10:45:00+00:00,2026-09-17T10:45:00Z,0.591,1.4,0.591,2026-09-17T10:45:17.449284+00:00,down,up,0.0,-0.591,2026-09-17T11:06:36.423928+00:00
BTC,KXBTC15M-26SEP170700-00,btc-updown-15m-1789641900,B,2026-09-17T10:45:00+00:00,2026-09-17T11:00:00Z,0.76,1.24,0.76,2026-09-17T10:49:39.436139+00:00,up,up,1.0,0.24,2026-09-17T11:06:36.423928+00:00
BTC,KXBTC15M-26SEP170715-15,btc-updown-15m-1789642800,A,2026-09-17T11:00:00+00:00,2026-09-17T11:15:00Z,0.76,0.76,1.24,2026-09-17T11:02:00.307628+00:00,up,up,1.0,0.24,2026-09-17T11:18:19.326909+00:00
ETH,KXETH15M-26SEP170715-15,eth-updown-15m-1789642800,B,2026-09-17T11:00:00+00:00,2026-09-17T11:15:00Z,0.78,1.21,0.78,2026-09-17T11:13:22.550120+00:00,up,up,1.0,0.22,2026-09-17T11:21:00.113814+00:00
BTC,KXBTC15M-26SEP170730-30,btc-updown-15m-1789643700,B,2026-09-17T11:15:00+00:00,2026-09-17T11:30:00Z,0.744,1.248,0.744,2026-09-17T11:26:54.339876+00:00,down,down,1.0,0.256,2026-09-17T11:33:28.424987+00:00
ETH,KXETH15M-26SEP170730-30,eth-updown-15m-1789643700,A,2026-09-17T11:15:00+00:00,2026-09-17T11:30:00Z,0.72,0.72,1.28,2026-09-17T11:16:20.532005+00:00,down,down,1.0,0.28,2026-09-17T11:35:14.940459+00:00
BTC,KXBTC15M-26SEP170745-45,btc-updown-15m-1789645500,B,2026-09-17T11:45:00+00:00,2026-09-17T11:45:00Z,0.511,1.48,0.511,2026-09-17T11:45:18.436421+00:00,down,up,0.0,-0.511,2026-09-17T12:04:16.023364+00:00
BTC,KXBTC15M-26SEP170800-00,btc-updown-15m-1789646400,A,2026-09-17T12:00:00+00:00,2026-09-17T12:00:00Z,0.591,0.591,1.4,2026-09-17T12:00:22.462987+00:00,up,up,1.0,0.409,2026-09-17T12:20:01.848067+00:00
BTC,KXBTC15M-26SEP170815-15,btc-updown-15m-1789646400,A,2026-09-17T12:00:00+00:00,2026-09-17T12:15:00Z,0.78,0.78,1.22,2026-09-17T12:03:35.946198+00:00,up,up,1.0,0.22,2026-09-17T12:20:01.848067+00:00
ETH,KXETH15M-26SEP170800-00,eth-updown-15m-1789646400,A,2026-09-17T12:00:00+00:00,2026-09-17T12:00:00Z,0.581,0.581,1.41,2026-09-17T12:00:22.462987+00:00,up,up,1.0,0.419,2026-09-17T12:22:34.319262+00:00
ETH,KXETH15M-26SEP170815-15,eth-updown-15m-1789646400,B,2026-09-17T12:00:00+00:00,2026-09-17T12:15:00Z,0.76,1.25,0.76,2026-09-17T12:04:04.800656+00:00,up,up,1.0,0.24,2026-09-17T12:22:34.319262+00:00
ETH,KXETH15M-26SEP170830-30,eth-updown-15m-1789648200,A,2026-09-17T12:30:00+00:00,2026-09-17T12:30:00Z,0.471,0.471,1.52,2026-09-17T12:30:20.201449+00:00,up,down,0.0,-0.471,2026-09-17T12:50:10.029401+00:00
ETH,KXETH15M-26SEP170845-45,eth-updown-15m-1789648200,A,2026-09-17T12:30:00+00:00,2026-09-17T12:45:00Z,0.79,0.79,1.22,2026-09-17T12:31:58.243245+00:00,down,down,1.0,0.21,2026-09-17T12:50:10.029401+00:00
BTC,KXBTC15M-26SEP170830-30,btc-updown-15m-1789648200,A,2026-09-17T12:30:00+00:00,2026-09-17T12:30:00Z,0.471,0.471,1.52,2026-09-17T12:30:20.201449+00:00,up,down,0.0,-0.471,2026-09-17T12:51:36.460458+00:00
BTC,KXBTC15M-26SEP170845-45,btc-updown-15m-1789648200,B,2026-09-17T12:30:00+00:00,2026-09-17T12:45:00Z,0.75,1.25,0.75,2026-09-17T12:30:42.603066+00:00,down,down,1.0,0.25,2026-09-17T12:51:36.460458+00:00
ETH,KXETH15M-26SEP170900-00,eth-updown-15m-1789649100,B,2026-09-17T12:45:00+00:00,2026-09-17T13:00:00Z,0.79,1.21,0.79,2026-09-17T12:51:13.704530+00:00,down,down,1.0,0.21,2026-09-17T13:06:32.366432+00:00
ETH,KXETH15M-26SEP170915-15,eth-updown-15m-1789650000,A,2026-09-17T13:00:00+00:00,2026-09-17T13:15:00Z,0.79,0.79,1.21,2026-09-17T13:02:10.730260+00:00,down,down,1.0,0.21,2026-09-17T13:18:50.753799+00:00
BTC,KXBTC15M-26SEP170915-15,btc-updown-15m-1789650000,A,2026-09-17T13:00:00+00:00,2026-09-17T13:15:00Z,0.79,0.79,1.21,2026-09-17T13:02:16.464978+00:00,down,down,1.0,0.21,2026-09-17T13:19:26.582832+00:00
ETH,KXETH15M-26SEP170930-30,eth-updown-15m-1789650900,A,2026-09-17T13:15:00+00:00,2026-09-17T13:30:00Z,0.76,0.76,1.24,2026-09-17T13:23:31.183830+00:00,down,down,1.0,0.24,2026-09-17T13:35:04.327799+00:00
ETH,KXETH15M-26SEP171000-00,eth-updown-15m-1789652700,B,2026-09-17T13:45:00+00:00,2026-09-17T14:00:00Z,0.77,1.23,0.77,2026-09-17T13:46:44.045946+00:00,up,up,1.0,0.23,2026-09-17T14:02:37.321074+00:00
BTC,KXBTC15M-26SEP171000-00,btc-updown-15m-1789652700,B,2026-09-17T13:45:00+00:00,2026-09-17T14:00:00Z,0.78,1.22,0.78,2026-09-17T13:46:38.120477+00:00,up,up,1.0,0.22,2026-09-17T14:03:36.896544+00:00
ETH,KXETH15M-26SEP171015-15,eth-updown-15m-1789653600,B,2026-09-17T14:00:00+00:00,2026-09-17T14:15:00Z,0.79,1.23,0.79,2026-09-17T14:08:34.331162+00:00,up,up,1.0,0.21,2026-09-17T14:17:41.668797+00:00
BTC,KXBTC15M-26SEP171015-15,btc-updown-15m-1789653600,B,2026-09-17T14:00:00+00:00,2026-09-17T14:15:00Z,0.75,1.25,0.75,2026-09-17T14:09:46.229314+00:00,up,up,1.0,0.25,2026-09-17T14:19:24.463656+00:00
ETH,KXETH15M-26SEP171030-30,eth-updown-15m-1789654500,B,2026-09-17T14:15:00+00:00,2026-09-17T14:30:00Z,0.69,1.31,0.69,2026-09-17T14:21:28.017332+00:00,up,up,1.0,0.31,2026-09-17T14:33:03.397242+00:00
BTC,KXBTC15M-26SEP171030-30,btc-updown-15m-1789654500,B,2026-09-17T14:15:00+00:00,2026-09-17T14:30:00Z,0.73,1.27,0.73,2026-09-17T14:21:28.017332+00:00,up,up,1.0,0.27,2026-09-17T14:35:38.214336+00:00
BTC,KXBTC15M-26SEP171045-45,btc-updown-15m-1789656300,B,2026-09-17T14:45:00+00:00,2026-09-17T14:45:00Z,0.331,1.66,0.331,2026-09-17T14:45:20.323378+00:00,down,down,1.0,0.669,2026-09-17T15:04:12.983743+00:00
BTC,KXBTC15M-26SEP171100-00,btc-updown-15m-1789656300,A,2026-09-17T14:45:00+00:00,2026-09-17T15:00:00Z,0.79,0.79,1.2,2026-09-17T14:49:12.466013+00:00,down,down,1.0,0.21,2026-09-17T15:04:12.983743+00:00
ETH,KXETH15M-26SEP171100-00,eth-updown-15m-1789656300,A,2026-09-17T14:45:00+00:00,2026-09-17T15:00:00Z,0.76,0.76,1.24,2026-09-17T14:56:11.748921+00:00,down,down,1.0,0.24,2026-09-17T15:05:07.300314+00:00
BTC,KXBTC15M-26SEP171130-30,btc-updown-15m-1789658100,A,2026-09-17T15:15:00+00:00,2026-09-17T15:30:00Z,0.76,0.76,1.23,2026-09-17T15:22:18.850607+00:00,up,up,1.0,0.24,2026-09-17T15:36:58.066650+00:00
ETH,KXETH15M-26SEP171200-00,eth-updown-15m-1789659900,B,2026-09-17T15:45:00+00:00,2026-09-17T16:00:00Z,0.77,1.23,0.77,2026-09-17T15:53:08.188905+00:00,down,down,1.0,0.23,2026-09-17T16:02:46.985061+00:00
BTC,KXBTC15M-26SEP171200-00,btc-updown-15m-1789659900,B,2026-09-17T15:45:00+00:00,2026-09-17T16:00:00Z,0.788,1.203,0.788,2026-09-17T15:57:11.077242+00:00,down,down,1.0,0.212,2026-09-17T16:03:20.238526+00:00
ETH,KXETH15M-26SEP171215-15,eth-updown-15m-1789660800,B,2026-09-17T16:00:00+00:00,2026-09-17T16:15:00Z,0.79,1.21,0.79,2026-09-17T16:09:30.007182+00:00,up,up,1.0,0.21,2026-09-17T16:18:46.559789+00:00
ETH,KXETH15M-26SEP171230-30,eth-updown-15m-1789661700,B,2026-09-17T16:15:00+00:00,2026-09-17T16:30:00Z,0.68,1.32,0.68,2026-09-17T16:22:13.827129+00:00,down,down,1.0,0.32,2026-09-17T16:33:53.442976+00:00
BTC,KXBTC15M-26SEP171230-30,btc-updown-15m-1789661700,B,2026-09-17T16:15:00+00:00,2026-09-17T16:30:00Z,0.67,1.33,0.67,2026-09-17T16:22:13.827129+00:00,down,down,1.0,0.33,2026-09-17T16:33:59.480054+00:00
BTC,KXBTC15M-26SEP171245-45,btc-updown-15m-1789663500,B,2026-09-17T16:45:00+00:00,2026-09-17T16:45:00Z,0.401,1.59,0.401,2026-09-17T16:45:17.846787+00:00,down,up,0.0,-0.401,2026-09-17T17:05:29.376587+00:00
BTC,KXBTC15M-26SEP171300-00,btc-updown-15m-1789663500,A,2026-09-17T16:45:00+00:00,2026-09-17T17:00:00Z,0.74,0.74,1.26,2026-09-17T16:47:27.896511+00:00,up,up,1.0,0.26,2026-09-17T17:05:29.376587+00:00
ETH,KXETH15M-26SEP171300-00,eth-updown-15m-1789663500,A,2026-09-17T16:45:00+00:00,2026-09-17T17:00:00Z,0.69,0.69,1.31,2026-09-17T16:47:27.896511+00:00,up,up,1.0,0.31,2026-09-17T17:05:40.963353+00:00
ETH,KXETH15M-26SEP171315-15,eth-updown-15m-1789665300,A,2026-09-17T17:15:00+00:00,2026-09-17T17:15:00Z,0.471,0.471,1.52,2026-09-17T17:15:17.811278+00:00,up,up,1.0,0.529,2026-09-17T17:37:06.023800+00:00
BTC,KXBTC15M-26SEP171315-15,btc-updown-15m-1789665300,A,2026-09-17T17:15:00+00:00,2026-09-17T17:15:00Z,0.501,0.501,1.49,2026-09-17T17:15:17.811278+00:00,up,up,1.0,0.499,2026-09-17T17:37:11.717256+00:00
ETH,KXETH15M-26SEP171330-30,eth-updown-15m-1789666200,A,2026-09-17T17:30:00+00:00,2026-09-17T17:30:00Z,0.591,0.591,1.4,2026-09-17T17:30:20.057330+00:00,up,down,0.0,-0.591,2026-09-17T17:50:41.835159+00:00
ETH,KXETH15M-26SEP171345-45,eth-updown-15m-1789666200,B,2026-09-17T17:30:00+00:00,2026-09-17T17:45:00Z,0.76,1.21,0.76,2026-09-17T17:41:24.132455+00:00,down,down,1.0,0.24,2026-09-17T17:50:41.835159+00:00
BTC,KXBTC15M-26SEP171415-15,btc-updown-15m-1789668000,B,2026-09-17T18:00:00+00:00,2026-09-17T18:15:00Z,0.79,1.21,0.79,2026-09-17T18:07:49.364625+00:00,up,up,1.0,0.21,2026-09-17T18:20:00.242733+00:00
ETH,KXETH15M-26SEP171400-00,eth-updown-15m-1789668000,B,2026-09-17T18:00:00+00:00,2026-09-17T18:00:00Z,0.531,1.46,0.531,2026-09-17T18:00:19.215828+00:00,down,down,1.0,0.469,2026-09-17T18:21:56.526828+00:00
ETH,KXETH15M-26SEP171430-30,eth-updown-15m-1789668900,A,2026-09-17T18:15:00+00:00,2026-09-17T18:30:00Z,0.79,0.79,1.2,2026-09-17T18:23:34.622107+00:00,down,down,1.0,0.21,2026-09-17T18:34:05.640818+00:00
BTC,KXBTC15M-26SEP171430-30,btc-updown-15m-1789669800,A,2026-09-17T18:30:00+00:00,2026-09-17T18:30:00Z,0.501,0.501,1.49,2026-09-17T18:30:22.202819+00:00,up,down,0.0,-0.501,2026-09-17T18:50:03.048079+00:00
BTC,KXBTC15M-26SEP171445-45,btc-updown-15m-1789670700,B,2026-09-17T18:45:00+00:00,2026-09-17T18:45:00Z,0.471,1.52,0.471,2026-09-17T18:45:15.919941+00:00,down,down,1.0,0.529,2026-09-17T19:07:22.726927+00:00
ETH,KXETH15M-26SEP171445-45,eth-updown-15m-1789670700,B,2026-09-17T18:45:00+00:00,2026-09-17T18:45:00Z,0.441,1.55,0.441,2026-09-17T18:45:15.919941+00:00,down,down,1.0,0.559,2026-09-17T19:07:22.726927+00:00
BTC,KXBTC15M-26SEP171500-00,btc-updown-15m-1789670700,A,2026-09-17T18:45:00+00:00,2026-09-17T19:00:00Z,0.79,0.79,1.21,2026-09-17T18:47:00.518344+00:00,down,down,1.0,0.21,2026-09-17T19:07:22.726927+00:00
ETH,KXETH15M-26SEP171500-00,eth-updown-15m-1789670700,A,2026-09-17T18:45:00+00:00,2026-09-17T19:00:00Z,0.73,0.73,1.27,2026-09-17T18:50:35.635129+00:00,down,down,1.0,0.27,2026-09-17T19:07:22.726927+00:00
ETH,KXETH15M-26SEP171515-15,eth-updown-15m-1789671600,B,2026-09-17T19:00:00+00:00,2026-09-17T19:15:00Z,0.74,1.25,0.74,2026-09-17T19:02:24.326859+00:00,down,down,1.0,0.26,2026-09-17T19:21:11.965993+00:00
BTC,KXBTC15M-26SEP171515-15,btc-updown-15m-1789671600,A,2026-09-17T19:00:00+00:00,2026-09-17T19:15:00Z,0.77,0.77,1.22,2026-09-17T19:09:13.501645+00:00,down,down,1.0,0.23,2026-09-17T19:22:29.404581+00:00
ETH,KXETH15M-26SEP171530-30,eth-updown-15m-1789672500,B,2026-09-17T19:15:00+00:00,2026-09-17T19:30:00Z,0.78,1.17,0.78,2026-09-17T19:27:15.549264+00:00,up,up,1.0,0.22,2026-09-17T19:36:40.535786+00:00
BTC,KXBTC15M-26SEP171545-45,btc-updown-15m-1789673400,B,2026-09-17T19:30:00+00:00,2026-09-17T19:45:00Z,0.77,1.23,0.77,2026-09-17T19:41:51.176811+00:00,up,up,1.0,0.23,2026-09-17T19:48:31.670028+00:00
ETH,KXETH15M-26SEP171545-45,eth-updown-15m-1789673400,A,2026-09-17T19:30:00+00:00,2026-09-17T19:45:00Z,0.78,0.78,1.21,2026-09-17T19:36:24.141434+00:00,down,down,1.0,0.22,2026-09-17T19:52:24.505908+00:00
ETH,KXETH15M-26SEP171600-00,eth-updown-15m-1789674300,A,2026-09-17T19:45:00+00:00,2026-09-17T20:00:00Z,0.733,0.733,1.258,2026-09-17T19:54:50.510328+00:00,up,up,1.0,0.267,2026-09-17T20:02:46.777447+00:00
BTC,KXBTC15M-26SEP171600-00,btc-updown-15m-1789674300,A,2026-09-17T19:45:00+00:00,2026-09-17T20:00:00Z,0.77,0.77,1.23,2026-09-17T19:55:18.362444+00:00,up,up,1.0,0.23,2026-09-17T20:03:44.190145+00:00
ETH,KXETH15M-26SEP171615-15,eth-updown-15m-1789676100,A,2026-09-17T20:15:00+00:00,2026-09-17T20:15:00Z,0.551,0.551,1.44,2026-09-17T20:15:19.296722+00:00,up,up,1.0,0.449,2026-09-17T20:34:00.226222+00:00
ETH,KXETH15M-26SEP171700-00,eth-updown-15m-1789677900,B,2026-09-17T20:45:00+00:00,2026-09-17T21:00:00Z,0.53,1.46,0.53,2026-09-17T20:51:51.890119+00:00,up,up,1.0,0.47,2026-09-17T21:04:32.068560+00:00
BTC,KXBTC15M-26SEP171645-45,btc-updown-15m-1789677900,B,2026-09-17T20:45:00+00:00,2026-09-17T20:45:00Z,0.361,1.63,0.361,2026-09-17T20:45:17.690192+00:00,down,up,0.0,-0.361,2026-09-17T21:05:46.494477+00:00
BTC,KXBTC15M-26SEP171700-00,btc-updown-15m-1789677900,B,2026-09-17T20:45:00+00:00,2026-09-17T21:00:00Z,0.74,1.26,0.74,2026-09-17T20:51:51.890119+00:00,up,up,1.0,0.26,2026-09-17T21:05:46.494477+00:00
ETH,KXETH15M-26SEP171715-15,eth-updown-15m-1789678800,A,2026-09-17T21:00:00+00:00,2026-09-17T21:15:00Z,0.74,0.74,1.24,2026-09-17T21:02:58.963390+00:00,down,down,1.0,0.26,2026-09-17T21:18:37.845676+00:00
BTC,KXBTC15M-26SEP171715-15,btc-updown-15m-1789678800,A,2026-09-17T21:00:00+00:00,2026-09-17T21:15:00Z,0.78,0.78,1.22,2026-09-17T21:03:05.132627+00:00,down,down,1.0,0.22,2026-09-17T21:21:12.748082+00:00
ETH,KXETH15M-26SEP171745-45,eth-updown-15m-1789680600,A,2026-09-17T21:30:00+00:00,2026-09-17T21:45:00Z,0.54,0.54,1.46,2026-09-17T21:41:45.380287+00:00,down,down,1.0,0.46,2026-09-17T21:49:31.545721+00:00
BTC,KXBTC15M-26SEP171730-30,btc-updown-15m-1789680600,A,2026-09-17T21:30:00+00:00,2026-09-17T21:30:00Z,0.371,0.371,1.62,2026-09-17T21:30:20.442930+00:00,up,down,0.0,-0.371,2026-09-17T21:51:50.654681+00:00
BTC,KXBTC15M-26SEP171745-45,btc-updown-15m-1789681500,B,2026-09-17T21:45:00+00:00,2026-09-17T21:45:00Z,0.541,1.45,0.541,2026-09-17T21:45:19.260863+00:00,down,down,1.0,0.459,2026-09-17T22:02:42.910844+00:00
ETH,KXETH15M-26SEP171815-15,eth-updown-15m-1789682400,A,2026-09-17T22:00:00+00:00,2026-09-17T22:15:00Z,0.77,0.77,1.23,2026-09-17T22:02:31.467794+00:00,down,down,1.0,0.23,2026-09-17T22:19:38.035287+00:00
BTC,KXBTC15M-26SEP171815-15,btc-updown-15m-1789682400,A,2026-09-17T22:00:00+00:00,2026-09-17T22:15:00Z,0.53,0.53,1.46,2026-09-17T22:08:19.862795+00:00,down,down,1.0,0.47,2026-09-17T22:21:10.041704+00:00
BTC,KXBTC15M-26SEP171830-30,btc-updown-15m-1789684200,B,2026-09-17T22:30:00+00:00,2026-09-17T22:30:00Z,0.531,1.46,0.531,2026-09-17T22:30:18.537215+00:00,down,up,0.0,-0.531,2026-09-17T22:48:43.556539+00:00
BTC,KXBTC15M-26SEP171845-45,btc-updown-15m-1789685100,A,2026-09-17T22:45:00+00:00,2026-09-17T22:45:00Z,0.511,0.511,1.48,2026-09-17T22:45:24.085378+00:00,up,down,0.0,-0.511,2026-09-17T23:05:15.805014+00:00
ETH,KXETH15M-26SEP171915-15,eth-updown-15m-1789686900,A,2026-09-17T23:15:00+00:00,2026-09-17T23:15:00Z,0.471,0.471,1.52,2026-09-17T23:15:19.716923+00:00,up,up,1.0,0.529,2026-09-17T23:34:39.787531+00:00
BTC,KXBTC15M-26SEP171915-15,btc-updown-15m-1789686900,A,2026-09-17T23:15:00+00:00,2026-09-17T23:15:00Z,0.501,0.501,1.49,2026-09-17T23:15:19.716923+00:00,up,down,0.0,-0.501,2026-09-17T23:36:02.571709+00:00
ETH,KXETH15M-26SEP172000-00,eth-updown-15m-1789688700,B,2026-09-17T23:45:00+00:00,2026-09-18T00:00:00Z,0.79,1.21,0.79,2026-09-17T23:46:30.367869+00:00,up,up,1.0,0.21,2026-09-18T00:05:58.976972+00:00
BTC,KXBTC15M-26SEP172000-00,btc-updown-15m-1789688700,B,2026-09-17T23:45:00+00:00,2026-09-18T00:00:00Z,0.67,1.32,0.67,2026-09-17T23:54:13.175812+00:00,up,up,1.0,0.33,2026-09-18T00:06:29.238219+00:00
BTC,KXBTC15M-26SEP172015-15,btc-updown-15m-1789689600,B,2026-09-18T00:00:00+00:00,2026-09-18T00:15:00Z,0.76,1.19,0.76,2026-09-18T00:06:57.901115+00:00,up,up,1.0,0.24,2026-09-18T00:22:23.312463+00:00
ETH,KXETH15M-26SEP172045-45,eth-updown-15m-1789692300,A,2026-09-18T00:45:00+00:00,2026-09-18T00:45:00Z,0.541,0.541,1.45,2026-09-18T00:45:20.912856+00:00,up,up,1.0,0.459,2026-09-18T01:03:26.209520+00:00
BTC,KXBTC15M-26SEP172115-15,btc-updown-15m-1789693200,A,2026-09-18T01:00:00+00:00,2026-09-18T01:15:00Z,0.77,0.77,1.23,2026-09-18T01:01:43.632514+00:00,down,down,1.0,0.23,2026-09-18T01:17:46.859817+00:00
ETH,KXETH15M-26SEP172115-15,eth-updown-15m-1789693200,A,2026-09-18T01:00:00+00:00,2026-09-18T01:15:00Z,0.79,0.79,1.22,2026-09-18T01:01:43.632514+00:00,up,up,1.0,0.21,2026-09-18T01:21:39.463086+00:00
ETH,KXETH15M-26SEP172130-30,eth-updown-15m-1789694100,B,2026-09-18T01:15:00+00:00,2026-09-18T01:30:00Z,0.75,1.26,0.75,2026-09-18T01:27:42.642460+00:00,up,up,1.0,0.25,2026-09-18T01:36:47.932052+00:00
ETH,KXETH15M-26SEP172145-45,eth-updown-15m-1789695900,A,2026-09-18T01:45:00+00:00,2026-09-18T01:45:00Z,0.411,0.411,1.58,2026-09-18T01:45:21.824597+00:00,up,up,1.0,0.589,2026-09-18T02:03:10.969442+00:00
ETH,KXETH15M-26SEP172200-00,eth-updown-15m-1789695900,A,2026-09-18T01:45:00+00:00,2026-09-18T02:00:00Z,0.76,0.76,1.21,2026-09-18T01:52:03.716593+00:00,up,up,1.0,0.24,2026-09-18T02:03:10.969442+00:00
BTC,KXBTC15M-26SEP172200-00,btc-updown-15m-1789695900,A,2026-09-18T01:45:00+00:00,2026-09-18T02:00:00Z,0.74,0.74,1.26,2026-09-18T01:51:47.574224+00:00,up,up,1.0,0.26,2026-09-18T02:04:49.461749+00:00
ETH,KXETH15M-26SEP172215-15,eth-updown-15m-1789696800,A,2026-09-18T02:00:00+00:00,2026-09-18T02:15:00Z,0.79,0.79,1.21,2026-09-18T02:03:27.443089+00:00,down,down,1.0,0.21,2026-09-18T02:19:00.296031+00:00
BTC,KXBTC15M-26SEP172215-15,btc-updown-15m-1789696800,A,2026-09-18T02:00:00+00:00,2026-09-18T02:15:00Z,0.78,0.78,1.22,2026-09-18T02:03:21.820672+00:00,up,up,1.0,0.22,2026-09-18T02:21:18.215907+00:00
BTC,KXBTC15M-26SEP172230-30,btc-updown-15m-1789697700,B,2026-09-18T02:15:00+00:00,2026-09-18T02:30:00Z,0.79,1.21,0.79,2026-09-18T02:21:50.774218+00:00,up,up,1.0,0.21,2026-09-18T02:35:01.764983+00:00
BTC,KXBTC15M-26SEP172245-45,btc-updown-15m-1789698600,A,2026-09-18T02:30:00+00:00,2026-09-18T02:45:00Z,0.77,0.77,1.23,2026-09-18T02:40:23.335867+00:00,up,up,1.0,0.23,2026-09-18T02:50:56.090116+00:00
ETH,KXETH15M-26SEP172245-45,eth-updown-15m-1789698600,A,2026-09-18T02:30:00+00:00,2026-09-18T02:45:00Z,0.787,0.787,1.175,2026-09-18T02:40:17.877257+00:00,up,up,1.0,0.213,2026-09-18T02:51:28.864283+00:00
ETH,KXETH15M-26SEP172300-00,eth-updown-15m-1789699500,B,2026-09-18T02:45:00+00:00,2026-09-18T03:00:00Z,0.76,1.24,0.76,2026-09-18T02:54:04.239982+00:00,up,down,2.0,1.24,2026-09-18T03:03:39.327638+00:00
BTC,KXBTC15M-26SEP172300-00,btc-updown-15m-1789699500,B,2026-09-18T02:45:00+00:00,2026-09-18T03:00:00Z,0.79,1.21,0.79,2026-09-18T02:50:49.915892+00:00,up,up,1.0,0.21,2026-09-18T03:05:39.468860+00:00
ETH,KXETH15M-26SEP172330-30,eth-updown-15m-1789701300,B,2026-09-18T03:15:00+00:00,2026-09-18T03:30:00Z,0.79,1.22,0.79,2026-09-18T03:16:31.095063+00:00,up,up,1.0,0.21,2026-09-18T03:32:52.608655+00:00
BTC,KXBTC15M-26SEP172330-30,btc-updown-15m-1789701300,A,2026-09-18T03:15:00+00:00,2026-09-18T03:30:00Z,0.78,0.78,1.22,2026-09-18T03:24:55.770974+00:00,up,up,1.0,0.22,2026-09-18T03:33:34.934905+00:00
ETH,KXETH15M-26SEP172345-45,eth-updown-15m-1789702200,A,2026-09-18T03:30:00+00:00,2026-09-18T03:45:00Z,0.75,0.75,1.25,2026-09-18T03:32:14.853654+00:00,down,down,1.0,0.25,2026-09-18T03:47:37.402204+00:00
BTC,KXBTC15M-26SEP172345-45,btc-updown-15m-1789703100,B,2026-09-18T03:45:00+00:00,2026-09-18T03:45:00Z,0.391,1.6,0.391,2026-09-18T03:45:19.238207+00:00,down,up,0.0,-0.391,2026-09-18T04:04:23.041172+00:00
BTC,KXBTC15M-26SEP180000-00,btc-updown-15m-1789704000,A,2026-09-18T04:00:00+00:00,2026-09-18T04:00:00Z,0.501,0.501,1.49,2026-09-18T04:00:22.439004+00:00,up,down,0.0,-0.501,2026-09-18T04:19:37.318370+00:00
BTC,KXBTC15M-26SEP180015-15,btc-updown-15m-1789704900,B,2026-09-18T04:15:00+00:00,2026-09-18T04:15:00Z,0.611,1.38,0.611,2026-09-18T04:15:19.290675+00:00,down,down,1.0,0.389,2026-09-18T04:35:54.469807+00:00
BTC,KXBTC15M-26SEP180030-30,btc-updown-15m-1789704900,B,2026-09-18T04:15:00+00:00,2026-09-18T04:30:00Z,0.76,1.24,0.76,2026-09-18T04:20:26.889311+00:00,down,down,1.0,0.24,2026-09-18T04:35:54.469807+00:00
ETH,KXETH15M-26SEP180030-30,eth-updown-15m-1789704900,A,2026-09-18T04:15:00+00:00,2026-09-18T04:30:00Z,0.79,0.79,1.21,2026-09-18T04:20:05.005661+00:00,down,down,1.0,0.21,2026-09-18T04:36:56.218621+00:00
BTC,KXBTC15M-26SEP180045-45,btc-updown-15m-1789705800,B,2026-09-18T04:30:00+00:00,2026-09-18T04:45:00Z,0.71,1.29,0.71,2026-09-18T04:35:06.905445+00:00,up,up,1.0,0.29,2026-09-18T04:51:27.903243+00:00
ETH,KXETH15M-26SEP180045-45,eth-updown-15m-1789705800,B,2026-09-18T04:30:00+00:00,2026-09-18T04:45:00Z,0.77,1.21,0.77,2026-09-18T04:34:50.037189+00:00,up,up,1.0,0.23,2026-09-18T04:52:01.169366+00:00
BTC,KXBTC15M-26SEP180100-00,btc-updown-15m-1789707600,A,2026-09-18T05:00:00+00:00,2026-09-18T05:00:00Z,0.511,0.511,1.49,2026-09-18T05:00:20.393939+00:00,up,up,1.0,0.489,2026-09-18T05:17:37.502107+00:00
BTC,KXBTC15M-26SEP180115-15,btc-updown-15m-1789707600,B,2026-09-18T05:00:00+00:00,2026-09-18T05:15:00Z,0.79,1.22,0.79,2026-09-18T05:08:09.984286+00:00,up,up,1.0,0.21,2026-09-18T05:17:37.502107+00:00
ETH,KXETH15M-26SEP180115-15,eth-updown-15m-1789707600,A,2026-09-18T05:00:00+00:00,2026-09-18T05:15:00Z,0.77,0.77,1.23,2026-09-18T05:01:55.793615+00:00,up,up,1.0,0.23,2026-09-18T05:21:35.208737+00:00
BTC,KXBTC15M-26SEP180130-30,btc-updown-15m-1789708500,A,2026-09-18T05:15:00+00:00,2026-09-18T05:30:00Z,0.77,0.77,1.22,2026-09-18T05:24:25.831155+00:00,up,up,1.0,0.23,2026-09-18T05:32:44.577353+00:00
ETH,KXETH15M-26SEP180130-30,eth-updown-15m-1789708500,A,2026-09-18T05:15:00+00:00,2026-09-18T05:30:00Z,0.78,0.78,1.22,2026-09-18T05:21:12.013610+00:00,down,down,1.0,0.22,2026-09-18T05:33:39.750937+00:00
BTC,KXBTC15M-26SEP180145-45,btc-updown-15m-1789709400,A,2026-09-18T05:30:00+00:00,2026-09-18T05:45:00Z,0.78,0.78,1.22,2026-09-18T05:36:01.952465+00:00,up,up,1.0,0.22,2026-09-18T05:48:26.343405+00:00
ETH,KXETH15M-26SEP180145-45,eth-updown-15m-1789709400,A,2026-09-18T05:30:00+00:00,2026-09-18T05:45:00Z,0.76,0.76,1.25,2026-09-18T05:36:01.952465+00:00,down,down,1.0,0.24,2026-09-18T05:51:56.007787+00:00
BTC,KXBTC15M-26SEP180215-15,btc-updown-15m-1789711200,B,2026-09-18T06:00:00+00:00,2026-09-18T06:15:00Z,0.72,1.29,0.72,2026-09-18T06:11:22.121165+00:00,up,up,1.0,0.28,2026-09-18T06:18:53.992743+00:00
BTC,KXBTC15M-26SEP180230-30,btc-updown-15m-1789712100,B,2026-09-18T06:15:00+00:00,2026-09-18T06:30:00Z,0.78,1.22,0.78,2026-09-18T06:22:45.206097+00:00,up,up,1.0,0.22,2026-09-18T06:34:24.744610+00:00
ETH,KXETH15M-26SEP180215-15,eth-updown-15m-1789712100,A,2026-09-18T06:15:00+00:00,2026-09-18T06:15:00Z,0.611,0.611,1.38,2026-09-18T06:15:17.193146+00:00,up,up,1.0,0.389,2026-09-18T06:34:55.062699+00:00
ETH,KXETH15M-26SEP180230-30,eth-updown-15m-1789712100,B,2026-09-18T06:15:00+00:00,2026-09-18T06:30:00Z,0.78,1.22,0.78,2026-09-18T06:19:04.755334+00:00,up,up,1.0,0.22,2026-09-18T06:34:55.062699+00:00
BTC,KXBTC15M-26SEP180245-45,btc-updown-15m-1789713000,A,2026-09-18T06:30:00+00:00,2026-09-18T06:45:00Z,0.78,0.78,1.22,2026-09-18T06:40:36.881626+00:00,down,down,1.0,0.22,2026-09-18T06:49:37.646933+00:00
ETH,KXETH15M-26SEP180245-45,eth-updown-15m-1789713000,B,2026-09-18T06:30:00+00:00,2026-09-18T06:45:00Z,0.78,1.22,0.78,2026-09-18T06:39:30.464186+00:00,up,up,1.0,0.22,2026-09-18T06:50:07.576989+00:00
BTC,KXBTC15M-26SEP180300-00,btc-updown-15m-1789714800,A,2026-09-18T07:00:00+00:00,2026-09-18T07:00:00Z,0.491,0.491,1.5,2026-09-18T07:00:22.861333+00:00,up,up,1.0,0.509,2026-09-18T07:22:07.581234+00:00
BTC,KXBTC15M-26SEP180345-45,btc-updown-15m-1789716600,B,2026-09-18T07:30:00+00:00,2026-09-18T07:45:00Z,0.69,1.27,0.69,2026-09-18T07:41:35.464620+00:00,up,up,1.0,0.31,2026-09-18T07:48:14.549546+00:00
ETH,KXETH15M-26SEP180400-00,eth-updown-15m-1789717500,A,2026-09-18T07:45:00+00:00,2026-09-18T08:00:00Z,0.77,0.77,1.25,2026-09-18T07:56:09.597352+00:00,down,down,1.0,0.23,2026-09-18T08:04:12.800298+00:00
BTC,KXBTC15M-26SEP180415-15,btc-updown-15m-1789718400,A,2026-09-18T08:00:00+00:00,2026-09-18T08:15:00Z,0.78,0.78,1.22,2026-09-18T08:08:40.629126+00:00,up,up,1.0,0.22,2026-09-18T08:17:44.317873+00:00
ETH,KXETH15M-26SEP180415-15,eth-updown-15m-1789718400,A,2026-09-18T08:00:00+00:00,2026-09-18T08:15:00Z,0.79,0.79,1.22,2026-09-18T08:08:40.629126+00:00,up,up,1.0,0.21,2026-09-18T08:20:22.467922+00:00
ETH,KXETH15M-26SEP180430-30,eth-updown-15m-1789719300,B,2026-09-18T08:15:00+00:00,2026-09-18T08:30:00Z,0.78,1.21,0.78,2026-09-18T08:20:27.566780+00:00,up,up,1.0,0.22,2026-09-18T08:34:20.258474+00:00
BTC,KXBTC15M-26SEP180430-30,btc-updown-15m-1789720200,A,2026-09-18T08:30:00+00:00,2026-09-18T08:30:00Z,0.441,0.441,1.55,2026-09-18T08:30:19.532399+00:00,up,up,1.0,0.559,2026-09-18T08:51:21.378670+00:00
BTC,KXBTC15M-26SEP180445-45,btc-updown-15m-1789720200,A,2026-09-18T08:30:00+00:00,2026-09-18T08:45:00Z,0.78,0.78,1.22,2026-09-18T08:38:50.730320+00:00,up,up,1.0,0.22,2026-09-18T08:51:21.378670+00:00
ETH,KXETH15M-26SEP180445-45,eth-updown-15m-1789721100,B,2026-09-18T08:45:00+00:00,2026-09-18T08:45:00Z,0.511,1.48,0.511,2026-09-18T08:45:17.915956+00:00,down,up,0.0,-0.511,2026-09-18T09:06:39.766261+00:00
BTC,KXBTC15M-26SEP180500-00,btc-updown-15m-1789722000,A,2026-09-18T09:00:00+00:00,2026-09-18T09:00:00Z,0.511,0.511,1.48,2026-09-18T09:00:20.992176+00:00,up,up,1.0,0.489,2026-09-18T09:22:14.021497+00:00
ETH,KXETH15M-26SEP180515-15,eth-updown-15m-1789722900,A,2026-09-18T09:15:00+00:00,2026-09-18T09:15:00Z,0.611,0.611,1.38,2026-09-18T09:15:03.472899+00:00,up,down,0.0,-0.611,2026-09-18T09:37:11.431483+00:00
ETH,KXETH15M-26SEP180530-30,eth-updown-15m-1789722900,B,2026-09-18T09:15:00+00:00,2026-09-18T09:30:00Z,0.78,1.22,0.78,2026-09-18T09:21:52.218390+00:00,down,down,1.0,0.22,2026-09-18T09:37:11.431483+00:00
BTC,KXBTC15M-26SEP180515-15,btc-updown-15m-1789722900,A,2026-09-18T09:15:00+00:00,2026-09-18T09:15:00Z,0.491,0.491,1.5,2026-09-18T09:15:03.472899+00:00,up,down,0.0,-0.491,2026-09-18T09:37:33.629606+00:00
BTC,KXBTC15M-26SEP180545-45,btc-updown-15m-1789724700,B,2026-09-18T09:45:00+00:00,2026-09-18T09:45:00Z,0.451,1.54,0.451,2026-09-18T09:45:16.781145+00:00,down,up,0.0,-0.451,2026-09-18T10:02:57.105063+00:00
ETH,KXETH15M-26SEP180545-45,eth-updown-15m-1789724700,B,2026-09-18T09:45:00+00:00,2026-09-18T09:45:00Z,0.461,1.53,0.461,2026-09-18T09:45:16.781145+00:00,down,up,0.0,-0.461,2026-09-18T10:05:01.017347+00:00
BTC,KXBTC15M-26SEP180615-15,btc-updown-15m-1789725600,B,2026-09-18T10:00:00+00:00,2026-09-18T10:15:00Z,0.79,1.21,0.79,2026-09-18T10:10:43.060030+00:00,down,down,1.0,0.21,2026-09-18T10:17:37.430198+00:00
ETH,KXETH15M-26SEP180630-30,eth-updown-15m-1789727400,A,2026-09-18T10:30:00+00:00,2026-09-18T10:30:00Z,0.461,0.461,1.53,2026-09-18T10:30:19.508156+00:00,up,down,0.0,-0.461,2026-09-18T10:48:38.255980+00:00
ETH,KXETH15M-26SEP180645-45,eth-updown-15m-1789727400,B,2026-09-18T10:30:00+00:00,2026-09-18T10:45:00Z,0.76,1.24,0.76,2026-09-18T10:39:18.106606+00:00,down,down,1.0,0.24,2026-09-18T10:48:38.255980+00:00
BTC,KXBTC15M-26SEP180645-45,btc-updown-15m-1789727400,A,2026-09-18T10:30:00+00:00,2026-09-18T10:45:00Z,0.79,0.79,1.16,2026-09-18T10:40:37.623325+00:00,down,down,1.0,0.21,2026-09-18T10:50:03.391214+00:00
ETH,KXETH15M-26SEP180700-00,eth-updown-15m-1789728300,A,2026-09-18T10:45:00+00:00,2026-09-18T11:00:00Z,0.75,0.75,1.25,2026-09-18T10:52:34.357281+00:00,down,down,1.0,0.25,2026-09-18T11:02:53.357885+00:00
BTC,KXBTC15M-26SEP180700-00,btc-updown-15m-1789729200,A,2026-09-18T11:00:00+00:00,2026-09-18T11:00:00Z,0.491,0.491,1.5,2026-09-18T11:00:22.126215+00:00,up,down,0.0,-0.491,2026-09-18T11:20:58.232004+00:00
BTC,KXBTC15M-26SEP180715-15,btc-updown-15m-1789729200,B,2026-09-18T11:00:00+00:00,2026-09-18T11:15:00Z,0.78,1.22,0.78,2026-09-18T11:01:22.034560+00:00,down,down,1.0,0.22,2026-09-18T11:20:58.232004+00:00
ETH,KXETH15M-26SEP180715-15,eth-updown-15m-1789729200,A,2026-09-18T11:00:00+00:00,2026-09-18T11:15:00Z,0.55,0.55,1.45,2026-09-18T11:05:34.579676+00:00,down,down,1.0,0.45,2026-09-18T11:21:33.441106+00:00
BTC,KXBTC15M-26SEP180745-45,btc-updown-15m-1789731000,A,2026-09-18T11:30:00+00:00,2026-09-18T11:45:00Z,0.77,0.77,1.23,2026-09-18T11:42:32.511217+00:00,down,down,1.0,0.23,2026-09-18T11:47:53.374048+00:00
BTC,KXBTC15M-26SEP180800-00,btc-updown-15m-1789731900,A,2026-09-18T11:45:00+00:00,2026-09-18T12:00:00Z,0.794,0.794,1.197,2026-09-18T11:55:38.599834+00:00,up,up,1.0,0.206,2026-09-18T12:07:44.789249+00:00
BTC,KXBTC15M-26SEP180815-15,btc-updown-15m-1789732800,B,2026-09-18T12:00:00+00:00,2026-09-18T12:15:00Z,0.76,1.24,0.76,2026-09-18T12:02:15.916651+00:00,up,up,1.0,0.24,2026-09-18T12:18:19.382033+00:00
ETH,KXETH15M-26SEP180800-00,eth-updown-15m-1789732800,A,2026-09-18T12:00:00+00:00,2026-09-18T12:00:00Z,0.521,0.521,1.46,2026-09-18T12:00:22.049664+00:00,up,down,0.0,-0.521,2026-09-18T12:21:30.064711+00:00
ETH,KXETH15M-26SEP180815-15,eth-updown-15m-1789732800,B,2026-09-18T12:00:00+00:00,2026-09-18T12:15:00Z,0.77,1.28,0.77,2026-09-18T12:05:00.028986+00:00,down,down,1.0,0.23,2026-09-18T12:21:30.064711+00:00
ETH,KXETH15M-26SEP180830-30,eth-updown-15m-1789733700,B,2026-09-18T12:15:00+00:00,2026-09-18T12:30:00Z,0.74,1.26,0.74,2026-09-18T12:22:50.397246+00:00,up,up,1.0,0.26,2026-09-18T12:32:13.139972+00:00
ETH,KXETH15M-26SEP180845-45,eth-updown-15m-1789734600,A,2026-09-18T12:30:00+00:00,2026-09-18T12:45:00Z,0.79,0.79,1.21,2026-09-18T12:37:48.943698+00:00,up,up,1.0,0.21,2026-09-18T12:51:36.455948+00:00
BTC,KXBTC15M-26SEP180900-00,btc-updown-15m-1789736400,B,2026-09-18T13:00:00+00:00,2026-09-18T13:00:00Z,0.451,1.54,0.451,2026-09-18T13:00:19.885713+00:00,down,down,1.0,0.549,2026-09-18T13:18:47.717710+00:00
BTC,KXBTC15M-26SEP180915-15,btc-updown-15m-1789736400,B,2026-09-18T13:00:00+00:00,2026-09-18T13:15:00Z,0.78,1.22,0.78,2026-09-18T13:04:06.356188+00:00,down,down,1.0,0.22,2026-09-18T13:18:47.717710+00:00
ETH,KXETH15M-26SEP180915-15,eth-updown-15m-1789736400,A,2026-09-18T13:00:00+00:00,2026-09-18T13:15:00Z,0.77,0.77,1.24,2026-09-18T13:02:42.410862+00:00,down,down,1.0,0.23,2026-09-18T13:20:57.221356+00:00
BTC,KXBTC15M-26SEP180930-30,btc-updown-15m-1789738200,A,2026-09-18T13:30:00+00:00,2026-09-18T13:30:00Z,0.491,0.491,1.5,2026-09-18T13:30:19.404974+00:00,up,up,1.0,0.509,2026-09-18T13:52:30.227660+00:00
ETH,KXETH15M-26SEP180945-45,eth-updown-15m-1789739100,A,2026-09-18T13:45:00+00:00,2026-09-18T13:45:00Z,0.331,0.331,1.66,2026-09-18T13:45:17.477244+00:00,up,up,1.0,0.669,2026-09-18T14:06:00.416793+00:00
BTC,KXBTC15M-26SEP180945-45,btc-updown-15m-1789739100,A,2026-09-18T13:45:00+00:00,2026-09-18T13:45:00Z,0.441,0.441,1.55,2026-09-18T13:45:17.477244+00:00,up,up,1.0,0.559,2026-09-18T14:07:29.082056+00:00
ETH,KXETH15M-26SEP181045-45,eth-updown-15m-1789741800,A,2026-09-18T14:30:00+00:00,2026-09-18T14:45:00Z,0.79,0.79,1.21,2026-09-18T14:32:16.408823+00:00,up,up,1.0,0.21,2026-09-18T14:47:38.420810+00:00
BTC,KXBTC15M-26SEP181045-45,btc-updown-15m-1789741800,B,2026-09-18T14:30:00+00:00,2026-09-18T14:45:00Z,0.79,1.2,0.79,2026-09-18T14:41:11.999094+00:00,down,down,1.0,0.21,2026-09-18T14:49:33.645465+00:00
ETH,KXETH15M-26SEP181115-15,eth-updown-15m-1789743600,A,2026-09-18T15:00:00+00:00,2026-09-18T15:15:00Z,0.75,0.75,1.27,2026-09-18T15:09:31.382440+00:00,down,down,1.0,0.25,2026-09-18T15:19:19.739431+00:00
BTC,KXBTC15M-26SEP181100-00,btc-updown-15m-1789743600,A,2026-09-18T15:00:00+00:00,2026-09-18T15:00:00Z,0.601,0.601,1.39,2026-09-18T15:00:20.522260+00:00,up,down,0.0,-0.601,2026-09-18T15:20:15.325178+00:00
BTC,KXBTC15M-26SEP181115-15,btc-updown-15m-1789744500,B,2026-09-18T15:15:00+00:00,2026-09-18T15:15:00Z,0.381,1.61,0.381,2026-09-18T15:15:18.456185+00:00,down,up,0.0,-0.381,2026-09-18T15:36:56.251420+00:00
BTC,KXBTC15M-26SEP181145-45,btc-updown-15m-1789746300,B,2026-09-18T15:45:00+00:00,2026-09-18T15:45:00Z,0.581,1.41,0.581,2026-09-18T15:45:20.735902+00:00,down,up,0.0,-0.581,2026-09-18T16:03:41.133588+00:00
BTC,KXBTC15M-26SEP181200-00,btc-updown-15m-1789746300,B,2026-09-18T15:45:00+00:00,2026-09-18T16:00:00Z,0.7,1.3,0.7,2026-09-18T15:57:50.127762+00:00,up,up,1.0,0.3,2026-09-18T16:03:41.133588+00:00
ETH,KXETH15M-26SEP181145-45,eth-updown-15m-1789746300,B,2026-09-18T15:45:00+00:00,2026-09-18T15:45:00Z,0.551,1.43,0.551,2026-09-18T15:45:20.735902+00:00,down,up,0.0,-0.551,2026-09-18T16:05:59.141801+00:00
BTC,KXBTC15M-26SEP181215-15,btc-updown-15m-1789747200,B,2026-09-18T16:00:00+00:00,2026-09-18T16:15:00Z,0.78,1.22,0.78,2026-09-18T16:02:55.514497+00:00,up,up,1.0,0.22,2026-09-18T16:18:53.316107+00:00
BTC,KXBTC15M-26SEP181230-30,btc-updown-15m-1789748100,A,2026-09-18T16:15:00+00:00,2026-09-18T16:30:00Z,0.79,0.79,1.21,2026-09-18T16:23:59.649833+00:00,up,up,1.0,0.21,2026-09-18T16:34:09.454752+00:00
ETH,KXETH15M-26SEP181215-15,eth-updown-15m-1789748100,A,2026-09-18T16:15:00+00:00,2026-09-18T16:15:00Z,0.441,0.441,1.55,2026-09-18T16:15:19.688419+00:00,up,up,1.0,0.559,2026-09-18T16:35:57.942413+00:00
ETH,KXETH15M-26SEP181230-30,eth-updown-15m-1789748100,A,2026-09-18T16:15:00+00:00,2026-09-18T16:30:00Z,0.65,0.65,1.36,2026-09-18T16:25:19.812685+00:00,up,up,1.0,0.35,2026-09-18T16:35:57.942413+00:00
BTC,KXBTC15M-26SEP181245-45,btc-updown-15m-1789749000,A,2026-09-18T16:30:00+00:00,2026-09-18T16:45:00Z,0.71,0.71,1.29,2026-09-18T16:38:11.837097+00:00,down,down,1.0,0.29,2026-09-18T16:49:14.641730+00:00
ETH,KXETH15M-26SEP181315-15,eth-updown-15m-1789751700,B,2026-09-18T17:15:00+00:00,2026-09-18T17:15:00Z,0.501,1.48,0.501,2026-09-18T17:15:00.760499+00:00,down,down,1.0,0.499,2026-09-18T17:34:30.009784+00:00
ETH,KXETH15M-26SEP181330-30,eth-updown-15m-1789751700,A,2026-09-18T17:15:00+00:00,2026-09-18T17:30:00Z,0.78,0.78,1.22,2026-09-18T17:26:43.363638+00:00,down,down,1.0,0.22,2026-09-18T17:34:30.009784+00:00
BTC,KXBTC15M-26SEP181315-15,btc-updown-15m-1789751700,A,2026-09-18T17:15:00+00:00,2026-09-18T17:15:00Z,0.551,0.551,1.42,2026-09-18T17:15:00.760499+00:00,up,down,0.0,-0.551,2026-09-18T17:37:12.106160+00:00
BTC,KXBTC15M-26SEP181345-45,btc-updown-15m-1789752600,B,2026-09-18T17:30:00+00:00,2026-09-18T17:45:00Z,0.79,1.21,0.79,2026-09-18T17:39:02.796927+00:00,up,up,1.0,0.21,2026-09-18T17:47:55.467318+00:00
ETH,KXETH15M-26SEP181345-45,eth-updown-15m-1789752600,B,2026-09-18T17:30:00+00:00,2026-09-18T17:45:00Z,0.7,1.31,0.7,2026-09-18T17:41:48.460258+00:00,up,up,1.0,0.3,2026-09-18T17:51:33.939869+00:00
BTC,KXBTC15M-26SEP181415-15,btc-updown-15m-1789754400,A,2026-09-18T18:00:00+00:00,2026-09-18T18:15:00Z,0.79,0.79,1.21,2026-09-18T18:08:57.953913+00:00,down,down,1.0,0.21,2026-09-18T18:18:33.882351+00:00
ETH,KXETH15M-26SEP181415-15,eth-updown-15m-1789754400,B,2026-09-18T18:00:00+00:00,2026-09-18T18:15:00Z,0.74,1.22,0.74,2026-09-18T18:08:02.734577+00:00,down,down,1.0,0.26,2026-09-18T18:20:22.894903+00:00
BTC,KXBTC15M-26SEP181430-30,btc-updown-15m-1789755300,A,2026-09-18T18:15:00+00:00,2026-09-18T18:30:00Z,0.79,0.79,1.22,2026-09-18T18:24:26.886658+00:00,up,up,1.0,0.21,2026-09-18T18:33:30.223314+00:00
ETH,KXETH15M-26SEP181430-30,eth-updown-15m-1789755300,B,2026-09-18T18:15:00+00:00,2026-09-18T18:30:00Z,0.79,1.21,0.79,2026-09-18T18:25:37.125585+00:00,up,up,1.0,0.21,2026-09-18T18:35:46.040400+00:00
BTC,KXBTC15M-26SEP181445-45,btc-updown-15m-1789756200,B,2026-09-18T18:30:00+00:00,2026-09-18T18:45:00Z,0.78,1.21,0.78,2026-09-18T18:32:57.487559+00:00,down,down,1.0,0.22,2026-09-18T18:49:41.397760+00:00
ETH,KXETH15M-26SEP181445-45,eth-updown-15m-1789756200,B,2026-09-18T18:30:00+00:00,2026-09-18T18:45:00Z,0.67,1.27,0.67,2026-09-18T18:32:57.487559+00:00,up,up,1.0,0.33,2026-09-18T18:51:56.489996+00:00
ETH,KXETH15M-26SEP181500-00,eth-updown-15m-1789757100,A,2026-09-18T18:45:00+00:00,2026-09-18T19:00:00Z,0.67,0.67,1.33,2026-09-18T18:57:08.059930+00:00,up,up,1.0,0.33,2026-09-18T19:03:06.983842+00:00
BTC,KXBTC15M-26SEP181500-00,btc-updown-15m-1789757100,A,2026-09-18T18:45:00+00:00,2026-09-18T19:00:00Z,0.78,0.78,1.21,2026-09-18T18:56:51.821506+00:00,down,down,1.0,0.22,2026-09-18T19:04:54.293888+00:00
BTC,KXBTC15M-26SEP181530-30,btc-updown-15m-1789758900,A,2026-09-18T19:15:00+00:00,2026-09-18T19:30:00Z,0.78,0.78,1.22,2026-09-18T19:16:37.364544+00:00,up,up,1.0,0.22,2026-09-18T19:34:10.158154+00:00
ETH,KXETH15M-26SEP181530-30,eth-updown-15m-1789758900,B,2026-09-18T19:15:00+00:00,2026-09-18T19:30:00Z,0.76,1.26,0.76,2026-09-18T19:18:29.488269+00:00,up,up,1.0,0.24,2026-09-18T19:37:02.187540+00:00
BTC,KXBTC15M-26SEP181545-45,btc-updown-15m-1789759800,A,2026-09-18T19:30:00+00:00,2026-09-18T19:45:00Z,0.79,0.79,1.21,2026-09-18T19:42:36.681312+00:00,down,down,1.0,0.21,2026-09-18T19:47:09.136399+00:00
ETH,KXETH15M-26SEP181545-45,eth-updown-15m-1789759800,B,2026-09-18T19:30:00+00:00,2026-09-18T19:45:00Z,0.799,1.196,0.799,2026-09-18T19:40:48.952622+00:00,up,up,1.0,0.201,2026-09-18T19:49:30.049895+00:00
BTC,KXBTC15M-26SEP181600-00,btc-updown-15m-1789760700,A,2026-09-18T19:45:00+00:00,2026-09-18T20:00:00Z,0.71,0.71,1.22,2026-09-18T19:54:22.606190+00:00,up,up,1.0,0.29,2026-09-18T20:02:21.468599+00:00
ETH,KXETH15M-26SEP181600-00,eth-updown-15m-1789760700,B,2026-09-18T19:45:00+00:00,2026-09-18T20:00:00Z,0.52,1.47,0.52,2026-09-18T19:45:03.744076+00:00,down,down,1.0,0.48,2026-09-18T20:04:38.750688+00:00
BTC,KXBTC15M-26SEP181615-15,btc-updown-15m-1789761600,A,2026-09-18T20:00:00+00:00,2026-09-18T20:15:00Z,0.74,0.74,1.26,2026-09-18T20:06:42.615180+00:00,down,down,1.0,0.26,2026-09-18T20:18:40.096475+00:00
BTC,KXBTC15M-26SEP181630-30,btc-updown-15m-1789762500,A,2026-09-18T20:15:00+00:00,2026-09-18T20:30:00Z,0.78,0.78,1.22,2026-09-18T20:23:59.434658+00:00,down,down,1.0,0.22,2026-09-18T20:34:56.729763+00:00
ETH,KXETH15M-26SEP181615-15,eth-updown-15m-1789762500,B,2026-09-18T20:15:00+00:00,2026-09-18T20:15:00Z,0.581,1.42,0.581,2026-09-18T20:15:01.813944+00:00,down,down,1.0,0.419,2026-09-18T20:35:08.842608+00:00
BTC,KXBTC15M-26SEP181645-45,btc-updown-15m-1789763400,B,2026-09-18T20:30:00+00:00,2026-09-18T20:45:00Z,0.59,1.4,0.59,2026-09-18T20:42:29.589327+00:00,up,up,1.0,0.41,2026-09-18T20:50:08.779312+00:00
ETH,KXETH15M-26SEP181630-30,eth-updown-15m-1789763400,B,2026-09-18T20:30:00+00:00,2026-09-18T20:30:00Z,0.461,1.5,0.461,2026-09-18T20:30:02.056327+00:00,down,up,0.0,-0.461,2026-09-18T20:51:23.555475+00:00
ETH,KXETH15M-26SEP181645-45,eth-updown-15m-1789763400,B,2026-09-18T20:30:00+00:00,2026-09-18T20:45:00Z,0.67,1.33,0.67,2026-09-18T20:39:05.497936+00:00,up,up,1.0,0.33,2026-09-18T20:51:23.555475+00:00
BTC,KXBTC15M-26SEP181700-00,btc-updown-15m-1789764300,A,2026-09-18T20:45:00+00:00,2026-09-18T21:00:00Z,0.79,0.79,1.21,2026-09-18T20:49:44.560507+00:00,down,down,1.0,0.21,2026-09-18T21:05:18.261436+00:00
ETH,KXETH15M-26SEP181700-00,eth-updown-15m-1789765200,B,2026-09-18T21:00:00+00:00,2026-09-18T21:00:00Z,0.331,1.66,0.331,2026-09-18T21:00:05.241178+00:00,down,up,0.0,-0.331,2026-09-18T21:20:39.957341+00:00
BTC,KXBTC15M-26SEP181715-15,btc-updown-15m-1789766100,A,2026-09-18T21:15:00+00:00,2026-09-18T21:15:00Z,0.491,0.491,1.5,2026-09-18T21:15:00.396161+00:00,up,down,0.0,-0.491,2026-09-18T21:32:05.698556+00:00
ETH,KXETH15M-26SEP181715-15,eth-updown-15m-1789766100,A,2026-09-18T21:15:00+00:00,2026-09-18T21:15:00Z,0.491,0.491,1.5,2026-09-18T21:15:00.396161+00:00,up,down,0.0,-0.491,2026-09-18T21:33:55.940300+00:00
ETH,KXETH15M-26SEP181745-45,eth-updown-15m-1789767000,B,2026-09-18T21:30:00+00:00,2026-09-18T21:45:00Z,0.61,1.4,0.61,2026-09-18T21:41:51.761481+00:00,down,down,1.0,0.39,2026-09-18T21:47:40.748591+00:00
BTC,KXBTC15M-26SEP181730-30,btc-updown-15m-1789767000,B,2026-09-18T21:30:00+00:00,2026-09-18T21:30:00Z,0.431,1.55,0.431,2026-09-18T21:30:01.770481+00:00,down,up,0.0,-0.431,2026-09-18T21:50:26.159270+00:00
BTC,KXBTC15M-26SEP181745-45,btc-updown-15m-1789767900,A,2026-09-18T21:45:00+00:00,2026-09-18T21:45:00Z,0.471,0.471,1.52,2026-09-18T21:45:02.336794+00:00,up,up,1.0,0.529,2026-09-18T22:05:33.942219+00:00
BTC,KXBTC15M-26SEP181800-00,btc-updown-15m-1789767900,B,2026-09-18T21:45:00+00:00,2026-09-18T22:00:00Z,0.78,1.22,0.78,2026-09-18T21:50:19.179978+00:00,up,up,1.0,0.22,2026-09-18T22:05:33.942219+00:00
ETH,KXETH15M-26SEP181800-00,eth-updown-15m-1789768800,B,2026-09-18T22:00:00+00:00,2026-09-18T22:00:00Z,0.491,1.5,0.491,2026-09-18T22:00:00.584572+00:00,down,up,0.0,-0.491,2026-09-18T22:21:57.014825+00:00
BTC,KXBTC15M-26SEP181815-15,btc-updown-15m-1789768800,A,2026-09-18T22:00:00+00:00,2026-09-18T22:15:00Z,0.767,0.767,1.226,2026-09-18T22:13:03.509852+00:00,up,up,1.0,0.233,2026-09-18T22:22:02.388177+00:00
ETH,KXETH15M-26SEP181815-15,eth-updown-15m-1789769700,A,2026-09-18T22:15:00+00:00,2026-09-18T22:15:00Z,0.471,0.471,1.52,2026-09-18T22:15:01.823469+00:00,up,up,1.0,0.529,2026-09-18T22:34:53.532588+00:00
ETH,KXETH15M-26SEP181830-30,eth-updown-15m-1789769700,A,2026-09-18T22:15:00+00:00,2026-09-18T22:30:00Z,0.75,0.75,1.25,2026-09-18T22:20:20.230383+00:00,up,up,1.0,0.25,2026-09-18T22:34:53.532588+00:00
BTC,KXBTC15M-26SEP181830-30,btc-updown-15m-1789769700,A,2026-09-18T22:15:00+00:00,2026-09-18T22:30:00Z,0.76,0.76,1.24,2026-09-18T22:23:58.618541+00:00,up,up,1.0,0.24,2026-09-18T22:35:32.804037+00:00
ETH,KXETH15M-26SEP181845-45,eth-updown-15m-1789770600,A,2026-09-18T22:30:00+00:00,2026-09-18T22:45:00Z,0.75,0.75,1.26,2026-09-18T22:32:16.929729+00:00,down,down,1.0,0.25,2026-09-18T22:48:18.256731+00:00
BTC,KXBTC15M-26SEP181845-45,btc-updown-15m-1789771500,B,2026-09-18T22:45:00+00:00,2026-09-18T22:45:00Z,0.531,1.46,0.531,2026-09-18T22:45:03.125741+00:00,down,up,0.0,-0.531,2026-09-18T23:04:19.368197+00:00
BTC,KXBTC15M-26SEP181900-00,btc-updown-15m-1789771500,A,2026-09-18T22:45:00+00:00,2026-09-18T23:00:00Z,0.79,0.79,1.2,2026-09-18T22:56:57.738275+00:00,up,up,1.0,0.21,2026-09-18T23:04:19.368197+00:00
ETH,KXETH15M-26SEP181900-00,eth-updown-15m-1789771500,B,2026-09-18T22:45:00+00:00,2026-09-18T23:00:00Z,0.73,1.27,0.73,2026-09-18T22:54:19.312849+00:00,up,up,1.0,0.27,2026-09-18T23:05:39.895282+00:00
BTC,KXBTC15M-26SEP181915-15,btc-updown-15m-1789772400,B,2026-09-18T23:00:00+00:00,2026-09-18T23:15:00Z,0.79,1.21,0.79,2026-09-18T23:14:23.579499+00:00,up,up,1.0,0.21,2026-09-18T23:18:08.871308+00:00
ETH,KXETH15M-26SEP181915-15,eth-updown-15m-1789773300,B,2026-09-18T23:15:00+00:00,2026-09-18T23:15:00Z,0.465,1.449,0.465,2026-09-18T23:15:00.578867+00:00,down,down,1.0,0.535,2026-09-18T23:36:52.418992+00:00
ETH,KXETH15M-26SEP181930-30,eth-updown-15m-1789774200,B,2026-09-18T23:30:00+00:00,2026-09-18T23:30:00Z,0.471,1.52,0.471,2026-09-18T23:30:02.762119+00:00,down,down,1.0,0.529,2026-09-18T23:47:55.083265+00:00
BTC,KXBTC15M-26SEP181930-30,btc-updown-15m-1789774200,B,2026-09-18T23:30:00+00:00,2026-09-18T23:30:00Z,0.551,1.44,0.551,2026-09-18T23:30:02.762119+00:00,down,down,1.0,0.449,2026-09-18T23:48:50.098621+00:00
BTC,KXBTC15M-26SEP181945-45,btc-updown-15m-1789774200,A,2026-09-18T23:30:00+00:00,2026-09-18T23:45:00Z,0.79,0.79,1.21,2026-09-18T23:35:25.984134+00:00,down,down,1.0,0.21,2026-09-18T23:48:50.098621+00:00
ETH,KXETH15M-26SEP181945-45,eth-updown-15m-1789775100,B,2026-09-18T23:45:00+00:00,2026-09-18T23:45:00Z,0.551,1.51,0.551,2026-09-18T23:45:02.308243+00:00,down,down,1.0,0.449,2026-09-19T00:05:15.289481+00:00
ETH,KXETH15M-26SEP182000-00,eth-updown-15m-1789775100,B,2026-09-18T23:45:00+00:00,2026-09-19T00:00:00Z,0.7,1.32,0.7,2026-09-18T23:57:46.978068+00:00,down,down,1.0,0.3,2026-09-19T00:05:15.289481+00:00
BTC,KXBTC15M-26SEP182000-00,btc-updown-15m-1789775100,B,2026-09-18T23:45:00+00:00,2026-09-19T00:00:00Z,0.79,1.22,0.79,2026-09-18T23:51:47.578595+00:00,down,down,1.0,0.21,2026-09-19T00:05:51.439369+00:00
BTC,KXBTC15M-26SEP182015-15,btc-updown-15m-1789776000,B,2026-09-19T00:00:00+00:00,2026-09-19T00:15:00Z,0.79,1.21,0.79,2026-09-19T00:13:46.219072+00:00,up,up,1.0,0.21,2026-09-19T00:18:08.144854+00:00
ETH,KXETH15M-26SEP182015-15,eth-updown-15m-1789776000,A,2026-09-19T00:00:00+00:00,2026-09-19T00:15:00Z,0.77,0.77,1.23,2026-09-19T00:07:48.577656+00:00,down,down,1.0,0.23,2026-09-19T00:21:54.713245+00:00
ETH,KXETH15M-26SEP182030-30,eth-updown-15m-1789776900,A,2026-09-19T00:15:00+00:00,2026-09-19T00:30:00Z,0.779,0.779,1.213,2026-09-19T00:20:41.423188+00:00,up,up,1.0,0.221,2026-09-19T00:33:32.094075+00:00
BTC,KXBTC15M-26SEP182030-30,btc-updown-15m-1789777800,A,2026-09-19T00:30:00+00:00,2026-09-19T00:30:00Z,0.501,0.501,1.49,2026-09-19T00:30:00.297042+00:00,up,up,1.0,0.499,2026-09-19T00:48:34.619326+00:00
ETH,KXETH15M-26SEP182045-45,eth-updown-15m-1789778700,A,2026-09-19T00:45:00+00:00,2026-09-19T00:45:00Z,0.431,0.431,1.56,2026-09-19T00:45:04.849463+00:00,up,up,1.0,0.569,2026-09-19T01:03:39.946862+00:00
ETH,KXETH15M-26SEP182100-00,eth-updown-15m-1789778700,A,2026-09-19T00:45:00+00:00,2026-09-19T01:00:00Z,0.75,0.75,1.24,2026-09-19T00:52:20.281547+00:00,up,up,1.0,0.25,2026-09-19T01:03:39.946862+00:00
BTC,KXBTC15M-26SEP182045-45,btc-updown-15m-1789778700,A,2026-09-19T00:45:00+00:00,2026-09-19T00:45:00Z,0.481,0.481,1.51,2026-09-19T00:45:04.849463+00:00,up,up,1.0,0.519,2026-09-19T01:03:45.714299+00:00
BTC,KXBTC15M-26SEP182100-00,btc-updown-15m-1789778700,A,2026-09-19T00:45:00+00:00,2026-09-19T01:00:00Z,0.71,0.71,1.29,2026-09-19T00:47:01.809277+00:00,up,up,1.0,0.29,2026-09-19T01:03:45.714299+00:00
BTC,KXBTC15M-26SEP182115-15,btc-updown-15m-1789780500,B,2026-09-19T01:15:00+00:00,2026-09-19T01:15:00Z,0.501,1.49,0.501,2026-09-19T01:15:02.163913+00:00,down,down,1.0,0.499,2026-09-19T01:32:33.889969+00:00
BTC,KXBTC15M-26SEP182130-30,btc-updown-15m-1789780500,B,2026-09-19T01:15:00+00:00,2026-09-19T01:30:00Z,0.78,1.22,0.78,2026-09-19T01:27:16.179893+00:00,down,down,1.0,0.22,2026-09-19T01:32:33.889969+00:00
ETH,KXETH15M-26SEP182130-30,eth-updown-15m-1789780500,B,2026-09-19T01:15:00+00:00,2026-09-19T01:30:00Z,0.79,1.21,0.79,2026-09-19T01:27:16.179893+00:00,down,down,1.0,0.21,2026-09-19T01:33:06.949233+00:00
BTC,KXBTC15M-26SEP182145-45,btc-updown-15m-1789782300,B,2026-09-19T01:45:00+00:00,2026-09-19T01:45:00Z,0.491,1.5,0.491,2026-09-19T01:45:00.198677+00:00,down,up,0.0,-0.491,2026-09-19T02:03:00.235271+00:00
ETH,KXETH15M-26SEP182200-00,eth-updown-15m-1789782300,B,2026-09-19T01:45:00+00:00,2026-09-19T02:00:00Z,0.47,1.52,0.47,2026-09-19T01:45:00.198677+00:00,up,up,1.0,0.53,2026-09-19T02:05:15.987198+00:00
ETH,KXETH15M-26SEP182215-15,eth-updown-15m-1789783200,B,2026-09-19T02:00:00+00:00,2026-09-19T02:15:00Z,0.75,1.26,0.75,2026-09-19T02:08:34.062259+00:00,up,up,1.0,0.25,2026-09-19T02:17:19.169528+00:00
BTC,KXBTC15M-26SEP182215-15,btc-updown-15m-1789783200,B,2026-09-19T02:00:00+00:00,2026-09-19T02:15:00Z,0.47,1.52,0.47,2026-09-19T02:00:01.591150+00:00,up,up,1.0,0.53,2026-09-19T02:21:28.986677+00:00
BTC,KXBTC15M-26SEP182230-30,btc-updown-15m-1789784100,B,2026-09-19T02:15:00+00:00,2026-09-19T02:30:00Z,0.75,1.25,0.75,2026-09-19T02:23:19.240745+00:00,down,down,1.0,0.25,2026-09-19T02:32:50.361296+00:00
ETH,KXETH15M-26SEP182230-30,eth-updown-15m-1789784100,A,2026-09-19T02:15:00+00:00,2026-09-19T02:30:00Z,0.77,0.77,1.178,2026-09-19T02:24:25.391821+00:00,up,up,1.0,0.23,2026-09-19T02:33:34.661199+00:00
BTC,KXBTC15M-26SEP182245-45,btc-updown-15m-1789785000,A,2026-09-19T02:30:00+00:00,2026-09-19T02:45:00Z,0.67,0.67,1.33,2026-09-19T02:38:58.341761+00:00,down,down,1.0,0.33,2026-09-19T02:49:13.138835+00:00
ETH,KXETH15M-26SEP182300-00,eth-updown-15m-1789785900,A,2026-09-19T02:45:00+00:00,2026-09-19T03:00:00Z,0.79,0.79,1.21,2026-09-19T02:54:41.378682+00:00,up,up,1.0,0.21,2026-09-19T03:06:47.272996+00:00
BTC,KXBTC15M-26SEP182300-00,btc-updown-15m-1789786800,B,2026-09-19T03:00:00+00:00,2026-09-19T03:00:00Z,0.431,1.56,0.431,2026-09-19T03:00:02.502217+00:00,down,down,1.0,0.569,2026-09-19T03:18:30.930445+00:00
BTC,KXBTC15M-26SEP182315-15,btc-updown-15m-1789786800,B,2026-09-19T03:00:00+00:00,2026-09-19T03:15:00Z,0.79,1.21,0.79,2026-09-19T03:01:13.471151+00:00,down,down,1.0,0.21,2026-09-19T03:18:30.930445+00:00
ETH,KXETH15M-26SEP182315-15,eth-updown-15m-1789787700,A,2026-09-19T03:15:00+00:00,2026-09-19T03:15:00Z,0.511,0.511,1.48,2026-09-19T03:15:01.813881+00:00,up,down,0.0,-0.511,2026-09-19T03:34:08.452236+00:00
ETH,KXETH15M-26SEP182345-45,eth-updown-15m-1789788600,B,2026-09-19T03:30:00+00:00,2026-09-19T03:45:00Z,0.43,1.58,0.43,2026-09-19T03:44:31.118645+00:00,up,up,1.0,0.57,2026-09-19T03:48:11.804085+00:00
ETH,KXETH15M-26SEP182330-30,eth-updown-15m-1789788600,B,2026-09-19T03:30:00+00:00,2026-09-19T03:30:00Z,0.541,1.45,0.541,2026-09-19T03:30:02.825414+00:00,down,up,0.0,-0.541,2026-09-19T03:48:18.130129+00:00
BTC,KXBTC15M-26SEP182330-30,btc-updown-15m-1789788600,B,2026-09-19T03:30:00+00:00,2026-09-19T03:30:00Z,0.531,1.46,0.531,2026-09-19T03:30:02.825414+00:00,down,up,0.0,-0.531,2026-09-19T03:51:23.905373+00:00
BTC,KXBTC15M-26SEP182345-45,btc-updown-15m-1789788600,B,2026-09-19T03:30:00+00:00,2026-09-19T03:45:00Z,0.69,1.31,0.69,2026-09-19T03:42:43.118108+00:00,up,up,1.0,0.31,2026-09-19T03:51:23.905373+00:00
BTC,KXBTC15M-26SEP190000-00,btc-updown-15m-1789789500,A,2026-09-19T03:45:00+00:00,2026-09-19T04:00:00Z,0.79,0.79,1.21,2026-09-19T03:57:23.572997+00:00,down,down,1.0,0.21,2026-09-19T04:06:19.439073+00:00
ETH,KXETH15M-26SEP190000-00,eth-updown-15m-1789789500,A,2026-09-19T03:45:00+00:00,2026-09-19T04:00:00Z,0.78,0.78,1.21,2026-09-19T03:57:23.572997+00:00,down,down,1.0,0.22,2026-09-19T04:07:16.975697+00:00
BTC,KXBTC15M-26SEP190015-15,btc-updown-15m-1789791300,A,2026-09-19T04:15:00+00:00,2026-09-19T04:15:00Z,0.501,0.501,1.49,2026-09-19T04:15:03.439419+00:00,up,down,0.0,-0.501,2026-09-19T04:34:41.189967+00:00
ETH,KXETH15M-26SEP190015-15,eth-updown-15m-1789791300,A,2026-09-19T04:15:00+00:00,2026-09-19T04:15:00Z,0.491,0.491,1.5,2026-09-19T04:15:03.439419+00:00,up,down,0.0,-0.491,2026-09-19T04:34:41.189967+00:00
ETH,KXETH15M-26SEP190030-30,eth-updown-15m-1789791300,A,2026-09-19T04:15:00+00:00,2026-09-19T04:30:00Z,0.67,0.67,1.33,2026-09-19T04:28:54.901621+00:00,down,down,1.0,0.33,2026-09-19T04:34:41.189967+00:00
ETH,KXETH15M-26SEP190045-45,eth-updown-15m-1789793100,B,2026-09-19T04:45:00+00:00,2026-09-19T04:45:00Z,0.571,1.42,0.571,2026-09-19T04:45:02.806108+00:00,down,up,0.0,-0.571,2026-09-19T05:05:32.239969+00:00
BTC,KXBTC15M-26SEP190045-45,btc-updown-15m-1789793100,B,2026-09-19T04:45:00+00:00,2026-09-19T04:45:00Z,0.551,1.44,0.551,2026-09-19T04:45:02.806108+00:00,down,up,0.0,-0.551,2026-09-19T05:06:07.053792+00:00
BTC,KXBTC15M-26SEP190100-00,btc-updown-15m-1789793100,B,2026-09-19T04:45:00+00:00,2026-09-19T05:00:00Z,0.76,1.23,0.76,2026-09-19T04:56:33.760510+00:00,up,up,1.0,0.24,2026-09-19T05:06:07.053792+00:00
ETH,KXETH15M-26SEP190100-00,eth-updown-15m-1789794000,A,2026-09-19T05:00:00+00:00,2026-09-19T05:00:00Z,0.541,0.541,1.45,2026-09-19T05:00:02.186729+00:00,up,up,1.0,0.459,2026-09-19T05:18:20.600669+00:00
ETH,KXETH15M-26SEP190115-15,eth-updown-15m-1789794900,A,2026-09-19T05:15:00+00:00,2026-09-19T05:15:00Z,0.491,0.491,1.5,2026-09-19T05:15:04.575660+00:00,up,up,1.0,0.509,2026-09-19T05:35:13.165125+00:00
BTC,KXBTC15M-26SEP190115-15,btc-updown-15m-1789794900,A,2026-09-19T05:15:00+00:00,2026-09-19T05:15:00Z,0.461,0.461,1.53,2026-09-19T05:15:04.575660+00:00,up,up,1.0,0.539,2026-09-19T05:36:30.082134+00:00
BTC,KXBTC15M-26SEP190145-45,btc-updown-15m-1789795800,B,2026-09-19T05:30:00+00:00,2026-09-19T05:45:00Z,0.79,1.21,0.79,2026-09-19T05:37:18.752475+00:00,down,down,1.0,0.21,2026-09-19T05:51:45.268429+00:00
ETH,KXETH15M-26SEP190145-45,eth-updown-15m-1789795800,A,2026-09-19T05:30:00+00:00,2026-09-19T05:45:00Z,0.77,0.77,1.225,2026-09-19T05:40:17.577967+00:00,down,down,1.0,0.23,2026-09-19T05:52:11.763117+00:00
BTC,KXBTC15M-26SEP190200-00,btc-updown-15m-1789796700,A,2026-09-19T05:45:00+00:00,2026-09-19T06:00:00Z,0.78,0.78,1.22,2026-09-19T05:59:07.079720+00:00,up,up,1.0,0.22,2026-09-19T06:02:25.395911+00:00
ETH,KXETH15M-26SEP190200-00,eth-updown-15m-1789796700,B,2026-09-19T05:45:00+00:00,2026-09-19T06:00:00Z,0.77,1.23,0.77,2026-09-19T05:50:19.612416+00:00,up,up,1.0,0.23,2026-09-19T06:04:27.181447+00:00
ETH,KXETH15M-26SEP190215-15,eth-updown-15m-1789797600,A,2026-09-19T06:00:00+00:00,2026-09-19T06:15:00Z,0.78,0.78,1.22,2026-09-19T06:04:05.334456+00:00,down,down,1.0,0.22,2026-09-19T06:18:33.786371+00:00
BTC,KXBTC15M-26SEP190215-15,btc-updown-15m-1789798500,B,2026-09-19T06:15:00+00:00,2026-09-19T06:15:00Z,0.491,1.5,0.491,2026-09-19T06:15:01.502845+00:00,down,down,1.0,0.509,2026-09-19T06:32:46.011793+00:00
ETH,KXETH15M-26SEP190230-30,eth-updown-15m-1789799400,B,2026-09-19T06:30:00+00:00,2026-09-19T06:30:00Z,0.451,1.51,0.451,2026-09-19T06:30:00.066259+00:00,down,up,0.0,-0.451,2026-09-19T06:48:01.617850+00:00
BTC,KXBTC15M-26SEP190230-30,btc-updown-15m-1789799400,B,2026-09-19T06:30:00+00:00,2026-09-19T06:30:00Z,0.481,1.52,0.481,2026-09-19T06:30:00.066259+00:00,down,up,0.0,-0.481,2026-09-19T06:48:07.200875+00:00
BTC,KXBTC15M-26SEP190245-45,btc-updown-15m-1789800300,A,2026-09-19T06:45:00+00:00,2026-09-19T06:45:00Z,0.492,0.492,1.499,2026-09-19T06:45:04.275727+00:00,up,down,0.0,-0.492,2026-09-19T07:04:53.136489+00:00
ETH,KXETH15M-26SEP190245-45,eth-updown-15m-1789800300,A,2026-09-19T06:45:00+00:00,2026-09-19T06:45:00Z,0.491,0.491,1.5,2026-09-19T06:45:04.275727+00:00,up,down,0.0,-0.491,2026-09-19T07:04:58.781215+00:00
ETH,KXETH15M-26SEP190300-00,eth-updown-15m-1789801200,B,2026-09-19T07:00:00+00:00,2026-09-19T07:00:00Z,0.482,1.51,0.482,2026-09-19T07:00:04.758009+00:00,down,up,0.0,-0.482,2026-09-19T07:17:56.915783+00:00
BTC,KXBTC15M-26SEP190300-00,btc-updown-15m-1789801200,B,2026-09-19T07:00:00+00:00,2026-09-19T07:00:00Z,0.386,1.605,0.386,2026-09-19T07:00:04.758009+00:00,down,up,0.0,-0.386,2026-09-19T07:20:04.990117+00:00
ETH,KXETH15M-26SEP190315-15,eth-updown-15m-1789802100,A,2026-09-19T07:15:00+00:00,2026-09-19T07:15:00Z,0.581,0.581,1.41,2026-09-19T07:15:02.286749+00:00,up,down,0.0,-0.581,2026-09-19T07:34:58.256125+00:00
ETH,KXETH15M-26SEP190330-30,eth-updown-15m-1789802100,A,2026-09-19T07:15:00+00:00,2026-09-19T07:30:00Z,0.78,0.78,1.22,2026-09-19T07:22:28.627135+00:00,down,down,1.0,0.22,2026-09-19T07:34:58.256125+00:00
BTC,KXBTC15M-26SEP190315-15,btc-updown-15m-1789802100,A,2026-09-19T07:15:00+00:00,2026-09-19T07:15:00Z,0.601,0.601,1.39,2026-09-19T07:15:02.286749+00:00,up,down,0.0,-0.601,2026-09-19T07:36:17.139095+00:00
BTC,KXBTC15M-26SEP190330-30,btc-updown-15m-1789803000,B,2026-09-19T07:30:00+00:00,2026-09-19T07:30:00Z,0.371,1.61,0.371,2026-09-19T07:30:02.610624+00:00,down,down,1.0,0.629,2026-09-19T07:52:17.983062+00:00
ETH,KXETH15M-26SEP190345-45,eth-updown-15m-1789803900,B,2026-09-19T07:45:00+00:00,2026-09-19T07:45:00Z,0.471,1.52,0.471,2026-09-19T07:45:02.570399+00:00,down,up,0.0,-0.471,2026-09-19T08:06:18.864809+00:00
BTC,KXBTC15M-26SEP190345-45,btc-updown-15m-1789803900,B,2026-09-19T07:45:00+00:00,2026-09-19T07:45:00Z,0.481,1.51,0.481,2026-09-19T07:45:02.570399+00:00,down,up,0.0,-0.481,2026-09-19T08:06:45.392235+00:00
ETH,KXETH15M-26SEP190400-00,eth-updown-15m-1789804800,A,2026-09-19T08:00:00+00:00,2026-09-19T08:00:00Z,0.551,0.551,1.44,2026-09-19T08:00:01.783678+00:00,up,up,1.0,0.449,2026-09-19T08:17:30.916173+00:00
ETH,KXETH15M-26SEP190415-15,eth-updown-15m-1789804800,A,2026-09-19T08:00:00+00:00,2026-09-19T08:15:00Z,0.77,0.77,1.23,2026-09-19T08:01:01.424983+00:00,up,up,1.0,0.23,2026-09-19T08:17:30.916173+00:00
BTC,KXBTC15M-26SEP190400-00,btc-updown-15m-1789804800,A,2026-09-19T08:00:00+00:00,2026-09-19T08:00:00Z,0.511,0.511,1.48,2026-09-19T08:00:01.783678+00:00,up,up,1.0,0.489,2026-09-19T08:18:28.357534+00:00
BTC,KXBTC15M-26SEP190415-15,btc-updown-15m-1789804800,A,2026-09-19T08:00:00+00:00,2026-09-19T08:15:00Z,0.79,0.79,1.21,2026-09-19T08:01:07.535015+00:00,up,up,1.0,0.21,2026-09-19T08:18:28.357534+00:00
BTC,KXBTC15M-26SEP190430-30,btc-updown-15m-1789805700,B,2026-09-19T08:15:00+00:00,2026-09-19T08:30:00Z,0.78,1.22,0.78,2026-09-19T08:20:50.809202+00:00,up,up,1.0,0.22,2026-09-19T08:34:23.865431+00:00
ETH,KXETH15M-26SEP190430-30,eth-updown-15m-1789806600,A,2026-09-19T08:30:00+00:00,2026-09-19T08:30:00Z,0.501,0.501,1.48,2026-09-19T08:30:00.786586+00:00,up,up,1.0,0.499,2026-09-19T08:51:51.931006+00:00
BTC,KXBTC15M-26SEP190445-45,btc-updown-15m-1789807500,A,2026-09-19T08:45:00+00:00,2026-09-19T08:45:00Z,0.452,0.452,1.539,2026-09-19T08:45:04.164968+00:00,up,down,0.0,-0.452,2026-09-19T09:04:07.575748+00:00
BTC,KXBTC15M-26SEP190500-00,btc-updown-15m-1789807500,B,2026-09-19T08:45:00+00:00,2026-09-19T09:00:00Z,0.78,1.22,0.78,2026-09-19T08:56:06.099243+00:00,down,down,1.0,0.22,2026-09-19T09:04:07.575748+00:00
ETH,KXETH15M-26SEP190445-45,eth-updown-15m-1789807500,A,2026-09-19T08:45:00+00:00,2026-09-19T08:45:00Z,0.441,0.441,1.55,2026-09-19T08:45:04.164968+00:00,up,down,0.0,-0.441,2026-09-19T09:05:47.157994+00:00
ETH,KXETH15M-26SEP190500-00,eth-updown-15m-1789807500,B,2026-09-19T08:45:00+00:00,2026-09-19T09:00:00Z,0.71,1.3,0.71,2026-09-19T08:51:28.189366+00:00,down,down,1.0,0.29,2026-09-19T09:05:47.157994+00:00
ETH,KXETH15M-26SEP190515-15,eth-updown-15m-1789809300,A,2026-09-19T09:15:00+00:00,2026-09-19T09:15:00Z,0.431,0.431,1.56,2026-09-19T09:15:02.644430+00:00,up,down,0.0,-0.431,2026-09-19T09:33:08.768098+00:00
ETH,KXETH15M-26SEP190530-30,eth-updown-15m-1789809300,A,2026-09-19T09:15:00+00:00,2026-09-19T09:30:00Z,0.71,0.71,1.29,2026-09-19T09:23:07.277951+00:00,down,down,1.0,0.29,2026-09-19T09:33:08.768098+00:00
BTC,KXBTC15M-26SEP190530-30,btc-updown-15m-1789809300,A,2026-09-19T09:15:00+00:00,2026-09-19T09:30:00Z,0.74,0.74,1.26,2026-09-19T09:25:15.547587+00:00,down,down,1.0,0.26,2026-09-19T09:34:33.271032+00:00
BTC,KXBTC15M-26SEP190545-45,btc-updown-15m-1789811100,B,2026-09-19T09:45:00+00:00,2026-09-19T09:45:00Z,0.471,1.52,0.471,2026-09-19T09:45:04.991533+00:00,down,up,0.0,-0.471,2026-09-19T10:05:31.644298+00:00
ETH,KXETH15M-26SEP190545-45,eth-updown-15m-1789811100,B,2026-09-19T09:45:00+00:00,2026-09-19T09:45:00Z,0.411,1.58,0.411,2026-09-19T09:45:04.991533+00:00,down,up,0.0,-0.411,2026-09-19T10:06:14.108200+00:00
ETH,KXETH15M-26SEP190600-00,eth-updown-15m-1789812000,A,2026-09-19T10:00:00+00:00,2026-09-19T10:00:00Z,0.411,0.411,1.58,2026-09-19T10:00:00.373165+00:00,up,down,0.0,-0.411,2026-09-19T10:18:19.558635+00:00
ETH,KXETH15M-26SEP190615-15,eth-updown-15m-1789812000,B,2026-09-19T10:00:00+00:00,2026-09-19T10:15:00Z,0.77,1.26,0.77,2026-09-19T10:13:04.750985+00:00,down,down,1.0,0.23,2026-09-19T10:18:19.558635+00:00
BTC,KXBTC15M-26SEP190600-00,btc-updown-15m-1789812000,A,2026-09-19T10:00:00+00:00,2026-09-19T10:00:00Z,0.451,0.451,1.54,2026-09-19T10:00:00.373165+00:00,up,down,0.0,-0.451,2026-09-19T10:21:55.756557+00:00
ETH,KXETH15M-26SEP190630-30,eth-updown-15m-1789812900,B,2026-09-19T10:15:00+00:00,2026-09-19T10:30:00Z,0.78,1.22,0.78,2026-09-19T10:20:06.350633+00:00,up,up,1.0,0.22,2026-09-19T10:36:43.465503+00:00
BTC,KXBTC15M-26SEP190615-15,btc-updown-15m-1789812900,B,2026-09-19T10:15:00+00:00,2026-09-19T10:15:00Z,0.443,1.548,0.443,2026-09-19T10:15:03.642680+00:00,down,down,1.0,0.557,2026-09-19T10:37:35.336864+00:00
BTC,KXBTC15M-26SEP190630-30,btc-updown-15m-1789812900,A,2026-09-19T10:15:00+00:00,2026-09-19T10:30:00Z,0.78,0.78,1.22,2026-09-19T10:20:46.189141+00:00,up,down,0.0,-0.78,2026-09-19T10:37:35.336864+00:00
ETH,KXETH15M-26SEP190645-45,eth-updown-15m-1789813800,A,2026-09-19T10:30:00+00:00,2026-09-19T10:45:00Z,0.71,0.71,1.29,2026-09-19T10:37:40.508618+00:00,down,down,1.0,0.29,2026-09-19T10:48:34.921882+00:00
BTC,KXBTC15M-26SEP190645-45,btc-updown-15m-1789814700,B,2026-09-19T10:45:00+00:00,2026-09-19T10:45:00Z,0.451,1.54,0.451,2026-09-19T10:45:03.280198+00:00,down,down,1.0,0.549,2026-09-19T11:02:46.828254+00:00
BTC,KXBTC15M-26SEP190700-00,btc-updown-15m-1789814700,A,2026-09-19T10:45:00+00:00,2026-09-19T11:00:00Z,0.763,0.763,1.218,2026-09-19T10:55:43.431705+00:00,down,down,1.0,0.237,2026-09-19T11:02:46.828254+00:00
ETH,KXETH15M-26SEP190700-00,eth-updown-15m-1789814700,A,2026-09-19T10:45:00+00:00,2026-09-19T11:00:00Z,0.71,0.71,1.28,2026-09-19T10:55:43.431705+00:00,down,down,1.0,0.29,2026-09-19T11:04:57.262414+00:00
ETH,KXETH15M-26SEP190715-15,eth-updown-15m-1789815600,A,2026-09-19T11:00:00+00:00,2026-09-19T11:15:00Z,0.78,0.78,1.23,2026-09-19T11:13:38.758852+00:00,down,down,1.0,0.22,2026-09-19T11:17:46.158844+00:00
BTC,KXBTC15M-26SEP190715-15,btc-updown-15m-1789816500,A,2026-09-19T11:15:00+00:00,2026-09-19T11:15:00Z,0.501,0.501,1.49,2026-09-19T11:15:03.042919+00:00,up,down,0.0,-0.501,2026-09-19T11:35:05.217987+00:00
BTC,KXBTC15M-26SEP190730-30,btc-updown-15m-1789816500,B,2026-09-19T11:15:00+00:00,2026-09-19T11:30:00Z,0.79,1.21,0.79,2026-09-19T11:17:25.262977+00:00,down,down,1.0,0.21,2026-09-19T11:35:05.217987+00:00
ETH,KXETH15M-26SEP190730-30,eth-updown-15m-1789816500,B,2026-09-19T11:15:00+00:00,2026-09-19T11:30:00Z,0.71,1.29,0.71,2026-09-19T11:17:25.262977+00:00,up,up,1.0,0.29,2026-09-19T11:35:10.987946+00:00
ETH,KXETH15M-26SEP190745-45,eth-updown-15m-1789817400,B,2026-09-19T11:30:00+00:00,2026-09-19T11:45:00Z,0.74,1.04,0.74,2026-09-19T11:31:37.045047+00:00,up,up,1.0,0.26,2026-09-19T11:48:16.739932+00:00
BTC,KXBTC15M-26SEP190745-45,btc-updown-15m-1789817400,A,2026-09-19T11:30:00+00:00,2026-09-19T11:45:00Z,0.79,0.79,1.21,2026-09-19T11:40:20.455452+00:00,up,up,1.0,0.21,2026-09-19T11:50:33.705214+00:00
ETH,KXETH15M-26SEP190800-00,eth-updown-15m-1789819200,A,2026-09-19T12:00:00+00:00,2026-09-19T12:00:00Z,0.498,0.498,1.493,2026-09-19T12:00:01.484464+00:00,up,up,1.0,0.502,2026-09-19T12:20:16.148407+00:00
ETH,KXETH15M-26SEP190815-15,eth-updown-15m-1789819200,B,2026-09-19T12:00:00+00:00,2026-09-19T12:15:00Z,0.78,1.22,0.78,2026-09-19T12:06:19.242734+00:00,up,up,1.0,0.22,2026-09-19T12:20:16.148407+00:00
BTC,KXBTC15M-26SEP190800-00,btc-updown-15m-1789819200,A,2026-09-19T12:00:00+00:00,2026-09-19T12:00:00Z,0.492,0.492,1.499,2026-09-19T12:00:01.484464+00:00,up,up,1.0,0.508,2026-09-19T12:21:20.440981+00:00
BTC,KXBTC15M-26SEP190815-15,btc-updown-15m-1789819200,B,2026-09-19T12:00:00+00:00,2026-09-19T12:15:00Z,0.77,1.23,0.77,2026-09-19T12:05:57.451018+00:00,up,up,1.0,0.23,2026-09-19T12:21:20.440981+00:00
BTC,KXBTC15M-26SEP190830-30,btc-updown-15m-1789820100,A,2026-09-19T12:15:00+00:00,2026-09-19T12:30:00Z,0.79,0.79,1.21,2026-09-19T12:18:18.760265+00:00,down,down,1.0,0.21,2026-09-19T12:36:23.414162+00:00
ETH,KXETH15M-26SEP190830-30,eth-updown-15m-1789820100,A,2026-09-19T12:15:00+00:00,2026-09-19T12:30:00Z,0.76,0.76,1.24,2026-09-19T12:18:18.760265+00:00,down,down,1.0,0.24,2026-09-19T12:37:39.620159+00:00
ETH,KXETH15M-26SEP190845-45,eth-updown-15m-1789821000,B,2026-09-19T12:30:00+00:00,2026-09-19T12:45:00Z,0.79,1.21,0.79,2026-09-19T12:40:02.549407+00:00,down,down,1.0,0.21,2026-09-19T12:47:57.625101+00:00
ETH,KXETH15M-26SEP190900-00,eth-updown-15m-1789821900,A,2026-09-19T12:45:00+00:00,2026-09-19T13:00:00Z,0.77,0.77,1.222,2026-09-19T12:54:33.576233+00:00,up,up,1.0,0.23,2026-09-19T13:03:00.458553+00:00
BTC,KXBTC15M-26SEP190845-45,btc-updown-15m-1789821900,A,2026-09-19T12:45:00+00:00,2026-09-19T12:45:00Z,0.581,0.581,1.41,2026-09-19T12:45:01.878403+00:00,up,up,1.0,0.419,2026-09-19T13:03:21.897772+00:00
BTC,KXBTC15M-26SEP190900-00,btc-updown-15m-1789821900,B,2026-09-19T12:45:00+00:00,2026-09-19T13:00:00Z,0.75,1.25,0.75,2026-09-19T12:49:14.565644+00:00,up,up,1.0,0.25,2026-09-19T13:03:21.897772+00:00
ETH,KXETH15M-26SEP190915-15,eth-updown-15m-1789822800,B,2026-09-19T13:00:00+00:00,2026-09-19T13:15:00Z,0.79,1.21,0.79,2026-09-19T13:02:11.553204+00:00,down,down,1.0,0.21,2026-09-19T13:20:51.076598+00:00
ETH,KXETH15M-26SEP190930-30,eth-updown-15m-1789823700,A,2026-09-19T13:15:00+00:00,2026-09-19T13:30:00Z,0.79,0.79,1.191,2026-09-19T13:19:46.603159+00:00,down,down,1.0,0.21,2026-09-19T13:33:58.437684+00:00
BTC,KXBTC15M-26SEP190915-15,btc-updown-15m-1789823700,B,2026-09-19T13:15:00+00:00,2026-09-19T13:15:00Z,0.381,1.61,0.381,2026-09-19T13:15:04.777783+00:00,down,down,1.0,0.619,2026-09-19T13:34:32.575566+00:00
BTC,KXBTC15M-26SEP190930-30,btc-updown-15m-1789823700,A,2026-09-19T13:15:00+00:00,2026-09-19T13:30:00Z,0.63,0.63,1.37,2026-09-19T13:28:55.954846+00:00,down,down,1.0,0.37,2026-09-19T13:34:32.575566+00:00
BTC,KXBTC15M-26SEP190945-45,btc-updown-15m-1789824600,B,2026-09-19T13:30:00+00:00,2026-09-19T13:45:00Z,0.79,1.21,0.79,2026-09-19T13:31:39.261391+00:00,up,up,1.0,0.21,2026-09-19T13:50:02.577737+00:00
BTC,KXBTC15M-26SEP191000-00,btc-updown-15m-1789825500,A,2026-09-19T13:45:00+00:00,2026-09-19T14:00:00Z,0.76,0.76,1.24,2026-09-19T13:50:30.273602+00:00,up,up,1.0,0.24,2026-09-19T14:05:46.935092+00:00
ETH,KXETH15M-26SEP191000-00,eth-updown-15m-1789825500,B,2026-09-19T13:45:00+00:00,2026-09-19T14:00:00Z,0.79,1.21,0.79,2026-09-19T13:54:15.158966+00:00,up,up,1.0,0.21,2026-09-19T14:06:03.564996+00:00
ETH,KXETH15M-26SEP191015-15,eth-updown-15m-1789826400,A,2026-09-19T14:00:00+00:00,2026-09-19T14:15:00Z,0.77,0.77,1.23,2026-09-19T14:12:21.916412+00:00,down,down,1.0,0.23,2026-09-19T14:17:12.653786+00:00
BTC,KXBTC15M-26SEP191015-15,btc-updown-15m-1789827300,A,2026-09-19T14:15:00+00:00,2026-09-19T14:15:00Z,0.511,0.511,1.49,2026-09-19T14:15:01.404438+00:00,up,up,1.0,0.489,2026-09-19T14:36:50.720076+00:00
BTC,KXBTC15M-26SEP191030-30,btc-updown-15m-1789828200,A,2026-09-19T14:30:00+00:00,2026-09-19T14:30:00Z,0.581,0.581,1.4,2026-09-19T14:30:00.281468+00:00,up,down,0.0,-0.581,2026-09-19T14:47:23.968091+00:00
BTC,KXBTC15M-26SEP191045-45,btc-updown-15m-1789828200,A,2026-09-19T14:30:00+00:00,2026-09-19T14:45:00Z,0.78,0.78,1.22,2026-09-19T14:33:48.338560+00:00,down,down,1.0,0.22,2026-09-19T14:47:23.968091+00:00
ETH,KXETH15M-26SEP191030-30,eth-updown-15m-1789828200,A,2026-09-19T14:30:00+00:00,2026-09-19T14:30:00Z,0.501,0.501,1.38,2026-09-19T14:30:00.281468+00:00,up,down,0.0,-0.501,2026-09-19T14:47:46.460302+00:00
ETH,KXETH15M-26SEP191045-45,eth-updown-15m-1789828200,A,2026-09-19T14:30:00+00:00,2026-09-19T14:45:00Z,0.75,0.75,1.24,2026-09-19T14:33:36.579346+00:00,down,down,1.0,0.25,2026-09-19T14:47:46.460302+00:00
BTC,KXBTC15M-26SEP191100-00,btc-updown-15m-1789829100,A,2026-09-19T14:45:00+00:00,2026-09-19T15:00:00Z,0.78,0.78,1.22,2026-09-19T14:56:57.271181+00:00,up,up,1.0,0.22,2026-09-19T15:02:34.123570+00:00
ETH,KXETH15M-26SEP191100-00,eth-updown-15m-1789829100,B,2026-09-19T14:45:00+00:00,2026-09-19T15:00:00Z,0.7,1.3,0.7,2026-09-19T14:55:23.139052+00:00,down,down,1.0,0.3,2026-09-19T15:04:03.760620+00:00
BTC,KXBTC15M-26SEP191115-15,btc-updown-15m-1789830900,A,2026-09-19T15:15:00+00:00,2026-09-19T15:15:00Z,0.451,0.451,1.54,2026-09-19T15:15:00.993767+00:00,up,down,0.0,-0.451,2026-09-19T15:33:12.081056+00:00
BTC,KXBTC15M-26SEP191130-30,btc-updown-15m-1789830900,A,2026-09-19T15:15:00+00:00,2026-09-19T15:30:00Z,0.77,0.77,1.23,2026-09-19T15:17:19.104788+00:00,down,down,1.0,0.23,2026-09-19T15:33:12.081056+00:00
ETH,KXETH15M-26SEP191115-15,eth-updown-15m-1789830900,A,2026-09-19T15:15:00+00:00,2026-09-19T15:15:00Z,0.481,0.481,1.51,2026-09-19T15:15:00.993767+00:00,up,down,0.0,-0.481,2026-09-19T15:34:55.298725+00:00
ETH,KXETH15M-26SEP191130-30,eth-updown-15m-1789831800,B,2026-09-19T15:30:00+00:00,2026-09-19T15:30:00Z,0.481,1.46,0.481,2026-09-19T15:30:00.466986+00:00,down,up,0.0,-0.481,2026-09-19T15:50:08.091974+00:00
BTC,KXBTC15M-26SEP191145-45,btc-updown-15m-1789832700,A,2026-09-19T15:45:00+00:00,2026-09-19T15:45:00Z,0.481,0.481,1.51,2026-09-19T15:45:00.887938+00:00,up,down,0.0,-0.481,2026-09-19T16:05:06.605551+00:00
ETH,KXETH15M-26SEP191200-00,eth-updown-15m-1789832700,A,2026-09-19T15:45:00+00:00,2026-09-19T16:00:00Z,0.79,0.79,1.22,2026-09-19T15:54:33.965566+00:00,down,down,1.0,0.21,2026-09-19T16:06:08.106327+00:00
ETH,KXETH15M-26SEP191145-45,eth-updown-15m-1789832700,A,2026-09-19T15:45:00+00:00,2026-09-19T15:45:00Z,0.491,0.491,1.46,2026-09-19T15:45:00.887938+00:00,up,down,0.0,-0.491,2026-09-19T16:06:14.431540+00:00
BTC,KXBTC15M-26SEP191200-00,btc-updown-15m-1789833600,B,2026-09-19T16:00:00+00:00,2026-09-19T16:00:00Z,0.381,1.61,0.381,2026-09-19T16:00:04.682877+00:00,down,up,0.0,-0.381,2026-09-19T16:19:28.958498+00:00
BTC,KXBTC15M-26SEP191215-15,btc-updown-15m-1789833600,B,2026-09-19T16:00:00+00:00,2026-09-19T16:15:00Z,0.72,1.28,0.72,2026-09-19T16:07:07.303833+00:00,up,up,1.0,0.28,2026-09-19T16:19:28.958498+00:00
ETH,KXETH15M-26SEP191215-15,eth-updown-15m-1789833600,B,2026-09-19T16:00:00+00:00,2026-09-19T16:15:00Z,0.71,1.29,0.71,2026-09-19T16:07:07.303833+00:00,up,up,1.0,0.29,2026-09-19T16:21:44.890252+00:00
ETH,KXETH15M-26SEP191230-30,eth-updown-15m-1789834500,B,2026-09-19T16:15:00+00:00,2026-09-19T16:30:00Z,0.77,1.23,0.77,2026-09-19T16:18:12.851627+00:00,up,up,1.0,0.23,2026-09-19T16:35:39.631458+00:00
BTC,KXBTC15M-26SEP191230-30,btc-updown-15m-1789835400,A,2026-09-19T16:30:00+00:00,2026-09-19T16:30:00Z,0.441,0.441,1.55,2026-09-19T16:30:20.081063+00:00,up,up,1.0,0.559,2026-09-19T16:47:14.748498+00:00
BTC,KXBTC15M-26SEP191245-45,btc-updown-15m-1789835400,A,2026-09-19T16:30:00+00:00,2026-09-19T16:45:00Z,0.79,0.79,1.2,2026-09-19T16:42:43.658326+00:00,up,up,1.0,0.21,2026-09-19T16:47:14.748498+00:00
ETH,KXETH15M-26SEP191245-45,eth-updown-15m-1789835400,A,2026-09-19T16:30:00+00:00,2026-09-19T16:45:00Z,0.76,0.76,1.24,2026-09-19T16:36:56.910818+00:00,down,down,1.0,0.24,2026-09-19T16:47:53.894474+00:00
BTC,KXBTC15M-26SEP191300-00,btc-updown-15m-1789836300,A,2026-09-19T16:45:00+00:00,2026-09-19T17:00:00Z,0.77,0.77,1.23,2026-09-19T16:58:23.250411+00:00,down,down,1.0,0.23,2026-09-19T17:03:31.630021+00:00
ETH,KXETH15M-26SEP191300-00,eth-updown-15m-1789837200,A,2026-09-19T17:00:00+00:00,2026-09-19T17:00:00Z,0.421,0.421,1.57,2026-09-19T17:00:03.652861+00:00,up,up,1.0,0.579,2026-09-19T17:17:17.675447+00:00
ETH,KXETH15M-26SEP191315-15,eth-updown-15m-1789837200,A,2026-09-19T17:00:00+00:00,2026-09-19T17:15:00Z,0.66,0.66,1.34,2026-09-19T17:05:27.442154+00:00,up,up,1.0,0.34,2026-09-19T17:17:17.675447+00:00
BTC,KXBTC15M-26SEP191315-15,btc-updown-15m-1789837200,A,2026-09-19T17:00:00+00:00,2026-09-19T17:15:00Z,0.68,0.68,1.32,2026-09-19T17:07:29.790288+00:00,down,down,1.0,0.32,2026-09-19T17:17:46.460099+00:00
ETH,KXETH15M-26SEP191330-30,eth-updown-15m-1789838100,A,2026-09-19T17:15:00+00:00,2026-09-19T17:30:00Z,0.75,0.75,1.25,2026-09-19T17:17:57.249818+00:00,down,down,1.0,0.25,2026-09-19T17:32:26.902910+00:00
BTC,KXBTC15M-26SEP191330-30,btc-updown-15m-1789838100,B,2026-09-19T17:15:00+00:00,2026-09-19T17:30:00Z,0.76,1.24,0.76,2026-09-19T17:20:50.052238+00:00,down,down,1.0,0.24,2026-09-19T17:34:06.524219+00:00
ETH,KXETH15M-26SEP191345-45,eth-updown-15m-1789839000,B,2026-09-19T17:30:00+00:00,2026-09-19T17:45:00Z,0.79,1.17,0.79,2026-09-19T17:37:39.562329+00:00,up,up,1.0,0.21,2026-09-19T17:48:17.551523+00:00
BTC,KXBTC15M-26SEP191345-45,btc-updown-15m-1789839000,B,2026-09-19T17:30:00+00:00,2026-09-19T17:45:00Z,0.77,1.22,0.77,2026-09-19T17:38:32.541138+00:00,down,down,1.0,0.23,2026-09-19T17:49:24.603340+00:00
ETH,KXETH15M-26SEP191400-00,eth-updown-15m-1789839900,B,2026-09-19T17:45:00+00:00,2026-09-19T18:00:00Z,0.76,1.21,0.76,2026-09-19T17:54:52.275340+00:00,down,down,1.0,0.24,2026-09-19T18:03:39.414367+00:00
BTC,KXBTC15M-26SEP191400-00,btc-updown-15m-1789839900,A,2026-09-19T17:45:00+00:00,2026-09-19T18:00:00Z,0.79,0.79,1.19,2026-09-19T17:46:23.207902+00:00,down,down,1.0,0.21,2026-09-19T18:04:40.769301+00:00
ETH,KXETH15M-26SEP191415-15,eth-updown-15m-1789840800,B,2026-09-19T18:00:00+00:00,2026-09-19T18:15:00Z,0.6,0.63,0.6,2026-09-19T18:00:27.573039+00:00,down,down,1.0,0.4,2026-09-19T18:19:51.004201+00:00
BTC,KXBTC15M-26SEP191415-15,btc-updown-15m-1789840800,A,2026-09-19T18:00:00+00:00,2026-09-19T18:15:00Z,0.78,0.78,1.08,2026-09-19T18:00:44.386487+00:00,down,down,1.0,0.22,2026-09-19T18:20:43.705595+00:00
BTC,KXBTC15M-26SEP191430-30,btc-updown-15m-1789841700,B,2026-09-19T18:15:00+00:00,2026-09-19T18:30:00Z,0.72,0.84,0.72,2026-09-19T18:17:04.674886+00:00,up,up,1.0,0.28,2026-09-19T18:32:05.794597+00:00
ETH,KXETH15M-26SEP191430-30,eth-updown-15m-1789841700,A,2026-09-19T18:15:00+00:00,2026-09-19T18:30:00Z,0.61,0.61,0.62,2026-09-19T18:15:05.785645+00:00,up,up,1.0,0.39,2026-09-19T18:32:56.846856+00:00
BTC,KXBTC15M-26SEP191445-45,btc-updown-15m-1789842600,A,2026-09-19T18:30:00+00:00,2026-09-19T18:45:00Z,0.61,0.61,0.99,2026-09-19T18:32:05.521832+00:00,up,up,1.0,0.39,2026-09-19T18:47:43.265912+00:00
ETH,KXETH15M-26SEP191445-45,eth-updown-15m-1789842600,B,2026-09-19T18:30:00+00:00,2026-09-19T18:45:00Z,0.56,0.67,0.56,2026-09-19T18:30:23.831508+00:00,up,up,1.0,0.44,2026-09-19T18:49:00.959398+00:00
BTC,KXBTC15M-26SEP191500-00,btc-updown-15m-1789843500,B,2026-09-19T18:45:00+00:00,2026-09-19T19:00:00Z,0.72,1.27,0.72,2026-09-19T18:50:42.447314+00:00,down,down,1.0,0.28,2026-09-19T19:02:29.981710+00:00
ETH,KXETH15M-26SEP191500-00,eth-updown-15m-1789843500,B,2026-09-19T18:45:00+00:00,2026-09-19T19:00:00Z,0.5,0.87,0.5,2026-09-19T18:45:21.305233+00:00,down,down,1.0,0.5,2026-09-19T19:05:14.855529+00:00
ETH,KXETH15M-26SEP191515-15,eth-updown-15m-1789844400,A,2026-09-19T19:00:00+00:00,2026-09-19T19:15:00Z,0.77,0.77,1.21,2026-09-19T19:07:04.555459+00:00,down,down,1.0,0.23,2026-09-19T19:19:01.953655+00:00
BTC,KXBTC15M-26SEP191515-15,btc-updown-15m-1789844400,A,2026-09-19T19:00:00+00:00,2026-09-19T19:15:00Z,0.72,0.72,1.28,2026-09-19T19:07:10.068391+00:00,down,down,1.0,0.28,2026-09-19T19:28:14.150682+00:00
BTC,KXBTC15M-26SEP191530-30,btc-updown-15m-1789845300,A,2026-09-19T19:15:00+00:00,2026-09-19T19:30:00Z,0.783,0.783,1.208,2026-09-19T19:28:03.164468+00:00,up,up,1.0,0.217,2026-09-19T19:43:35.262302+00:00
ETH,KXETH15M-26SEP191530-30,eth-updown-15m-1789845300,A,2026-09-19T19:15:00+00:00,2026-09-19T19:30:00Z,0.79,0.79,1.14,2026-09-19T19:18:15.398442+00:00,up,up,1.0,0.21,2026-09-19T19:45:24.225602+00:00
BTC,KXBTC15M-26SEP191545-45,btc-updown-15m-1789846200,B,2026-09-19T19:30:00+00:00,2026-09-19T19:45:00Z,0.77,1.0,0.77,2026-09-19T19:34:29.576707+00:00,down,down,1.0,0.23,2026-09-19T19:48:12.965459+00:00
ETH,KXETH15M-26SEP191545-45,eth-updown-15m-1789846200,A,2026-09-19T19:30:00+00:00,2026-09-19T19:45:00Z,0.73,0.73,0.92,2026-09-19T19:32:57.914140+00:00,down,down,1.0,0.27,2026-09-19T19:49:34.658006+00:00
BTC,KXBTC15M-26SEP191600-00,btc-updown-15m-1789847100,B,2026-09-19T19:45:00+00:00,2026-09-19T20:00:00Z,0.79,0.98,0.79,2026-09-19T19:45:23.936824+00:00,up,up,1.0,0.21,2026-09-19T20:03:20.720533+00:00
ETH,KXETH15M-26SEP191600-00,eth-updown-15m-1789847100,B,2026-09-19T19:45:00+00:00,2026-09-19T20:00:00Z,0.6,0.63,0.6,2026-09-19T19:45:07.184079+00:00,down,down,1.0,0.4,2026-09-19T20:04:42.545903+00:00
BTC,KXBTC15M-26SEP191615-15,btc-updown-15m-1789848000,A,2026-09-19T20:00:00+00:00,2026-09-19T20:15:00Z,0.6,0.6,1.06,2026-09-19T20:00:19.149775+00:00,up,up,1.0,0.4,2026-09-19T20:20:49.932025+00:00
ETH,KXETH15M-26SEP191615-15,eth-updown-15m-1789848000,A,2026-09-19T20:00:00+00:00,2026-09-19T20:15:00Z,0.57,0.57,0.66,2026-09-19T20:00:19.149775+00:00,up,up,1.0,0.43,2026-09-19T20:21:28.455734+00:00
ETH,KXETH15M-26SEP191630-30,eth-updown-15m-1789848900,B,2026-09-19T20:15:00+00:00,2026-09-19T20:30:00Z,0.79,1.18,0.79,2026-09-19T20:22:00.809634+00:00,up,up,1.0,0.21,2026-09-19T20:34:01.676555+00:00
BTC,KXBTC15M-26SEP191630-30,btc-updown-15m-1789849800,B,2026-09-19T20:30:00+00:00,2026-09-19T20:30:00Z,0.531,1.45,0.531,2026-09-19T20:30:01.649121+00:00,down,up,0.0,-0.531,2026-09-19T20:48:23.734163+00:00
BTC,KXBTC15M-26SEP191645-45,btc-updown-15m-1789849800,A,2026-09-19T20:30:00+00:00,2026-09-19T20:45:00Z,0.78,0.78,1.22,2026-09-19T20:43:39.677558+00:00,up,up,1.0,0.22,2026-09-19T20:48:23.734163+00:00
ETH,KXETH15M-26SEP191645-45,eth-updown-15m-1789850700,A,2026-09-19T20:45:00+00:00,2026-09-19T20:45:00Z,0.461,0.461,1.53,2026-09-19T20:45:03.809744+00:00,up,down,0.0,-0.461,2026-09-19T21:04:15.801157+00:00
ETH,KXETH15M-26SEP191700-00,eth-updown-15m-1789850700,A,2026-09-19T20:45:00+00:00,2026-09-19T21:00:00Z,0.75,0.75,1.22,2026-09-19T20:46:02.526656+00:00,down,down,1.0,0.25,2026-09-19T21:04:15.801157+00:00
BTC,KXBTC15M-26SEP191700-00,btc-updown-15m-1789851600,B,2026-09-19T21:00:00+00:00,2026-09-19T21:00:00Z,0.431,1.56,0.431,2026-09-19T21:00:01.622581+00:00,down,down,1.0,0.569,2026-09-19T21:19:15.077796+00:00
BTC,KXBTC15M-26SEP191715-15,btc-updown-15m-1789851600,A,2026-09-19T21:00:00+00:00,2026-09-19T21:15:00Z,0.76,0.76,1.26,2026-09-19T21:07:11.321083+00:00,down,down,1.0,0.24,2026-09-19T21:19:15.077796+00:00
ETH,KXETH15M-26SEP191715-15,eth-updown-15m-1789851600,A,2026-09-19T21:00:00+00:00,2026-09-19T21:15:00Z,0.78,0.78,1.21,2026-09-19T21:04:33.083251+00:00,down,down,1.0,0.22,2026-09-19T21:21:20.261210+00:00
BTC,KXBTC15M-26SEP191730-30,btc-updown-15m-1789852500,B,2026-09-19T21:15:00+00:00,2026-09-19T21:30:00Z,0.7,1.3,0.7,2026-09-19T21:24:43.575566+00:00,up,up,1.0,0.3,2026-09-19T21:34:24.508798+00:00
ETH,KXETH15M-26SEP191730-30,eth-updown-15m-1789852500,B,2026-09-19T21:15:00+00:00,2026-09-19T21:30:00Z,0.79,1.21,0.79,2026-09-19T21:26:29.676427+00:00,up,up,1.0,0.21,2026-09-19T21:37:05.152806+00:00
BTC,KXBTC15M-26SEP191745-45,btc-updown-15m-1789853400,A,2026-09-19T21:30:00+00:00,2026-09-19T21:45:00Z,0.75,0.75,1.25,2026-09-19T21:35:02.598328+00:00,down,down,1.0,0.25,2026-09-19T21:48:29.977902+00:00
ETH,KXETH15M-26SEP191745-45,eth-updown-15m-1789853400,A,2026-09-19T21:30:00+00:00,2026-09-19T21:45:00Z,0.77,0.77,1.23,2026-09-19T21:34:51.751219+00:00,down,down,1.0,0.23,2026-09-19T21:48:41.141833+00:00
BTC,KXBTC15M-26SEP191800-00,btc-updown-15m-1789855200,A,2026-09-19T22:00:00+00:00,2026-09-19T22:00:00Z,0.471,0.471,1.52,2026-09-19T22:00:05.230784+00:00,up,down,0.0,-0.471,2026-09-19T22:21:57.670806+00:00
BTC,KXBTC15M-26SEP191815-15,btc-updown-15m-1789856100,B,2026-09-19T22:15:00+00:00,2026-09-19T22:15:00Z,0.491,1.5,0.491,2026-09-19T22:15:04.635115+00:00,down,up,0.0,-0.491,2026-09-19T22:34:29.382346+00:00
ETH,KXETH15M-26SEP191815-15,eth-updown-15m-1789856100,B,2026-09-19T22:15:00+00:00,2026-09-19T22:15:00Z,0.601,1.39,0.601,2026-09-19T22:15:04.635115+00:00,down,up,0.0,-0.601,2026-09-19T22:35:55.325251+00:00
ETH,KXETH15M-26SEP191830-30,eth-updown-15m-1789856100,A,2026-09-19T22:15:00+00:00,2026-09-19T22:30:00Z,0.79,0.79,1.21,2026-09-19T22:19:12.174963+00:00,up,up,1.0,0.21,2026-09-19T22:35:55.325251+00:00
BTC,KXBTC15M-26SEP191830-30,btc-updown-15m-1789857000,A,2026-09-19T22:30:00+00:00,2026-09-19T22:30:00Z,0.421,0.421,1.57,2026-09-19T22:30:01.199795+00:00,up,up,1.0,0.579,2026-09-19T22:48:16.721091+00:00
ETH,KXETH15M-26SEP191845-45,eth-updown-15m-1789857900,A,2026-09-19T22:45:00+00:00,2026-09-19T22:45:00Z,0.501,0.501,1.49,2026-09-19T22:45:02.118728+00:00,up,up,1.0,0.499,2026-09-19T23:05:16.677156+00:00
BTC,KXBTC15M-26SEP191900-00,btc-updown-15m-1789857900,A,2026-09-19T22:45:00+00:00,2026-09-19T23:00:00Z,0.74,0.74,1.25,2026-09-19T22:56:33.769504+00:00,up,up,1.0,0.26,2026-09-19T23:06:01.543072+00:00
BTC,KXBTC15M-26SEP191915-15,btc-updown-15m-1789858800,B,2026-09-19T23:00:00+00:00,2026-09-19T23:15:00Z,0.66,1.34,0.66,2026-09-19T23:10:22.712892+00:00,up,up,1.0,0.34,2026-09-19T23:17:50.904316+00:00
ETH,KXETH15M-26SEP191900-00,eth-updown-15m-1789858800,A,2026-09-19T23:00:00+00:00,2026-09-19T23:00:00Z,0.461,0.461,1.45,2026-09-19T23:00:00.707659+00:00,up,up,1.0,0.539,2026-09-19T23:18:08.429001+00:00
ETH,KXETH15M-26SEP191915-15,eth-updown-15m-1789858800,B,2026-09-19T23:00:00+00:00,2026-09-19T23:15:00Z,0.79,1.21,0.79,2026-09-19T23:10:33.622724+00:00,up,up,1.0,0.21,2026-09-19T23:18:08.429001+00:00
BTC,KXBTC15M-26SEP191930-30,btc-updown-15m-1789859700,A,2026-09-19T23:15:00+00:00,2026-09-19T23:30:00Z,0.73,0.73,1.24,2026-09-19T23:18:07.747650+00:00,up,up,1.0,0.27,2026-09-19T23:33:12.220560+00:00
ETH,KXETH15M-26SEP191930-30,eth-updown-15m-1789859700,A,2026-09-19T23:15:00+00:00,2026-09-19T23:30:00Z,0.54,0.54,1.46,2026-09-19T23:18:07.747650+00:00,down,down,1.0,0.46,2026-09-19T23:33:18.290422+00:00
BTC,KXBTC15M-26SEP191945-45,btc-updown-15m-1789860600,A,2026-09-19T23:30:00+00:00,2026-09-19T23:45:00Z,0.68,0.68,1.32,2026-09-19T23:42:48.254217+00:00,down,down,1.0,0.32,2026-09-19T23:47:37.768951+00:00
ETH,KXETH15M-26SEP191945-45,eth-updown-15m-1789861500,A,2026-09-19T23:45:00+00:00,2026-09-19T23:45:00Z,0.521,0.521,1.46,2026-09-19T23:45:02.009008+00:00,up,down,0.0,-0.521,2026-09-20T00:04:52.973671+00:00
ETH,KXETH15M-26SEP192000-00,eth-updown-15m-1789861500,A,2026-09-19T23:45:00+00:00,2026-09-20T00:00:00Z,0.79,0.79,1.21,2026-09-19T23:54:00.564451+00:00,down,down,1.0,0.21,2026-09-20T00:04:52.973671+00:00
BTC,KXBTC15M-26SEP192000-00,btc-updown-15m-1789861500,A,2026-09-19T23:45:00+00:00,2026-09-20T00:00:00Z,0.76,0.76,1.24,2026-09-19T23:57:16.678441+00:00,down,down,1.0,0.24,2026-09-20T00:05:34.706923+00:00
BTC,KXBTC15M-26SEP192015-15,btc-updown-15m-1789862400,B,2026-09-20T00:00:00+00:00,2026-09-20T00:15:00Z,0.77,1.23,0.77,2026-09-20T00:10:13.636837+00:00,up,up,1.0,0.23,2026-09-20T00:17:54.466181+00:00
ETH,KXETH15M-26SEP192015-15,eth-updown-15m-1789863300,B,2026-09-20T00:15:00+00:00,2026-09-20T00:15:00Z,0.371,1.56,0.371,2026-09-20T00:15:00.569664+00:00,down,down,1.0,0.629,2026-09-20T00:35:00.687799+00:00
ETH,KXETH15M-26SEP192030-30,eth-updown-15m-1789863300,A,2026-09-20T00:15:00+00:00,2026-09-20T00:30:00Z,0.79,0.79,1.19,2026-09-20T00:19:51.029133+00:00,down,down,1.0,0.21,2026-09-20T00:35:00.687799+00:00
BTC,KXBTC15M-26SEP192030-30,btc-updown-15m-1789864200,A,2026-09-20T00:30:00+00:00,2026-09-20T00:30:00Z,0.451,0.451,1.54,2026-09-20T00:30:02.776260+00:00,up,up,1.0,0.549,2026-09-20T00:48:29.005187+00:00
BTC,KXBTC15M-26SEP192045-45,btc-updown-15m-1789864200,A,2026-09-20T00:30:00+00:00,2026-09-20T00:45:00Z,0.78,0.78,1.22,2026-09-20T00:35:33.934799+00:00,up,up,1.0,0.22,2026-09-20T00:48:29.005187+00:00
ETH,KXETH15M-26SEP192045-45,eth-updown-15m-1789864200,A,2026-09-20T00:30:00+00:00,2026-09-20T00:45:00Z,0.78,0.78,1.22,2026-09-20T00:31:32.526223+00:00,up,up,1.0,0.22,2026-09-20T00:49:59.820006+00:00
BTC,KXBTC15M-26SEP192100-00,btc-updown-15m-1789866000,B,2026-09-20T01:00:00+00:00,2026-09-20T01:00:00Z,0.532,1.46,0.532,2026-09-20T01:00:00.497705+00:00,down,down,1.0,0.468,2026-09-20T01:17:57.792060+00:00
ETH,KXETH15M-26SEP192100-00,eth-updown-15m-1789866000,B,2026-09-20T01:00:00+00:00,2026-09-20T01:00:00Z,0.461,1.53,0.461,2026-09-20T01:00:00.497705+00:00,down,down,1.0,0.539,2026-09-20T01:22:16.036647+00:00
ETH,KXETH15M-26SEP192115-15,eth-updown-15m-1789866900,B,2026-09-20T01:15:00+00:00,2026-09-20T01:15:00Z,0.581,1.41,0.581,2026-09-20T01:15:03.379932+00:00,down,down,1.0,0.419,2026-09-20T01:32:30.345588+00:00
ETH,KXETH15M-26SEP192130-30,eth-updown-15m-1789866900,A,2026-09-20T01:15:00+00:00,2026-09-20T01:30:00Z,0.728,0.728,1.264,2026-09-20T01:28:05.076195+00:00,down,down,1.0,0.272,2026-09-20T01:32:30.345588+00:00
BTC,KXBTC15M-26SEP192130-30,btc-updown-15m-1789866900,B,2026-09-20T01:15:00+00:00,2026-09-20T01:30:00Z,0.62,1.37,0.62,2026-09-20T01:15:03.379932+00:00,down,down,1.0,0.38,2026-09-20T01:34:58.762728+00:00
BTC,KXBTC15M-26SEP192145-45,btc-updown-15m-1789867800,B,2026-09-20T01:30:00+00:00,2026-09-20T01:45:00Z,0.77,1.23,0.77,2026-09-20T01:39:38.217290+00:00,down,down,1.0,0.23,2026-09-20T01:48:24.189620+00:00
ETH,KXETH15M-26SEP192145-45,eth-updown-15m-1789868700,B,2026-09-20T01:45:00+00:00,2026-09-20T01:45:00Z,0.391,1.6,0.391,2026-09-20T01:45:04.925502+00:00,down,up,0.0,-0.391,2026-09-20T02:06:49.938699+00:00
ETH,KXETH15M-26SEP192200-00,eth-updown-15m-1789868700,B,2026-09-20T01:45:00+00:00,2026-09-20T02:00:00Z,0.77,1.23,0.77,2026-09-20T01:48:01.663600+00:00,up,up,1.0,0.23,2026-09-20T02:06:49.938699+00:00
BTC,KXBTC15M-26SEP192200-00,btc-updown-15m-1789868700,B,2026-09-20T01:45:00+00:00,2026-09-20T02:00:00Z,0.76,1.24,0.76,2026-09-20T01:56:12.301372+00:00,up,up,1.0,0.24,2026-09-20T02:06:49.938699+00:00
ETH,KXETH15M-26SEP192215-15,eth-updown-15m-1789869600,A,2026-09-20T02:00:00+00:00,2026-09-20T02:15:00Z,0.69,0.69,1.31,2026-09-20T02:05:11.930956+00:00,up,up,1.0,0.31,2026-09-20T02:18:41.699759+00:00
BTC,KXBTC15M-26SEP192215-15,btc-updown-15m-1789870500,A,2026-09-20T02:15:00+00:00,2026-09-20T02:15:00Z,0.521,0.521,1.47,2026-09-20T02:15:02.446582+00:00,up,down,0.0,-0.521,2026-09-20T02:33:46.137508+00:00
BTC,KXBTC15M-26SEP192230-30,btc-updown-15m-1789870500,A,2026-09-20T02:15:00+00:00,2026-09-20T02:30:00Z,0.77,0.77,1.23,2026-09-20T02:17:09.243661+00:00,down,down,1.0,0.23,2026-09-20T02:33:46.137508+00:00
ETH,KXETH15M-26SEP192230-30,eth-updown-15m-1789870500,A,2026-09-20T02:15:00+00:00,2026-09-20T02:30:00Z,0.75,0.75,1.25,2026-09-20T02:17:09.243661+00:00,down,down,1.0,0.25,2026-09-20T02:35:02.609731+00:00
BTC,KXBTC15M-26SEP192245-45,btc-updown-15m-1789871400,B,2026-09-20T02:30:00+00:00,2026-09-20T02:45:00Z,0.79,1.21,0.79,2026-09-20T02:37:38.222814+00:00,down,down,1.0,0.21,2026-09-20T02:50:54.705397+00:00
ETH,KXETH15M-26SEP192300-00,eth-updown-15m-1789872300,B,2026-09-20T02:45:00+00:00,2026-09-20T03:00:00Z,0.79,1.23,0.79,2026-09-20T02:46:41.324013+00:00,down,down,1.0,0.21,2026-09-20T03:02:20.119162+00:00
BTC,KXBTC15M-26SEP192315-15,btc-updown-15m-1789873200,A,2026-09-20T03:00:00+00:00,2026-09-20T03:15:00Z,0.797,0.797,1.194,2026-09-20T03:13:41.744350+00:00,down,down,1.0,0.203,2026-09-20T03:18:32.939053+00:00
ETH,KXETH15M-26SEP192315-15,eth-updown-15m-1789874100,A,2026-09-20T03:15:00+00:00,2026-09-20T03:15:00Z,0.451,0.451,1.54,2026-09-20T03:15:03.998999+00:00,up,up,1.0,0.549,2026-09-20T03:35:39.557595+00:00
ETH,KXETH15M-26SEP192330-30,eth-updown-15m-1789874100,B,2026-09-20T03:15:00+00:00,2026-09-20T03:30:00Z,0.77,1.23,0.77,2026-09-20T03:16:27.069420+00:00,up,up,1.0,0.23,2026-09-20T03:35:39.557595+00:00
BTC,KXBTC15M-26SEP192330-30,btc-updown-15m-1789874100,B,2026-09-20T03:15:00+00:00,2026-09-20T03:30:00Z,0.77,1.23,0.77,2026-09-20T03:16:55.930294+00:00,up,up,1.0,0.23,2026-09-20T03:36:03.462573+00:00
ETH,KXETH15M-26SEP192345-45,eth-updown-15m-1789875900,B,2026-09-20T03:45:00+00:00,2026-09-20T03:45:00Z,0.431,1.56,0.431,2026-09-20T03:45:01.697526+00:00,down,up,0.0,-0.431,2026-09-20T04:02:40.401086+00:00
BTC,KXBTC15M-26SEP192345-45,btc-updown-15m-1789875900,B,2026-09-20T03:45:00+00:00,2026-09-20T03:45:00Z,0.443,1.549,0.443,2026-09-20T03:45:01.697526+00:00,down,up,0.0,-0.443,2026-09-20T04:03:08.231571+00:00
BTC,KXBTC15M-26SEP200000-00,btc-updown-15m-1789875900,B,2026-09-20T03:45:00+00:00,2026-09-20T04:00:00Z,0.79,1.21,0.79,2026-09-20T03:48:08.005959+00:00,up,up,1.0,0.21,2026-09-20T04:03:08.231571+00:00
ETH,KXETH15M-26SEP200000-00,eth-updown-15m-1789876800,A,2026-09-20T04:00:00+00:00,2026-09-20T04:00:00Z,0.511,0.511,1.48,2026-09-20T04:00:04.436190+00:00,up,down,0.0,-0.511,2026-09-20T04:19:33.814913+00:00
BTC,KXBTC15M-26SEP200015-15,btc-updown-15m-1789876800,B,2026-09-20T04:00:00+00:00,2026-09-20T04:15:00Z,0.76,1.24,0.76,2026-09-20T04:04:19.272879+00:00,down,down,1.0,0.24,2026-09-20T04:19:49.988998+00:00
BTC,KXBTC15M-26SEP200030-30,btc-updown-15m-1789877700,A,2026-09-20T04:15:00+00:00,2026-09-20T04:30:00Z,0.77,0.77,1.23,2026-09-20T04:18:55.386492+00:00,up,up,1.0,0.23,2026-09-20T04:35:01.540242+00:00
ETH,KXETH15M-26SEP200015-15,eth-updown-15m-1789877700,B,2026-09-20T04:15:00+00:00,2026-09-20T04:15:00Z,0.392,1.6,0.392,2026-09-20T04:15:04.913614+00:00,down,down,1.0,0.608,2026-09-20T04:36:30.773949+00:00
ETH,KXETH15M-26SEP200030-30,eth-updown-15m-1789877700,B,2026-09-20T04:15:00+00:00,2026-09-20T04:30:00Z,0.79,1.21,0.79,2026-09-20T04:25:21.724189+00:00,down,down,1.0,0.21,2026-09-20T04:36:30.773949+00:00
BTC,KXBTC15M-26SEP200045-45,btc-updown-15m-1789878600,A,2026-09-20T04:30:00+00:00,2026-09-20T04:45:00Z,0.68,0.68,1.32,2026-09-20T04:42:33.089766+00:00,down,down,1.0,0.32,2026-09-20T04:50:47.599212+00:00
ETH,KXETH15M-26SEP200045-45,eth-updown-15m-1789878600,B,2026-09-20T04:30:00+00:00,2026-09-20T04:45:00Z,0.73,1.27,0.73,2026-09-20T04:36:36.097682+00:00,down,down,1.0,0.27,2026-09-20T04:52:17.324040+00:00
ETH,KXETH15M-26SEP200100-00,eth-updown-15m-1789879500,A,2026-09-20T04:45:00+00:00,2026-09-20T05:00:00Z,0.78,0.78,1.25,2026-09-20T04:59:00.894838+00:00,down,down,1.0,0.22,2026-09-20T05:06:17.531893+00:00
BTC,KXBTC15M-26SEP200100-00,btc-updown-15m-1789880400,A,2026-09-20T05:00:00+00:00,2026-09-20T05:00:00Z,0.521,0.521,1.47,2026-09-20T05:00:04.861471+00:00,up,up,1.0,0.479,2026-09-20T05:20:39.520229+00:00
BTC,KXBTC15M-26SEP200115-15,btc-updown-15m-1789881300,A,2026-09-20T05:15:00+00:00,2026-09-20T05:15:00Z,0.451,0.451,1.53,2026-09-20T05:15:04.260380+00:00,up,down,0.0,-0.451,2026-09-20T05:36:28.224280+00:00
BTC,KXBTC15M-26SEP200130-30,btc-updown-15m-1789881300,A,2026-09-20T05:15:00+00:00,2026-09-20T05:30:00Z,0.77,0.77,1.23,2026-09-20T05:16:16.842129+00:00,down,down,1.0,0.23,2026-09-20T05:36:28.224280+00:00
ETH,KXETH15M-26SEP200130-30,eth-updown-15m-1789882200,B,2026-09-20T05:30:00+00:00,2026-09-20T05:30:00Z,0.481,1.51,0.481,2026-09-20T05:30:05.027239+00:00,down,down,1.0,0.519,2026-09-20T05:49:51.662806+00:00
ETH,KXETH15M-26SEP200145-45,eth-updown-15m-1789882200,A,2026-09-20T05:30:00+00:00,2026-09-20T05:45:00Z,0.79,0.79,1.21,2026-09-20T05:36:22.335418+00:00,down,down,1.0,0.21,2026-09-20T05:49:51.662806+00:00
BTC,KXBTC15M-26SEP200145-45,btc-updown-15m-1789882200,B,2026-09-20T05:30:00+00:00,2026-09-20T05:45:00Z,0.71,1.27,0.71,2026-09-20T05:38:46.336102+00:00,down,down,1.0,0.29,2026-09-20T05:51:37.725656+00:00
BTC,KXBTC15M-26SEP200200-00,btc-updown-15m-1789883100,A,2026-09-20T05:45:00+00:00,2026-09-20T06:00:00Z,0.79,0.79,1.18,2026-09-20T05:58:14.518612+00:00,down,down,1.0,0.21,2026-09-20T06:02:48.783987+00:00
ETH,KXETH15M-26SEP200200-00,eth-updown-15m-1789883100,B,2026-09-20T05:45:00+00:00,2026-09-20T06:00:00Z,0.79,1.22,0.79,2026-09-20T05:55:51.121250+00:00,up,up,1.0,0.21,2026-09-20T06:03:52.525101+00:00
BTC,KXBTC15M-26SEP200215-15,btc-updown-15m-1789884000,A,2026-09-20T06:00:00+00:00,2026-09-20T06:15:00Z,0.79,0.79,1.21,2026-09-20T06:03:23.717708+00:00,up,up,1.0,0.21,2026-09-20T06:18:38.838408+00:00
ETH,KXETH15M-26SEP200215-15,eth-updown-15m-1789884000,B,2026-09-20T06:00:00+00:00,2026-09-20T06:15:00Z,0.79,1.21,0.79,2026-09-20T06:06:15.186026+00:00,up,up,1.0,0.21,2026-09-20T06:20:58.988877+00:00
BTC,KXBTC15M-26SEP200230-30,btc-updown-15m-1789884900,A,2026-09-20T06:15:00+00:00,2026-09-20T06:30:00Z,0.76,0.76,1.24,2026-09-20T06:17:38.414367+00:00,down,down,1.0,0.24,2026-09-20T06:34:18.434382+00:00
ETH,KXETH15M-26SEP200230-30,eth-updown-15m-1789885800,A,2026-09-20T06:30:00+00:00,2026-09-20T06:30:00Z,0.391,0.391,1.6,2026-09-20T06:30:20.446434+00:00,up,down,0.0,-0.391,2026-09-20T06:47:51.336382+00:00
BTC,KXBTC15M-26SEP200245-45,btc-updown-15m-1789886700,B,2026-09-20T06:45:00+00:00,2026-09-20T06:45:00Z,0.411,1.58,0.411,2026-09-20T06:45:04.815088+00:00,down,down,1.0,0.589,2026-09-20T07:05:43.210596+00:00
ETH,KXETH15M-26SEP200245-45,eth-updown-15m-1789886700,B,2026-09-20T06:45:00+00:00,2026-09-20T06:45:00Z,0.451,1.54,0.451,2026-09-20T06:45:04.815088+00:00,down,up,0.0,-0.451,2026-09-20T07:07:19.257486+00:00
ETH,KXETH15M-26SEP200300-00,eth-updown-15m-1789886700,B,2026-09-20T06:45:00+00:00,2026-09-20T07:00:00Z,0.79,1.21,0.79,2026-09-20T06:47:04.543617+00:00,up,up,1.0,0.21,2026-09-20T07:07:19.257486+00:00
ETH,KXETH15M-26SEP200315-15,eth-updown-15m-1789887600,B,2026-09-20T07:00:00+00:00,2026-09-20T07:15:00Z,0.79,1.21,0.79,2026-09-20T07:08:05.355453+00:00,up,up,1.0,0.21,2026-09-20T07:18:21.352119+00:00
BTC,KXBTC15M-26SEP200300-00,btc-updown-15m-1789887600,B,2026-09-20T07:00:00+00:00,2026-09-20T07:00:00Z,0.569,1.424,0.569,2026-09-20T07:00:02.959222+00:00,down,up,0.0,-0.569,2026-09-20T07:19:56.981221+00:00
BTC,KXBTC15M-26SEP200315-15,btc-updown-15m-1789887600,B,2026-09-20T07:00:00+00:00,2026-09-20T07:15:00Z,0.79,1.2,0.79,2026-09-20T07:13:43.813112+00:00,up,up,1.0,0.21,2026-09-20T07:19:56.981221+00:00
BTC,KXBTC15M-26SEP200330-30,btc-updown-15m-1789888500,B,2026-09-20T07:15:00+00:00,2026-09-20T07:30:00Z,0.77,1.23,0.77,2026-09-20T07:23:02.949002+00:00,up,up,1.0,0.23,2026-09-20T07:32:20.681233+00:00
ETH,KXETH15M-26SEP200330-30,eth-updown-15m-1789888500,B,2026-09-20T07:15:00+00:00,2026-09-20T07:30:00Z,0.76,1.24,0.76,2026-09-20T07:25:09.721082+00:00,up,up,1.0,0.24,2026-09-20T07:36:50.627911+00:00
ETH,KXETH15M-26SEP200345-45,eth-updown-15m-1789890300,B,2026-09-20T07:45:00+00:00,2026-09-20T07:45:00Z,0.571,1.42,0.571,2026-09-20T07:45:04.324462+00:00,down,up,0.0,-0.571,2026-09-20T08:02:55.404313+00:00
BTC,KXBTC15M-26SEP200345-45,btc-updown-15m-1789890300,B,2026-09-20T07:45:00+00:00,2026-09-20T07:45:00Z,0.561,1.42,0.561,2026-09-20T07:45:04.324462+00:00,down,down,1.0,0.439,2026-09-20T08:03:01.019452+00:00
BTC,KXBTC15M-26SEP200400-00,btc-updown-15m-1789890300,B,2026-09-20T07:45:00+00:00,2026-09-20T08:00:00Z,0.77,1.23,0.77,2026-09-20T07:46:22.644026+00:00,down,down,1.0,0.23,2026-09-20T08:03:01.019452+00:00
ETH,KXETH15M-26SEP200400-00,eth-updown-15m-1789891200,A,2026-09-20T08:00:00+00:00,2026-09-20T08:00:00Z,0.482,0.482,1.499,2026-09-20T08:00:04.012593+00:00,up,up,1.0,0.518,2026-09-20T08:17:24.553251+00:00
ETH,KXETH15M-26SEP200415-15,eth-updown-15m-1789891200,B,2026-09-20T08:00:00+00:00,2026-09-20T08:15:00Z,0.77,1.22,0.77,2026-09-20T08:01:19.649434+00:00,up,up,1.0,0.23,2026-09-20T08:17:24.553251+00:00
BTC,KXBTC15M-26SEP200415-15,btc-updown-15m-1789892100,A,2026-09-20T08:15:00+00:00,2026-09-20T08:15:00Z,0.461,0.461,1.53,2026-09-20T08:15:01.458540+00:00,up,down,0.0,-0.461,2026-09-20T08:33:35.667496+00:00
BTC,KXBTC15M-26SEP200430-30,btc-updown-15m-1789893000,B,2026-09-20T08:30:00+00:00,2026-09-20T08:30:00Z,0.501,1.49,0.501,2026-09-20T08:30:02.376579+00:00,down,down,1.0,0.499,2026-09-20T08:47:55.092899+00:00
ETH,KXETH15M-26SEP200430-30,eth-updown-15m-1789893000,B,2026-09-20T08:30:00+00:00,2026-09-20T08:30:00Z,0.471,1.52,0.471,2026-09-20T08:30:02.376579+00:00,down,down,1.0,0.529,2026-09-20T08:50:20.883276+00:00
ETH,KXETH15M-26SEP200445-45,eth-updown-15m-1789893000,B,2026-09-20T08:30:00+00:00,2026-09-20T08:45:00Z,0.75,1.25,0.75,2026-09-20T08:33:07.305435+00:00,down,down,1.0,0.25,2026-09-20T08:50:20.883276+00:00
ETH,KXETH15M-26SEP200500-00,eth-updown-15m-1789893900,B,2026-09-20T08:45:00+00:00,2026-09-20T09:00:00Z,0.67,1.27,0.67,2026-09-20T08:52:38.592753+00:00,up,up,1.0,0.33,2026-09-20T09:03:17.193916+00:00
BTC,KXBTC15M-26SEP200445-45,btc-updown-15m-1789893900,B,2026-09-20T08:45:00+00:00,2026-09-20T08:45:00Z,0.471,1.52,0.471,2026-09-20T08:45:01.835614+00:00,down,up,0.0,-0.471,2026-09-20T09:06:09.349693+00:00
BTC,KXBTC15M-26SEP200500-00,btc-updown-15m-1789893900,B,2026-09-20T08:45:00+00:00,2026-09-20T09:00:00Z,0.78,1.22,0.78,2026-09-20T08:52:38.592753+00:00,up,up,1.0,0.22,2026-09-20T09:06:09.349693+00:00
BTC,KXBTC15M-26SEP200515-15,btc-updown-15m-1789895700,A,2026-09-20T09:15:00+00:00,2026-09-20T09:15:00Z,0.446,0.446,1.545,2026-09-20T09:15:02.519708+00:00,up,up,1.0,0.554,2026-09-20T09:34:39.183522+00:00
ETH,KXETH15M-26SEP200515-15,eth-updown-15m-1789895700,A,2026-09-20T09:15:00+00:00,2026-09-20T09:15:00Z,0.541,0.541,1.45,2026-09-20T09:15:02.519708+00:00,up,up,1.0,0.459,2026-09-20T09:37:04.571239+00:00
ETH,KXETH15M-26SEP200530-30,eth-updown-15m-1789895700,B,2026-09-20T09:15:00+00:00,2026-09-20T09:30:00Z,0.76,1.25,0.76,2026-09-20T09:21:11.570170+00:00,up,up,1.0,0.24,2026-09-20T09:37:04.571239+00:00
BTC,KXBTC15M-26SEP200530-30,btc-updown-15m-1789896600,A,2026-09-20T09:30:00+00:00,2026-09-20T09:30:00Z,0.461,0.461,1.53,2026-09-20T09:30:04.267214+00:00,up,up,1.0,0.539,2026-09-20T09:50:20.733788+00:00
BTC,KXBTC15M-26SEP200545-45,btc-updown-15m-1789897500,A,2026-09-20T09:45:00+00:00,2026-09-20T09:45:00Z,0.501,0.501,1.49,2026-09-20T09:45:04.106578+00:00,up,down,0.0,-0.501,2026-09-20T10:03:28.911327+00:00
ETH,KXETH15M-26SEP200545-45,eth-updown-15m-1789897500,A,2026-09-20T09:45:00+00:00,2026-09-20T09:45:00Z,0.531,0.531,1.46,2026-09-20T09:45:04.106578+00:00,up,down,0.0,-0.531,2026-09-20T10:05:59.145453+00:00
ETH,KXETH15M-26SEP200600-00,eth-updown-15m-1789897500,A,2026-09-20T09:45:00+00:00,2026-09-20T10:00:00Z,0.79,0.79,1.2,2026-09-20T09:47:39.932832+00:00,down,down,1.0,0.21,2026-09-20T10:05:59.145453+00:00
BTC,KXBTC15M-26SEP200615-15,btc-updown-15m-1789898400,A,2026-09-20T10:00:00+00:00,2026-09-20T10:15:00Z,0.79,0.79,1.21,2026-09-20T10:06:27.261973+00:00,down,down,1.0,0.21,2026-09-20T10:18:42.423109+00:00
ETH,KXETH15M-26SEP200615-15,eth-updown-15m-1789898400,A,2026-09-20T10:00:00+00:00,2026-09-20T10:15:00Z,0.77,0.77,1.23,2026-09-20T10:06:15.984515+00:00,down,down,1.0,0.23,2026-09-20T10:19:28.788570+00:00
BTC,KXBTC15M-26SEP200630-30,btc-updown-15m-1789899300,B,2026-09-20T10:15:00+00:00,2026-09-20T10:30:00Z,0.65,1.36,0.65,2026-09-20T10:29:27.117985+00:00,up,up,1.0,0.35,2026-09-20T10:33:39.464489+00:00
BTC,KXBTC15M-26SEP200645-45,btc-updown-15m-1789900200,B,2026-09-20T10:30:00+00:00,2026-09-20T10:45:00Z,0.75,1.18,0.75,2026-09-20T10:42:26.037681+00:00,down,up,0.0,-0.75,2026-09-20T10:51:23.525600+00:00
ETH,KXETH15M-26SEP200630-30,eth-updown-15m-1789900200,A,2026-09-20T10:30:00+00:00,2026-09-20T10:30:00Z,0.481,0.481,1.46,2026-09-20T10:30:00.405117+00:00,up,down,0.0,-0.481,2026-09-20T10:51:40.202484+00:00
ETH,KXETH15M-26SEP200645-45,eth-updown-15m-1789900200,B,2026-09-20T10:30:00+00:00,2026-09-20T10:45:00Z,0.79,1.12,0.79,2026-09-20T10:42:37.048416+00:00,down,down,1.0,0.21,2026-09-20T10:51:40.202484+00:00
BTC,KXBTC15M-26SEP200700-00,btc-updown-15m-1789901100,B,2026-09-20T10:45:00+00:00,2026-09-20T11:00:00Z,0.77,1.23,0.77,2026-09-20T10:53:12.756290+00:00,down,down,1.0,0.23,2026-09-20T11:02:21.656350+00:00
ETH,KXETH15M-26SEP200700-00,eth-updown-15m-1789901100,B,2026-09-20T10:45:00+00:00,2026-09-20T11:00:00Z,0.79,1.22,0.79,2026-09-20T10:53:12.756290+00:00,down,down,1.0,0.21,2026-09-20T11:06:49.741305+00:00
ETH,KXETH15M-26SEP200715-15,eth-updown-15m-1789902000,B,2026-09-20T11:00:00+00:00,2026-09-20T11:15:00Z,0.73,1.28,0.73,2026-09-20T11:10:59.418157+00:00,down,down,1.0,0.27,2026-09-20T11:19:55.370534+00:00
BTC,KXBTC15M-26SEP200715-15,btc-updown-15m-1789902000,B,2026-09-20T11:00:00+00:00,2026-09-20T11:15:00Z,0.76,1.24,0.76,2026-09-20T11:06:22.840330+00:00,up,up,1.0,0.24,2026-09-20T11:20:00.519279+00:00
ETH,KXETH15M-26SEP200730-30,eth-updown-15m-1789902900,B,2026-09-20T11:15:00+00:00,2026-09-20T11:30:00Z,0.74,1.26,0.74,2026-09-20T11:19:08.602166+00:00,up,up,1.0,0.26,2026-09-20T11:32:59.337305+00:00
BTC,KXBTC15M-26SEP200730-30,btc-updown-15m-1789902900,B,2026-09-20T11:15:00+00:00,2026-09-20T11:30:00Z,0.74,1.25,0.74,2026-09-20T11:19:08.602166+00:00,down,down,1.0,0.26,2026-09-20T11:33:26.991247+00:00
ETH,KXETH15M-26SEP200745-45,eth-updown-15m-1789903800,A,2026-09-20T11:30:00+00:00,2026-09-20T11:45:00Z,0.791,0.791,1.2,2026-09-20T11:34:59.837624+00:00,up,up,1.0,0.209,2026-09-20T11:48:54.221890+00:00
BTC,KXBTC15M-26SEP200745-45,btc-updown-15m-1789903800,A,2026-09-20T11:30:00+00:00,2026-09-20T11:45:00Z,0.765,0.765,1.226,2026-09-20T11:35:05.346791+00:00,up,up,1.0,0.235,2026-09-20T11:50:01.860504+00:00
ETH,KXETH15M-26SEP200800-00,eth-updown-15m-1789905600,A,2026-09-20T12:00:00+00:00,2026-09-20T12:00:00Z,0.471,0.471,1.52,2026-09-20T12:00:00.413932+00:00,up,up,1.0,0.529,2026-09-20T12:17:19.048358+00:00
ETH,KXETH15M-26SEP200815-15,eth-updown-15m-1789905600,B,2026-09-20T12:00:00+00:00,2026-09-20T12:15:00Z,0.76,1.24,0.76,2026-09-20T12:04:27.423344+00:00,up,up,1.0,0.24,2026-09-20T12:17:19.048358+00:00
BTC,KXBTC15M-26SEP200800-00,btc-updown-15m-1789905600,A,2026-09-20T12:00:00+00:00,2026-09-20T12:00:00Z,0.461,0.461,1.53,2026-09-20T12:00:00.413932+00:00,up,down,0.0,-0.461,2026-09-20T12:19:13.847077+00:00
BTC,KXBTC15M-26SEP200815-15,btc-updown-15m-1789905600,B,2026-09-20T12:00:00+00:00,2026-09-20T12:15:00Z,0.78,1.22,0.78,2026-09-20T12:03:19.782025+00:00,down,down,1.0,0.22,2026-09-20T12:19:13.847077+00:00
ETH,KXETH15M-26SEP200830-30,eth-updown-15m-1789907400,B,2026-09-20T12:30:00+00:00,2026-09-20T12:30:00Z,0.491,1.5,0.491,2026-09-20T12:30:01.859145+00:00,down,up,0.0,-0.491,2026-09-20T12:48:33.936322+00:00
ETH,KXETH15M-26SEP200845-45,eth-updown-15m-1789907400,B,2026-09-20T12:30:00+00:00,2026-09-20T12:45:00Z,0.76,1.24,0.76,2026-09-20T12:38:16.606664+00:00,down,up,0.0,-0.76,2026-09-20T12:48:33.936322+00:00
BTC,KXBTC15M-26SEP200830-30,btc-updown-15m-1789907400,B,2026-09-20T12:30:00+00:00,2026-09-20T12:30:00Z,0.481,1.51,0.481,2026-09-20T12:30:01.859145+00:00,down,down,1.0,0.519,2026-09-20T12:49:28.818322+00:00
BTC,KXBTC15M-26SEP200845-45,btc-updown-15m-1789907400,B,2026-09-20T12:30:00+00:00,2026-09-20T12:45:00Z,0.72,1.28,0.72,2026-09-20T12:42:55.743318+00:00,down,down,1.0,0.28,2026-09-20T12:49:28.818322+00:00
ETH,KXETH15M-26SEP200900-00,eth-updown-15m-1789908300,B,2026-09-20T12:45:00+00:00,2026-09-20T13:00:00Z,0.78,1.22,0.78,2026-09-20T12:49:12.357647+00:00,up,up,1.0,0.22,2026-09-20T13:04:34.274533+00:00
BTC,KXBTC15M-26SEP200900-00,btc-updown-15m-1789909200,A,2026-09-20T13:00:00+00:00,2026-09-20T13:00:00Z,0.531,0.531,1.46,2026-09-20T13:00:00.217451+00:00,up,up,1.0,0.469,2026-09-20T13:20:35.884215+00:00
BTC,KXBTC15M-26SEP200930-30,btc-updown-15m-1789910100,A,2026-09-20T13:15:00+00:00,2026-09-20T13:30:00Z,0.77,0.77,1.23,2026-09-20T13:27:17.103688+00:00,down,down,1.0,0.23,2026-09-20T13:35:36.276604+00:00
BTC,KXBTC15M-26SEP200915-15,btc-updown-15m-1789910100,A,2026-09-20T13:15:00+00:00,2026-09-20T13:15:00Z,0.471,0.471,1.52,2026-09-20T13:15:02.750057+00:00,up,down,0.0,-0.471,2026-09-20T13:35:41.944669+00:00
ETH,KXETH15M-26SEP200915-15,eth-updown-15m-1789910100,A,2026-09-20T13:15:00+00:00,2026-09-20T13:15:00Z,0.481,0.481,1.51,2026-09-20T13:15:02.750057+00:00,up,down,0.0,-0.481,2026-09-20T13:36:04.377299+00:00
ETH,KXETH15M-26SEP200930-30,eth-updown-15m-1789910100,B,2026-09-20T13:15:00+00:00,2026-09-20T13:30:00Z,0.72,1.28,0.72,2026-09-20T13:26:08.496593+00:00,down,down,1.0,0.28,2026-09-20T13:36:04.377299+00:00
BTC,KXBTC15M-26SEP200945-45,btc-updown-15m-1789911000,B,2026-09-20T13:30:00+00:00,2026-09-20T13:45:00Z,0.77,1.24,0.77,2026-09-20T13:40:00.589093+00:00,up,up,1.0,0.23,2026-09-20T13:48:46.116576+00:00
BTC,KXBTC15M-26SEP201000-00,btc-updown-15m-1789911900,B,2026-09-20T13:45:00+00:00,2026-09-20T14:00:00Z,0.78,1.22,0.78,2026-09-20T13:52:14.888281+00:00,up,up,1.0,0.22,2026-09-20T14:03:57.691605+00:00
ETH,KXETH15M-26SEP200945-45,eth-updown-15m-1789911900,B,2026-09-20T13:45:00+00:00,2026-09-20T13:45:00Z,0.321,1.53,0.321,2026-09-20T13:45:00.732417+00:00,down,up,0.0,-0.321,2026-09-20T14:04:20.742950+00:00
ETH,KXETH15M-26SEP201000-00,eth-updown-15m-1789911900,B,2026-09-20T13:45:00+00:00,2026-09-20T14:00:00Z,0.79,1.2,0.79,2026-09-20T13:52:26.491801+00:00,up,up,1.0,0.21,2026-09-20T14:04:20.742950+00:00
ETH,KXETH15M-26SEP201015-15,eth-updown-15m-1789912800,A,2026-09-20T14:00:00+00:00,2026-09-20T14:15:00Z,0.74,0.74,1.22,2026-09-20T14:13:37.438348+00:00,down,down,1.0,0.26,2026-09-20T14:20:32.169629+00:00
BTC,KXBTC15M-26SEP201030-30,btc-updown-15m-1789913700,B,2026-09-20T14:15:00+00:00,2026-09-20T14:30:00Z,0.52,1.47,0.52,2026-09-20T14:15:00.587876+00:00,down,down,1.0,0.48,2026-09-20T14:32:24.783429+00:00
ETH,KXETH15M-26SEP201045-45,eth-updown-15m-1789914600,B,2026-09-20T14:30:00+00:00,2026-09-20T14:45:00Z,0.74,1.26,0.74,2026-09-20T14:31:33.525152+00:00,up,up,1.0,0.26,2026-09-20T14:48:29.634974+00:00
BTC,KXBTC15M-26SEP201045-45,btc-updown-15m-1789915500,A,2026-09-20T14:45:00+00:00,2026-09-20T14:45:00Z,0.461,0.461,1.53,2026-09-20T14:45:03.570326+00:00,up,up,1.0,0.539,2026-09-20T15:06:08.271809+00:00
BTC,KXBTC15M-26SEP201100-00,btc-updown-15m-1789915500,B,2026-09-20T14:45:00+00:00,2026-09-20T15:00:00Z,0.78,1.21,0.78,2026-09-20T14:53:06.904844+00:00,up,up,1.0,0.22,2026-09-20T15:06:08.271809+00:00
ETH,KXETH15M-26SEP201100-00,eth-updown-15m-1789916400,A,2026-09-20T15:00:00+00:00,2026-09-20T15:00:00Z,0.481,0.481,1.51,2026-09-20T15:00:01.154040+00:00,up,up,1.0,0.519,2026-09-20T15:20:07.227150+00:00
ETH,KXETH15M-26SEP201115-15,eth-updown-15m-1789917300,A,2026-09-20T15:15:00+00:00,2026-09-20T15:15:00Z,0.491,0.491,1.47,2026-09-20T15:15:02.191263+00:00,up,down,0.0,-0.491,2026-09-20T15:35:12.273936+00:00
ETH,KXETH15M-26SEP201130-30,eth-updown-15m-1789917300,A,2026-09-20T15:15:00+00:00,2026-09-20T15:30:00Z,0.78,0.78,1.22,2026-09-20T15:27:40.850660+00:00,down,down,1.0,0.22,2026-09-20T15:35:12.273936+00:00
BTC,KXBTC15M-26SEP201115-15,btc-updown-15m-1789917300,A,2026-09-20T15:15:00+00:00,2026-09-20T15:15:00Z,0.471,0.471,1.52,2026-09-20T15:15:02.191263+00:00,up,down,0.0,-0.471,2026-09-20T15:36:35.139257+00:00
BTC,KXBTC15M-26SEP201130-30,btc-updown-15m-1789917300,B,2026-09-20T15:15:00+00:00,2026-09-20T15:30:00Z,0.78,1.22,0.78,2026-09-20T15:24:17.569935+00:00,down,down,1.0,0.22,2026-09-20T15:36:35.139257+00:00
BTC,KXBTC15M-26SEP201145-45,btc-updown-15m-1789919100,A,2026-09-20T15:45:00+00:00,2026-09-20T15:45:00Z,0.491,0.491,1.51,2026-09-20T15:45:03.022776+00:00,up,up,1.0,0.509,2026-09-20T16:02:55.031106+00:00
ETH,KXETH15M-26SEP201145-45,eth-updown-15m-1789919100,A,2026-09-20T15:45:00+00:00,2026-09-20T15:45:00Z,0.491,0.491,1.5,2026-09-20T15:45:03.022776+00:00,up,up,1.0,0.509,2026-09-20T16:06:37.712500+00:00
ETH,KXETH15M-26SEP201200-00,eth-updown-15m-1789920000,A,2026-09-20T16:00:00+00:00,2026-09-20T16:00:00Z,0.441,0.441,1.55,2026-09-20T16:00:04.684912+00:00,up,up,1.0,0.559,2026-09-20T16:20:37.493004+00:00
ETH,KXETH15M-26SEP201215-15,eth-updown-15m-1789920000,B,2026-09-20T16:00:00+00:00,2026-09-20T16:15:00Z,0.71,1.29,0.71,2026-09-20T16:07:45.797998+00:00,up,up,1.0,0.29,2026-09-20T16:20:37.493004+00:00
BTC,KXBTC15M-26SEP201200-00,btc-updown-15m-1789920000,A,2026-09-20T16:00:00+00:00,2026-09-20T16:00:00Z,0.471,0.471,1.52,2026-09-20T16:00:04.684912+00:00,up,up,1.0,0.529,2026-09-20T16:21:54.363374+00:00
BTC,KXBTC15M-26SEP201215-15,btc-updown-15m-1789920000,B,2026-09-20T16:00:00+00:00,2026-09-20T16:15:00Z,0.78,1.22,0.78,2026-09-20T16:07:29.098779+00:00,up,up,1.0,0.22,2026-09-20T16:21:54.363374+00:00
BTC,KXBTC15M-26SEP201230-30,btc-updown-15m-1789920900,A,2026-09-20T16:15:00+00:00,2026-09-20T16:30:00Z,0.78,0.78,1.22,2026-09-20T16:16:42.175263+00:00,up,up,1.0,0.22,2026-09-20T16:35:58.372192+00:00
ETH,KXETH15M-26SEP201230-30,eth-updown-15m-1789920900,A,2026-09-20T16:15:00+00:00,2026-09-20T16:30:00Z,0.77,0.77,1.23,2026-09-20T16:16:48.045674+00:00,down,down,1.0,0.23,2026-09-20T16:35:58.372192+00:00
ETH,KXETH15M-26SEP201245-45,eth-updown-15m-1789921800,B,2026-09-20T16:30:00+00:00,2026-09-20T16:45:00Z,0.77,1.24,0.77,2026-09-20T16:33:05.984855+00:00,up,up,1.0,0.23,2026-09-20T16:51:17.957176+00:00
BTC,KXBTC15M-26SEP201245-45,btc-updown-15m-1789922700,A,2026-09-20T16:45:00+00:00,2026-09-20T16:45:00Z,0.411,0.411,1.56,2026-09-20T16:45:00.530109+00:00,up,down,0.0,-0.411,2026-09-20T17:02:23.884844+00:00
ETH,KXETH15M-26SEP201315-15,eth-updown-15m-1789923600,B,2026-09-20T17:00:00+00:00,2026-09-20T17:15:00Z,0.66,1.34,0.66,2026-09-20T17:11:07.884910+00:00,down,down,1.0,0.34,2026-09-20T17:20:11.110226+00:00
BTC,KXBTC15M-26SEP201315-15,btc-updown-15m-1789923600,A,2026-09-20T17:00:00+00:00,2026-09-20T17:15:00Z,0.77,0.77,1.23,2026-09-20T17:08:12.568972+00:00,down,down,1.0,0.23,2026-09-20T17:20:22.354515+00:00
BTC,KXBTC15M-26SEP201330-30,btc-updown-15m-1789924500,B,2026-09-20T17:15:00+00:00,2026-09-20T17:30:00Z,0.79,1.16,0.79,2026-09-20T17:22:07.062674+00:00,down,down,1.0,0.21,2026-09-20T17:33:39.136731+00:00
ETH,KXETH15M-26SEP201330-30,eth-updown-15m-1789924500,B,2026-09-20T17:15:00+00:00,2026-09-20T17:30:00Z,0.75,1.22,0.75,2026-09-20T17:22:07.062674+00:00,down,down,1.0,0.25,2026-09-20T17:35:20.486494+00:00
ETH,KXETH15M-26SEP201345-45,eth-updown-15m-1789926300,A,2026-09-20T17:45:00+00:00,2026-09-20T17:45:00Z,0.541,0.541,1.45,2026-09-20T17:45:01.509977+00:00,up,down,0.0,-0.541,2026-09-20T18:03:16.996070+00:00
BTC,KXBTC15M-26SEP201345-45,btc-updown-15m-1789926300,A,2026-09-20T17:45:00+00:00,2026-09-20T17:45:00Z,0.561,0.561,1.43,2026-09-20T17:45:01.509977+00:00,up,down,0.0,-0.561,2026-09-20T18:07:07.578930+00:00
BTC,KXBTC15M-26SEP201400-00,btc-updown-15m-1789927200,B,2026-09-20T18:00:00+00:00,2026-09-20T18:00:00Z,0.471,1.51,0.471,2026-09-20T18:00:00.704087+00:00,down,down,1.0,0.529,2026-09-20T18:18:12.038620+00:00
BTC,KXBTC15M-26SEP201415-15,btc-updown-15m-1789927200,B,2026-09-20T18:00:00+00:00,2026-09-20T18:15:00Z,0.75,1.25,0.75,2026-09-20T18:07:29.376819+00:00,down,down,1.0,0.25,2026-09-20T18:18:12.038620+00:00
ETH,KXETH15M-26SEP201400-00,eth-updown-15m-1789927200,B,2026-09-20T18:00:00+00:00,2026-09-20T18:00:00Z,0.431,1.5,0.431,2026-09-20T18:00:00.704087+00:00,down,up,0.0,-0.431,2026-09-20T18:21:08.781130+00:00
ETH,KXETH15M-26SEP201415-15,eth-updown-15m-1789927200,A,2026-09-20T18:00:00+00:00,2026-09-20T18:15:00Z,0.76,0.76,1.25,2026-09-20T18:05:14.729807+00:00,up,up,1.0,0.24,2026-09-20T18:21:08.781130+00:00
ETH,KXETH15M-26SEP201430-30,eth-updown-15m-1789929000,A,2026-09-20T18:30:00+00:00,2026-09-20T18:30:00Z,0.481,0.481,1.5,2026-09-20T18:30:00.468303+00:00,up,down,0.0,-0.481,2026-09-20T18:47:45.251847+00:00
BTC,KXBTC15M-26SEP201430-30,btc-updown-15m-1789929000,A,2026-09-20T18:30:00+00:00,2026-09-20T18:30:00Z,0.511,0.511,1.48,2026-09-20T18:30:00.468303+00:00,up,down,0.0,-0.511,2026-09-20T18:50:45.260761+00:00
BTC,KXBTC15M-26SEP201445-45,btc-updown-15m-1789929900,B,2026-09-20T18:45:00+00:00,2026-09-20T18:45:00Z,0.471,1.52,0.471,2026-09-20T18:45:00.950653+00:00,down,down,1.0,0.529,2026-09-20T19:03:17.139062+00:00
BTC,KXBTC15M-26SEP201500-00,btc-updown-15m-1789929900,A,2026-09-20T18:45:00+00:00,2026-09-20T19:00:00Z,0.78,0.78,1.22,2026-09-20T18:48:13.049641+00:00,down,down,1.0,0.22,2026-09-20T19:03:17.139062+00:00
ETH,KXETH15M-26SEP201445-45,eth-updown-15m-1789929900,B,2026-09-20T18:45:00+00:00,2026-09-20T18:45:00Z,0.491,1.49,0.491,2026-09-20T18:45:00.950653+00:00,down,down,1.0,0.509,2026-09-20T19:05:15.126043+00:00
ETH,KXETH15M-26SEP201500-00,eth-updown-15m-1789930800,B,2026-09-20T19:00:00+00:00,2026-09-20T19:00:00Z,0.451,1.54,0.451,2026-09-20T19:00:03.682830+00:00,down,up,0.0,-0.451,2026-09-20T19:20:19.345656+00:00
ETH,KXETH15M-26SEP201515-15,eth-updown-15m-1789930800,A,2026-09-20T19:00:00+00:00,2026-09-20T19:15:00Z,0.77,0.77,1.23,2026-09-20T19:07:22.408796+00:00,up,up,1.0,0.23,2026-09-20T19:20:19.345656+00:00
ETH,KXETH15M-26SEP201530-30,eth-updown-15m-1789931700,B,2026-09-20T19:15:00+00:00,2026-09-20T19:30:00Z,0.67,1.35,0.67,2026-09-20T19:27:06.725721+00:00,up,up,1.0,0.33,2026-09-20T19:34:19.192095+00:00
BTC,KXBTC15M-26SEP201515-15,btc-updown-15m-1789931700,A,2026-09-20T19:15:00+00:00,2026-09-20T19:15:00Z,0.471,0.471,1.52,2026-09-20T19:15:03.812842+00:00,up,up,1.0,0.529,2026-09-20T19:36:06.751129+00:00
BTC,KXBTC15M-26SEP201530-30,btc-updown-15m-1789931700,A,2026-09-20T19:15:00+00:00,2026-09-20T19:30:00Z,0.77,0.77,1.23,2026-09-20T19:22:04.891733+00:00,up,up,1.0,0.23,2026-09-20T19:36:06.751129+00:00
ETH,KXETH15M-26SEP201600-00,eth-updown-15m-1789933500,A,2026-09-20T19:45:00+00:00,2026-09-20T20:00:00Z,0.73,0.73,1.28,2026-09-20T19:56:57.401222+00:00,down,down,1.0,0.27,2026-09-20T20:02:54.090274+00:00
BTC,KXBTC15M-26SEP201545-45,btc-updown-15m-1789933500,A,2026-09-20T19:45:00+00:00,2026-09-20T19:45:00Z,0.441,0.441,1.55,2026-09-20T19:45:05.596087+00:00,up,down,0.0,-0.441,2026-09-20T20:03:06.218997+00:00
BTC,KXBTC15M-26SEP201600-00,btc-updown-15m-1789933500,A,2026-09-20T19:45:00+00:00,2026-09-20T20:00:00Z,0.77,0.77,1.23,2026-09-20T19:57:24.748086+00:00,down,down,1.0,0.23,2026-09-20T20:03:06.218997+00:00
ETH,KXETH15M-26SEP201615-15,eth-updown-15m-1789934400,A,2026-09-20T20:00:00+00:00,2026-09-20T20:15:00Z,0.7,0.7,1.31,2026-09-20T20:11:47.137519+00:00,down,down,1.0,0.3,2026-09-20T20:17:59.061380+00:00
ETH,KXETH15M-26SEP201630-30,eth-updown-15m-1789935300,B,2026-09-20T20:15:00+00:00,2026-09-20T20:30:00Z,0.73,1.27,0.73,2026-09-20T20:26:25.729986+00:00,up,up,1.0,0.27,2026-09-20T20:33:02.347028+00:00
BTC,KXBTC15M-26SEP201615-15,btc-updown-15m-1789935300,B,2026-09-20T20:15:00+00:00,2026-09-20T20:15:00Z,0.411,1.58,0.411,2026-09-20T20:15:05.388139+00:00,down,up,0.0,-0.411,2026-09-20T20:33:50.851206+00:00
BTC,KXBTC15M-26SEP201630-30,btc-updown-15m-1789935300,A,2026-09-20T20:15:00+00:00,2026-09-20T20:30:00Z,0.76,0.76,1.24,2026-09-20T20:24:48.888644+00:00,up,up,1.0,0.24,2026-09-20T20:33:50.851206+00:00
ETH,KXETH15M-26SEP201645-45,eth-updown-15m-1789936200,B,2026-09-20T20:30:00+00:00,2026-09-20T20:45:00Z,0.63,1.36,0.63,2026-09-20T20:30:18.461802+00:00,down,down,1.0,0.37,2026-09-20T20:49:09.868447+00:00
ETH,KXETH15M-26SEP201700-00,eth-updown-15m-1789937100,A,2026-09-20T20:45:00+00:00,2026-09-20T21:00:00Z,0.78,0.78,1.22,2026-09-20T20:47:22.526463+00:00,down,down,1.0,0.22,2026-09-20T21:05:07.476432+00:00
BTC,KXBTC15M-26SEP201645-45,btc-updown-15m-1789937100,B,2026-09-20T20:45:00+00:00,2026-09-20T20:45:00Z,0.481,1.51,0.481,2026-09-20T20:45:05.579994+00:00,down,down,1.0,0.519,2026-09-20T21:05:29.836481+00:00
BTC,KXBTC15M-26SEP201700-00,btc-updown-15m-1789937100,A,2026-09-20T20:45:00+00:00,2026-09-20T21:00:00Z,0.73,0.73,1.27,2026-09-20T20:47:22.526463+00:00,down,down,1.0,0.27,2026-09-20T21:05:29.836481+00:00
ETH,KXETH15M-26SEP201715-15,eth-updown-15m-1789938000,A,2026-09-20T21:00:00+00:00,2026-09-20T21:15:00Z,0.75,0.75,1.24,2026-09-20T21:01:41.288749+00:00,down,down,1.0,0.25,2026-09-20T21:20:18.491999+00:00
BTC,KXBTC15M-26SEP201715-15,btc-updown-15m-1789938900,B,2026-09-20T21:15:00+00:00,2026-09-20T21:15:00Z,0.441,1.56,0.441,2026-09-20T21:15:01.237046+00:00,down,up,0.0,-0.441,2026-09-20T21:34:14.609014+00:00
ETH,KXETH15M-26SEP201745-45,eth-updown-15m-1789939800,A,2026-09-20T21:30:00+00:00,2026-09-20T21:45:00Z,0.71,0.71,1.29,2026-09-20T21:42:08.699976+00:00,down,down,1.0,0.29,2026-09-20T21:48:40.426192+00:00
BTC,KXBTC15M-26SEP201745-45,btc-updown-15m-1789939800,A,2026-09-20T21:30:00+00:00,2026-09-20T21:45:00Z,0.78,0.78,1.22,2026-09-20T21:42:19.765973+00:00,down,down,1.0,0.22,2026-09-20T21:52:00.780032+00:00
ETH,KXETH15M-26SEP201800-00,eth-updown-15m-1789941600,A,2026-09-20T22:00:00+00:00,2026-09-20T22:00:00Z,0.601,0.601,1.39,2026-09-20T22:00:00.916174+00:00,up,up,1.0,0.399,2026-09-20T22:17:59.806876+00:00
ETH,KXETH15M-26SEP201815-15,eth-updown-15m-1789941600,A,2026-09-20T22:00:00+00:00,2026-09-20T22:15:00Z,0.74,0.74,1.26,2026-09-20T22:01:42.236278+00:00,up,up,1.0,0.26,2026-09-20T22:17:59.806876+00:00
BTC,KXBTC15M-26SEP201800-00,btc-updown-15m-1789941600,A,2026-09-20T22:00:00+00:00,2026-09-20T22:00:00Z,0.561,0.561,1.43,2026-09-20T22:00:00.916174+00:00,up,up,1.0,0.439,2026-09-20T22:20:57.872797+00:00
BTC,KXBTC15M-26SEP201815-15,btc-updown-15m-1789941600,B,2026-09-20T22:00:00+00:00,2026-09-20T22:15:00Z,0.79,1.21,0.79,2026-09-20T22:07:12.123336+00:00,up,up,1.0,0.21,2026-09-20T22:20:57.872797+00:00
BTC,KXBTC15M-26SEP201830-30,btc-updown-15m-1789943400,B,2026-09-20T22:30:00+00:00,2026-09-20T22:30:00Z,0.471,1.52,0.471,2026-09-20T22:30:03.299362+00:00,down,down,1.0,0.529,2026-09-20T22:48:47.199949+00:00
BTC,KXBTC15M-26SEP201845-45,btc-updown-15m-1789943400,A,2026-09-20T22:30:00+00:00,2026-09-20T22:45:00Z,0.77,0.77,1.23,2026-09-20T22:43:13.760851+00:00,down,down,1.0,0.23,2026-09-20T22:48:47.199949+00:00
ETH,KXETH15M-26SEP201830-30,eth-updown-15m-1789943400,B,2026-09-20T22:30:00+00:00,2026-09-20T22:30:00Z,0.511,1.48,0.511,2026-09-20T22:30:03.299362+00:00,down,down,1.0,0.489,2026-09-20T22:50:16.151756+00:00
ETH,KXETH15M-26SEP201845-45,eth-updown-15m-1789943400,B,2026-09-20T22:30:00+00:00,2026-09-20T22:45:00Z,0.78,1.22,0.78,2026-09-20T22:39:18.189974+00:00,down,down,1.0,0.22,2026-09-20T22:50:16.151756+00:00
BTC,KXBTC15M-26SEP201900-00,btc-updown-15m-1789944300,B,2026-09-20T22:45:00+00:00,2026-09-20T23:00:00Z,0.73,1.27,0.73,2026-09-20T22:46:04.875539+00:00,up,up,1.0,0.27,2026-09-20T23:06:56.898523+00:00
BTC,KXBTC15M-26SEP201915-15,btc-updown-15m-1789945200,B,2026-09-20T23:00:00+00:00,2026-09-20T23:15:00Z,0.79,1.21,0.79,2026-09-20T23:09:34.229103+00:00,down,down,1.0,0.21,2026-09-20T23:20:11.464447+00:00
ETH,KXETH15M-26SEP201900-00,eth-updown-15m-1789945200,A,2026-09-20T23:00:00+00:00,2026-09-20T23:00:00Z,0.511,0.511,1.48,2026-09-20T23:00:01.221625+00:00,up,down,0.0,-0.511,2026-09-20T23:21:24.267567+00:00
ETH,KXETH15M-26SEP201915-15,eth-updown-15m-1789945200,B,2026-09-20T23:00:00+00:00,2026-09-20T23:15:00Z,0.788,1.203,0.788,2026-09-20T23:09:45.563829+00:00,down,down,1.0,0.212,2026-09-20T23:21:24.267567+00:00
BTC,KXBTC15M-26SEP201930-30,btc-updown-15m-1789946100,A,2026-09-20T23:15:00+00:00,2026-09-20T23:30:00Z,0.69,0.69,1.31,2026-09-20T23:28:37.506273+00:00,down,down,1.0,0.31,2026-09-20T23:33:33.850057+00:00
ETH,KXETH15M-26SEP201930-30,eth-updown-15m-1789947000,A,2026-09-20T23:30:00+00:00,2026-09-20T23:30:00Z,0.461,0.461,1.53,2026-09-20T23:30:00.579474+00:00,up,up,1.0,0.539,2026-09-20T23:50:56.889564+00:00
ETH,KXETH15M-26SEP201945-45,eth-updown-15m-1789947000,B,2026-09-20T23:30:00+00:00,2026-09-20T23:45:00Z,0.79,1.21,0.79,2026-09-20T23:32:24.856003+00:00,up,up,1.0,0.21,2026-09-20T23:50:56.889564+00:00
BTC,KXBTC15M-26SEP201945-45,btc-updown-15m-1789947000,B,2026-09-20T23:30:00+00:00,2026-09-20T23:45:00Z,0.77,1.23,0.77,2026-09-20T23:38:35.499900+00:00,up,up,1.0,0.23,2026-09-20T23:51:07.145245+00:00
BTC,KXBTC15M-26SEP202000-00,btc-updown-15m-1789947900,A,2026-09-20T23:45:00+00:00,2026-09-21T00:00:00Z,0.79,0.79,1.21,2026-09-20T23:46:53.469928+00:00,down,down,1.0,0.21,2026-09-21T00:03:05.424650+00:00
ETH,KXETH15M-26SEP202000-00,eth-updown-15m-1789947900,A,2026-09-20T23:45:00+00:00,2026-09-21T00:00:00Z,0.67,0.67,1.33,2026-09-20T23:46:53.469928+00:00,up,up,1.0,0.33,2026-09-21T00:03:56.973985+00:00
BTC,KXBTC15M-26SEP202015-15,btc-updown-15m-1789949700,A,2026-09-21T00:15:00+00:00,2026-09-21T00:15:00Z,0.541,0.541,1.45,2026-09-21T00:15:05.451547+00:00,up,up,1.0,0.459,2026-09-21T00:34:14.436748+00:00
BTC,KXBTC15M-26SEP202030-30,btc-updown-15m-1789949700,A,2026-09-21T00:15:00+00:00,2026-09-21T00:30:00Z,0.76,0.76,1.24,2026-09-21T00:17:06.336707+00:00,up,up,1.0,0.24,2026-09-21T00:34:14.436748+00:00
ETH,KXETH15M-26SEP202030-30,eth-updown-15m-1789949700,A,2026-09-21T00:15:00+00:00,2026-09-21T00:30:00Z,0.77,0.77,1.24,2026-09-21T00:16:50.146844+00:00,up,up,1.0,0.23,2026-09-21T00:35:21.134723+00:00
BTC,KXBTC15M-26SEP202045-45,btc-updown-15m-1789950600,B,2026-09-21T00:30:00+00:00,2026-09-21T00:45:00Z,0.77,1.23,0.77,2026-09-21T00:31:10.449955+00:00,down,down,1.0,0.23,2026-09-21T00:49:16.513116+00:00
ETH,KXETH15M-26SEP202045-45,eth-updown-15m-1789950600,A,2026-09-21T00:30:00+00:00,2026-09-21T00:45:00Z,0.78,0.78,1.22,2026-09-21T00:39:26.350266+00:00,up,up,1.0,0.22,2026-09-21T00:50:57.482242+00:00
BTC,KXBTC15M-26SEP202100-00,btc-updown-15m-1789951500,B,2026-09-21T00:45:00+00:00,2026-09-21T01:00:00Z,0.79,1.21,0.79,2026-09-21T00:59:07.939908+00:00,up,up,1.0,0.21,2026-09-21T01:03:25.272243+00:00
ETH,KXETH15M-26SEP202100-00,eth-updown-15m-1789951500,B,2026-09-21T00:45:00+00:00,2026-09-21T01:00:00Z,0.79,1.21,0.79,2026-09-21T00:54:50.384451+00:00,up,up,1.0,0.21,2026-09-21T01:04:31.807327+00:00
ETH,KXETH15M-26SEP202115-15,eth-updown-15m-1789952400,A,2026-09-21T01:00:00+00:00,2026-09-21T01:15:00Z,0.78,0.78,1.21,2026-09-21T01:11:28.168620+00:00,down,down,1.0,0.22,2026-09-21T01:17:08.066619+00:00
BTC,KXBTC15M-26SEP202115-15,btc-updown-15m-1789953300,A,2026-09-21T01:15:00+00:00,2026-09-21T01:15:00Z,0.521,0.521,1.47,2026-09-21T01:15:05.075415+00:00,up,down,0.0,-0.521,2026-09-21T01:35:54.795574+00:00
BTC,KXBTC15M-26SEP202130-30,btc-updown-15m-1789953300,B,2026-09-21T01:15:00+00:00,2026-09-21T01:30:00Z,0.79,1.21,0.79,2026-09-21T01:21:14.116625+00:00,down,down,1.0,0.21,2026-09-21T01:35:54.795574+00:00
ETH,KXETH15M-26SEP202130-30,eth-updown-15m-1789953300,B,2026-09-21T01:15:00+00:00,2026-09-21T01:30:00Z,0.79,1.2,0.79,2026-09-21T01:19:59.409025+00:00,down,down,1.0,0.21,2026-09-21T01:38:22.767466+00:00
ETH,KXETH15M-26SEP202145-45,eth-updown-15m-1789954200,B,2026-09-21T01:30:00+00:00,2026-09-21T01:45:00Z,0.78,1.22,0.78,2026-09-21T01:30:48.991909+00:00,up,up,1.0,0.22,2026-09-21T01:50:37.881174+00:00
BTC,KXBTC15M-26SEP202145-45,btc-updown-15m-1789954200,A,2026-09-21T01:30:00+00:00,2026-09-21T01:45:00Z,0.78,0.78,1.21,2026-09-21T01:32:39.942103+00:00,down,down,1.0,0.22,2026-09-21T01:52:16.270318+00:00
ETH,KXETH15M-26SEP202200-00,eth-updown-15m-1789956000,B,2026-09-21T02:00:00+00:00,2026-09-21T02:00:00Z,0.451,1.54,0.451,2026-09-21T02:00:00.078758+00:00,down,up,0.0,-0.451,2026-09-21T02:19:07.203349+00:00
BTC,KXBTC15M-26SEP202200-00,btc-updown-15m-1789956000,B,2026-09-21T02:00:00+00:00,2026-09-21T02:00:00Z,0.491,1.5,0.491,2026-09-21T02:00:00.078758+00:00,down,up,0.0,-0.491,2026-09-21T02:21:48.535985+00:00
BTC,KXBTC15M-26SEP202215-15,btc-updown-15m-1789956900,A,2026-09-21T02:15:00+00:00,2026-09-21T02:15:00Z,0.561,0.561,1.43,2026-09-21T02:15:02.150184+00:00,up,up,1.0,0.439,2026-09-21T02:32:49.068192+00:00
ETH,KXETH15M-26SEP202215-15,eth-updown-15m-1789956900,A,2026-09-21T02:15:00+00:00,2026-09-21T02:15:00Z,0.541,0.541,1.45,2026-09-21T02:15:02.150184+00:00,up,up,1.0,0.459,2026-09-21T02:33:07.518526+00:00
BTC,KXBTC15M-26SEP202230-30,btc-updown-15m-1789957800,A,2026-09-21T02:30:00+00:00,2026-09-21T02:30:00Z,0.461,0.461,1.53,2026-09-21T02:30:02.033106+00:00,up,down,0.0,-0.461,2026-09-21T02:50:28.000303+00:00
ETH,KXETH15M-26SEP202230-30,eth-updown-15m-1789957800,A,2026-09-21T02:30:00+00:00,2026-09-21T02:30:00Z,0.441,0.441,1.55,2026-09-21T02:30:02.033106+00:00,up,down,0.0,-0.441,2026-09-21T02:51:07.545852+00:00
BTC,KXBTC15M-26SEP202245-45,btc-updown-15m-1789958700,B,2026-09-21T02:45:00+00:00,2026-09-21T02:45:00Z,0.531,1.46,0.531,2026-09-21T02:45:01.753909+00:00,down,up,0.0,-0.531,2026-09-21T03:02:45.747455+00:00
BTC,KXBTC15M-26SEP202300-00,btc-updown-15m-1789958700,B,2026-09-21T02:45:00+00:00,2026-09-21T03:00:00Z,0.67,1.33,0.67,2026-09-21T02:54:45.676885+00:00,up,up,1.0,0.33,2026-09-21T03:02:45.747455+00:00
ETH,KXETH15M-26SEP202245-45,eth-updown-15m-1789958700,B,2026-09-21T02:45:00+00:00,2026-09-21T02:45:00Z,0.521,1.47,0.521,2026-09-21T02:45:01.753909+00:00,down,up,0.0,-0.521,2026-09-21T03:04:37.338222+00:00
ETH,KXETH15M-26SEP202300-00,eth-updown-15m-1789958700,B,2026-09-21T02:45:00+00:00,2026-09-21T03:00:00Z,0.72,1.27,0.72,2026-09-21T02:54:45.676885+00:00,up,up,1.0,0.28,2026-09-21T03:04:37.338222+00:00
BTC,KXBTC15M-26SEP202315-15,btc-updown-15m-1789959600,A,2026-09-21T03:00:00+00:00,2026-09-21T03:15:00Z,0.78,0.78,1.22,2026-09-21T03:11:18.069340+00:00,down,down,1.0,0.22,2026-09-21T03:17:31.400852+00:00
ETH,KXETH15M-26SEP202315-15,eth-updown-15m-1789959600,A,2026-09-21T03:00:00+00:00,2026-09-21T03:15:00Z,0.76,0.76,1.24,2026-09-21T03:09:11.155417+00:00,down,down,1.0,0.24,2026-09-21T03:20:16.869258+00:00
ETH,KXETH15M-26SEP202345-45,eth-updown-15m-1789961400,A,2026-09-21T03:30:00+00:00,2026-09-21T03:45:00Z,0.75,0.75,1.25,2026-09-21T03:41:48.887236+00:00,down,down,1.0,0.25,2026-09-21T03:49:10.570386+00:00
ETH,KXETH15M-26SEP210000-00,eth-updown-15m-1789962300,B,2026-09-21T03:45:00+00:00,2026-09-21T04:00:00Z,0.78,1.22,0.78,2026-09-21T03:47:55.766669+00:00,up,up,1.0,0.22,2026-09-21T04:03:20.000082+00:00
BTC,KXBTC15M-26SEP202345-45,btc-updown-15m-1789962300,A,2026-09-21T03:45:00+00:00,2026-09-21T03:45:00Z,0.581,0.581,1.41,2026-09-21T03:45:01.641187+00:00,up,down,0.0,-0.581,2026-09-21T04:06:16.562338+00:00
ETH,KXETH15M-26SEP210015-15,eth-updown-15m-1789964100,B,2026-09-21T04:15:00+00:00,2026-09-21T04:15:00Z,0.481,1.51,0.481,2026-09-21T04:15:04.391007+00:00,down,down,1.0,0.519,2026-09-21T04:35:41.449525+00:00
BTC,KXBTC15M-26SEP210015-15,btc-updown-15m-1789964100,B,2026-09-21T04:15:00+00:00,2026-09-21T04:15:00Z,0.511,1.48,0.511,2026-09-21T04:15:04.391007+00:00,down,up,0.0,-0.511,2026-09-21T04:36:36.757901+00:00
BTC,KXBTC15M-26SEP210030-30,btc-updown-15m-1789964100,B,2026-09-21T04:15:00+00:00,2026-09-21T04:30:00Z,0.74,1.26,0.74,2026-09-21T04:21:42.787378+00:00,up,up,1.0,0.26,2026-09-21T04:36:36.757901+00:00
ETH,KXETH15M-26SEP210045-45,eth-updown-15m-1789965900,A,2026-09-21T04:45:00+00:00,2026-09-21T04:45:00Z,0.601,0.601,1.39,2026-09-21T04:45:03.338848+00:00,up,down,0.0,-0.601,2026-09-21T05:04:24.252756+00:00
ETH,KXETH15M-26SEP210100-00,eth-updown-15m-1789965900,B,2026-09-21T04:45:00+00:00,2026-09-21T05:00:00Z,0.74,1.26,0.74,2026-09-21T04:56:14.991327+00:00,down,down,1.0,0.26,2026-09-21T05:04:24.252756+00:00
BTC,KXBTC15M-26SEP210045-45,btc-updown-15m-1789965900,A,2026-09-21T04:45:00+00:00,2026-09-21T04:45:00Z,0.561,0.561,1.43,2026-09-21T04:45:03.338848+00:00,up,down,0.0,-0.561,2026-09-21T05:06:52.744050+00:00
BTC,KXBTC15M-26SEP210100-00,btc-updown-15m-1789965900,B,2026-09-21T04:45:00+00:00,2026-09-21T05:00:00Z,0.53,1.47,0.53,2026-09-21T04:56:14.991327+00:00,down,down,1.0,0.47,2026-09-21T05:06:52.744050+00:00
ETH,KXETH15M-26SEP210115-15,eth-updown-15m-1789966800,A,2026-09-21T05:00:00+00:00,2026-09-21T05:15:00Z,0.77,0.77,1.23,2026-09-21T05:03:36.268608+00:00,down,down,1.0,0.23,2026-09-21T05:20:39.583717+00:00
BTC,KXBTC15M-26SEP210115-15,btc-updown-15m-1789967700,B,2026-09-21T05:15:00+00:00,2026-09-21T05:15:00Z,0.481,1.51,0.481,2026-09-21T05:15:03.137889+00:00,down,up,0.0,-0.481,2026-09-21T05:35:37.625726+00:00
ETH,KXETH15M-26SEP210130-30,eth-updown-15m-1789968600,A,2026-09-21T05:30:00+00:00,2026-09-21T05:30:00Z,0.421,0.421,1.57,2026-09-21T05:30:04.156344+00:00,up,down,0.0,-0.421,2026-09-21T05:47:10.288725+00:00
ETH,KXETH15M-26SEP210145-45,eth-updown-15m-1789968600,B,2026-09-21T05:30:00+00:00,2026-09-21T05:45:00Z,0.73,1.26,0.73,2026-09-21T05:38:16.122287+00:00,down,down,1.0,0.27,2026-09-21T05:47:10.288725+00:00
BTC,KXBTC15M-26SEP210130-30,btc-updown-15m-1789968600,A,2026-09-21T05:30:00+00:00,2026-09-21T05:30:00Z,0.351,0.351,1.64,2026-09-21T05:30:04.156344+00:00,up,up,1.0,0.649,2026-09-21T05:48:27.834531+00:00
ETH,KXETH15M-26SEP210200-00,eth-updown-15m-1789969500,A,2026-09-21T05:45:00+00:00,2026-09-21T06:00:00Z,0.76,0.76,1.21,2026-09-21T05:47:09.722718+00:00,down,down,1.0,0.24,2026-09-21T06:04:46.433236+00:00
BTC,KXBTC15M-26SEP210145-45,btc-updown-15m-1789969500,A,2026-09-21T05:45:00+00:00,2026-09-21T05:45:00Z,0.423,0.423,1.549,2026-09-21T05:45:00.302015+00:00,up,down,0.0,-0.423,2026-09-21T06:05:06.882621+00:00
BTC,KXBTC15M-26SEP210200-00,btc-updown-15m-1789969500,A,2026-09-21T05:45:00+00:00,2026-09-21T06:00:00Z,0.76,0.76,1.24,2026-09-21T05:47:20.824653+00:00,down,down,1.0,0.24,2026-09-21T06:05:06.882621+00:00
ETH,KXETH15M-26SEP210215-15,eth-updown-15m-1789970400,B,2026-09-21T06:00:00+00:00,2026-09-21T06:15:00Z,0.76,1.24,0.76,2026-09-21T06:00:49.845638+00:00,up,up,1.0,0.24,2026-09-21T06:20:00.016602+00:00
BTC,KXBTC15M-26SEP210215-15,btc-updown-15m-1789970400,B,2026-09-21T06:00:00+00:00,2026-09-21T06:15:00Z,0.78,1.22,0.78,2026-09-21T06:00:49.845638+00:00,up,up,1.0,0.22,2026-09-21T06:21:00.287263+00:00
BTC,KXBTC15M-26SEP210230-30,btc-updown-15m-1789972200,A,2026-09-21T06:30:00+00:00,2026-09-21T06:30:00Z,0.551,0.551,1.44,2026-09-21T06:30:04.066486+00:00,up,down,0.0,-0.551,2026-09-21T06:48:27.413219+00:00
BTC,KXBTC15M-26SEP210245-45,btc-updown-15m-1789972200,A,2026-09-21T06:30:00+00:00,2026-09-21T06:45:00Z,0.78,0.78,1.22,2026-09-21T06:36:28.603625+00:00,down,down,1.0,0.22,2026-09-21T06:48:27.413219+00:00
ETH,KXETH15M-26SEP210230-30,eth-updown-15m-1789972200,A,2026-09-21T06:30:00+00:00,2026-09-21T06:30:00Z,0.561,0.561,1.44,2026-09-21T06:30:04.066486+00:00,up,down,0.0,-0.561,2026-09-21T06:50:17.790555+00:00
ETH,KXETH15M-26SEP210245-45,eth-updown-15m-1789973100,B,2026-09-21T06:45:00+00:00,2026-09-21T06:45:00Z,0.581,1.4,0.581,2026-09-21T06:45:02.921369+00:00,down,up,0.0,-0.581,2026-09-21T07:04:19.837773+00:00
BTC,KXBTC15M-26SEP210300-00,btc-updown-15m-1789974000,A,2026-09-21T07:00:00+00:00,2026-09-21T07:00:00Z,0.441,0.441,1.55,2026-09-21T07:00:03.182382+00:00,up,down,0.0,-0.441,2026-09-21T07:18:19.432738+00:00
ETH,KXETH15M-26SEP210300-00,eth-updown-15m-1789974000,A,2026-09-21T07:00:00+00:00,2026-09-21T07:00:00Z,0.441,0.441,1.55,2026-09-21T07:00:03.182382+00:00,up,down,0.0,-0.441,2026-09-21T07:20:11.328420+00:00
ETH,KXETH15M-26SEP210315-15,eth-updown-15m-1789974000,A,2026-09-21T07:00:00+00:00,2026-09-21T07:15:00Z,0.78,0.78,1.2,2026-09-21T07:08:11.987505+00:00,down,down,1.0,0.22,2026-09-21T07:20:11.328420+00:00
ETH,KXETH15M-26SEP210330-30,eth-updown-15m-1789974900,B,2026-09-21T07:15:00+00:00,2026-09-21T07:30:00Z,0.78,1.21,0.78,2026-09-21T07:25:31.261772+00:00,up,up,1.0,0.22,2026-09-21T07:32:54.627157+00:00
BTC,KXBTC15M-26SEP210315-15,btc-updown-15m-1789974900,B,2026-09-21T07:15:00+00:00,2026-09-21T07:15:00Z,0.371,1.62,0.371,2026-09-21T07:15:02.391047+00:00,down,up,0.0,-0.371,2026-09-21T07:34:47.517377+00:00
BTC,KXBTC15M-26SEP210330-30,btc-updown-15m-1789975800,A,2026-09-21T07:30:00+00:00,2026-09-21T07:30:00Z,0.481,0.481,1.51,2026-09-21T07:30:02.277367+00:00,up,down,0.0,-0.481,2026-09-21T07:48:09.817322+00:00
ETH,KXETH15M-26SEP210345-45,eth-updown-15m-1789975800,A,2026-09-21T07:30:00+00:00,2026-09-21T07:45:00Z,0.74,0.74,1.26,2026-09-21T07:31:02.607303+00:00,down,down,1.0,0.26,2026-09-21T07:51:41.225172+00:00
BTC,KXBTC15M-26SEP210345-45,btc-updown-15m-1789976700,B,2026-09-21T07:45:00+00:00,2026-09-21T07:45:00Z,0.541,1.45,0.541,2026-09-21T07:45:04.990126+00:00,down,up,0.0,-0.541,2026-09-21T08:02:45.464192+00:00
BTC,KXBTC15M-26SEP210400-00,btc-updown-15m-1789977600,A,2026-09-21T08:00:00+00:00,2026-09-21T08:00:00Z,0.651,0.651,1.34,2026-09-21T08:00:22.546586+00:00,up,up,1.0,0.349,2026-09-21T08:18:18.015333+00:00
ETH,KXETH15M-26SEP210415-15,eth-updown-15m-1789978500,A,2026-09-21T08:15:00+00:00,2026-09-21T08:15:00Z,0.491,0.491,1.5,2026-09-21T08:15:02.704192+00:00,up,up,1.0,0.509,2026-09-21T08:36:22.395908+00:00
BTC,KXBTC15M-26SEP210415-15,btc-updown-15m-1789978500,A,2026-09-21T08:15:00+00:00,2026-09-21T08:15:00Z,0.481,0.481,1.51,2026-09-21T08:15:02.704192+00:00,up,up,1.0,0.519,2026-09-21T08:37:08.786827+00:00
BTC,KXBTC15M-26SEP210430-30,btc-updown-15m-1789979400,A,2026-09-21T08:30:00+00:00,2026-09-21T08:30:00Z,0.441,0.441,1.55,2026-09-21T08:30:03.298019+00:00,up,up,1.0,0.559,2026-09-21T08:49:17.395421+00:00
BTC,KXBTC15M-26SEP210445-45,btc-updown-15m-1789979400,B,2026-09-21T08:30:00+00:00,2026-09-21T08:45:00Z,0.76,1.2,0.76,2026-09-21T08:32:22.424966+00:00,up,up,1.0,0.24,2026-09-21T08:49:17.395421+00:00
ETH,KXETH15M-26SEP210430-30,eth-updown-15m-1789979400,A,2026-09-21T08:30:00+00:00,2026-09-21T08:30:00Z,0.451,0.451,1.54,2026-09-21T08:30:03.298019+00:00,up,up,1.0,0.549,2026-09-21T08:49:38.894465+00:00
ETH,KXETH15M-26SEP210445-45,eth-updown-15m-1789979400,B,2026-09-21T08:30:00+00:00,2026-09-21T08:45:00Z,0.79,1.21,0.79,2026-09-21T08:32:54.964974+00:00,up,up,1.0,0.21,2026-09-21T08:49:38.894465+00:00
BTC,KXBTC15M-26SEP210500-00,btc-updown-15m-1789980300,B,2026-09-21T08:45:00+00:00,2026-09-21T09:00:00Z,0.79,1.21,0.79,2026-09-21T08:46:10.005136+00:00,up,up,1.0,0.21,2026-09-21T09:05:00.776698+00:00
ETH,KXETH15M-26SEP210500-00,eth-updown-15m-1789980300,A,2026-09-21T08:45:00+00:00,2026-09-21T09:00:00Z,0.79,0.79,1.21,2026-09-21T08:45:34.798832+00:00,down,down,1.0,0.21,2026-09-21T09:05:06.241281+00:00
ETH,KXETH15M-26SEP210515-15,eth-updown-15m-1789981200,B,2026-09-21T09:00:00+00:00,2026-09-21T09:15:00Z,0.77,1.23,0.77,2026-09-21T09:02:10.781517+00:00,down,down,1.0,0.23,2026-09-21T09:21:05.086663+00:00
ETH,KXETH15M-26SEP210530-30,eth-updown-15m-1789982100,B,2026-09-21T09:15:00+00:00,2026-09-21T09:30:00Z,0.78,1.21,0.78,2026-09-21T09:20:32.616536+00:00,up,up,1.0,0.22,2026-09-21T09:32:44.378791+00:00
BTC,KXBTC15M-26SEP210515-15,btc-updown-15m-1789982100,A,2026-09-21T09:15:00+00:00,2026-09-21T09:15:00Z,0.431,0.431,1.56,2026-09-21T09:15:02.498874+00:00,up,up,1.0,0.569,2026-09-21T09:34:56.796262+00:00
BTC,KXBTC15M-26SEP210530-30,btc-updown-15m-1789983000,A,2026-09-21T09:30:00+00:00,2026-09-21T09:30:00Z,0.421,0.421,1.57,2026-09-21T09:30:01.455976+00:00,up,up,1.0,0.579,2026-09-21T09:48:51.148274+00:00
BTC,KXBTC15M-26SEP210545-45,btc-updown-15m-1789983900,A,2026-09-21T09:45:00+00:00,2026-09-21T09:45:00Z,0.441,0.441,1.55,2026-09-21T09:45:02.463131+00:00,up,down,0.0,-0.441,2026-09-21T10:03:58.221132+00:00
BTC,KXBTC15M-26SEP210600-00,btc-updown-15m-1789984800,B,2026-09-21T10:00:00+00:00,2026-09-21T10:00:00Z,0.421,1.57,0.421,2026-09-21T10:00:01.424127+00:00,down,down,1.0,0.579,2026-09-21T10:21:31.943468+00:00
BTC,KXBTC15M-26SEP210615-15,btc-updown-15m-1789984800,B,2026-09-21T10:00:00+00:00,2026-09-21T10:15:00Z,0.64,1.22,0.64,2026-09-21T10:14:08.468117+00:00,down,down,1.0,0.36,2026-09-21T10:21:31.943468+00:00
ETH,KXETH15M-26SEP210600-00,eth-updown-15m-1789984800,B,2026-09-21T10:00:00+00:00,2026-09-21T10:00:00Z,0.431,1.56,0.431,2026-09-21T10:00:01.424127+00:00,down,down,1.0,0.569,2026-09-21T10:22:03.297143+00:00
ETH,KXETH15M-26SEP210615-15,eth-updown-15m-1789984800,A,2026-09-21T10:00:00+00:00,2026-09-21T10:15:00Z,0.78,0.78,1.22,2026-09-21T10:08:06.047257+00:00,down,down,1.0,0.22,2026-09-21T10:22:03.297143+00:00
ETH,KXETH15M-26SEP210630-30,eth-updown-15m-1789985700,A,2026-09-21T10:15:00+00:00,2026-09-21T10:30:00Z,0.79,0.79,1.21,2026-09-21T10:21:05.006851+00:00,down,down,1.0,0.21,2026-09-21T10:32:48.660045+00:00
BTC,KXBTC15M-26SEP210630-30,btc-updown-15m-1789985700,A,2026-09-21T10:15:00+00:00,2026-09-21T10:30:00Z,0.79,0.79,1.21,2026-09-21T10:20:59.162046+00:00,down,down,1.0,0.21,2026-09-21T10:36:45.385324+00:00
ETH,KXETH15M-26SEP210645-45,eth-updown-15m-1789986600,B,2026-09-21T10:30:00+00:00,2026-09-21T10:45:00Z,0.61,1.39,0.61,2026-09-21T10:41:12.666691+00:00,up,up,1.0,0.39,2026-09-21T10:50:18.036432+00:00
BTC,KXBTC15M-26SEP210645-45,btc-updown-15m-1789987500,B,2026-09-21T10:45:00+00:00,2026-09-21T10:45:00Z,0.491,1.5,0.491,2026-09-21T10:45:03.366260+00:00,down,up,0.0,-0.491,2026-09-21T11:04:05.274504+00:00
BTC,KXBTC15M-26SEP210700-00,btc-updown-15m-1789987500,B,2026-09-21T10:45:00+00:00,2026-09-21T11:00:00Z,0.797,1.194,0.797,2026-09-21T10:53:02.687244+00:00,up,up,1.0,0.203,2026-09-21T11:04:05.274504+00:00
ETH,KXETH15M-26SEP210700-00,eth-updown-15m-1789987500,B,2026-09-21T10:45:00+00:00,2026-09-21T11:00:00Z,0.73,1.29,0.73,2026-09-21T10:56:07.389377+00:00,up,up,1.0,0.27,2026-09-21T11:04:39.544134+00:00
BTC,KXBTC15M-26SEP210715-15,btc-updown-15m-1789989300,A,2026-09-21T11:15:00+00:00,2026-09-21T11:15:00Z,0.351,0.351,1.64,2026-09-21T11:15:05.431382+00:00,up,up,1.0,0.649,2026-09-21T11:35:10.956873+00:00
ETH,KXETH15M-26SEP210730-30,eth-updown-15m-1789989300,B,2026-09-21T11:15:00+00:00,2026-09-21T11:30:00Z,0.79,1.21,0.79,2026-09-21T11:19:38.941646+00:00,up,up,1.0,0.21,2026-09-21T11:36:01.852007+00:00
ETH,KXETH15M-26SEP210745-45,eth-updown-15m-1789990200,B,2026-09-21T11:30:00+00:00,2026-09-21T11:45:00Z,0.76,1.24,0.76,2026-09-21T11:30:48.747730+00:00,up,up,1.0,0.24,2026-09-21T11:49:47.713585+00:00
BTC,KXBTC15M-26SEP210745-45,btc-updown-15m-1789990200,B,2026-09-21T11:30:00+00:00,2026-09-21T11:45:00Z,0.79,1.21,0.79,2026-09-21T11:31:10.227115+00:00,up,up,1.0,0.21,2026-09-21T11:50:59.473177+00:00
BTC,KXBTC15M-26SEP210800-00,btc-updown-15m-1789991100,B,2026-09-21T11:45:00+00:00,2026-09-21T12:00:00Z,0.79,1.21,0.79,2026-09-21T11:50:48.326472+00:00,down,down,1.0,0.21,2026-09-21T12:05:52.506795+00:00
ETH,KXETH15M-26SEP210800-00,eth-updown-15m-1789992000,B,2026-09-21T12:00:00+00:00,2026-09-21T12:00:00Z,0.431,1.56,0.431,2026-09-21T12:00:03.651268+00:00,down,down,1.0,0.569,2026-09-21T12:20:07.688486+00:00
ETH,KXETH15M-26SEP210815-15,eth-updown-15m-1789992000,B,2026-09-21T12:00:00+00:00,2026-09-21T12:15:00Z,0.76,1.27,0.76,2026-09-21T12:03:08.367023+00:00,down,down,1.0,0.24,2026-09-21T12:20:07.688486+00:00
BTC,KXBTC15M-26SEP210815-15,btc-updown-15m-1789992900,A,2026-09-21T12:15:00+00:00,2026-09-21T12:15:00Z,0.401,0.401,1.59,2026-09-21T12:15:05.214448+00:00,up,up,1.0,0.599,2026-09-21T12:32:19.638807+00:00
BTC,KXBTC15M-26SEP210830-30,btc-updown-15m-1789992900,B,2026-09-21T12:15:00+00:00,2026-09-21T12:30:00Z,0.78,1.22,0.78,2026-09-21T12:17:54.506944+00:00,up,up,1.0,0.22,2026-09-21T12:32:19.638807+00:00
ETH,KXETH15M-26SEP210830-30,eth-updown-15m-1789992900,B,2026-09-21T12:15:00+00:00,2026-09-21T12:30:00Z,0.79,1.21,0.79,2026-09-21T12:17:54.506944+00:00,down,down,1.0,0.21,2026-09-21T12:35:38.239776+00:00
BTC,KXBTC15M-26SEP210845-45,btc-updown-15m-1789994700,A,2026-09-21T12:45:00+00:00,2026-09-21T12:45:00Z,0.612,0.612,1.38,2026-09-21T12:45:02.326666+00:00,up,up,1.0,0.388,2026-09-21T13:03:18.703262+00:00
BTC,KXBTC15M-26SEP210900-00,btc-updown-15m-1789994700,B,2026-09-21T12:45:00+00:00,2026-09-21T13:00:00Z,0.79,1.18,0.79,2026-09-21T12:54:44.827030+00:00,up,up,1.0,0.21,2026-09-21T13:03:18.703262+00:00
ETH,KXETH15M-26SEP210845-45,eth-updown-15m-1789994700,A,2026-09-21T12:45:00+00:00,2026-09-21T12:45:00Z,0.581,0.581,1.41,2026-09-21T12:45:02.326666+00:00,up,up,1.0,0.419,2026-09-21T13:03:50.846463+00:00
ETH,KXETH15M-26SEP210900-00,eth-updown-15m-1789994700,B,2026-09-21T12:45:00+00:00,2026-09-21T13:00:00Z,0.79,1.2,0.79,2026-09-21T12:54:33.927024+00:00,up,up,1.0,0.21,2026-09-21T13:03:50.846463+00:00
BTC,KXBTC15M-26SEP210915-15,btc-updown-15m-1789995600,B,2026-09-21T13:00:00+00:00,2026-09-21T13:15:00Z,0.76,1.24,0.76,2026-09-21T13:05:46.483464+00:00,down,down,1.0,0.24,2026-09-21T13:17:27.099987+00:00
ETH,KXETH15M-26SEP210915-15,eth-updown-15m-1789995600,B,2026-09-21T13:00:00+00:00,2026-09-21T13:15:00Z,0.78,1.22,0.78,2026-09-21T13:02:40.208944+00:00,down,down,1.0,0.22,2026-09-21T13:19:06.633841+00:00
ETH,KXETH15M-26SEP210930-30,eth-updown-15m-1789996500,B,2026-09-21T13:15:00+00:00,2026-09-21T13:30:00Z,0.78,1.22,0.78,2026-09-21T13:19:28.125604+00:00,up,up,1.0,0.22,2026-09-21T13:31:56.362443+00:00
ETH,KXETH15M-26SEP210945-45,eth-updown-15m-1789997400,A,2026-09-21T13:30:00+00:00,2026-09-21T13:45:00Z,0.78,0.78,1.22,2026-09-21T13:36:23.143501+00:00,down,down,1.0,0.22,2026-09-21T13:49:08.451401+00:00
BTC,KXBTC15M-26SEP210930-30,btc-updown-15m-1789997400,B,2026-09-21T13:30:00+00:00,2026-09-21T13:30:00Z,0.531,1.46,0.531,2026-09-21T13:30:04.744746+00:00,down,up,0.0,-0.531,2026-09-21T13:50:59.483470+00:00
BTC,KXBTC15M-26SEP210945-45,btc-updown-15m-1789997400,A,2026-09-21T13:30:00+00:00,2026-09-21T13:45:00Z,0.79,0.79,1.21,2026-09-21T13:31:12.430614+00:00,up,up,1.0,0.21,2026-09-21T13:50:59.483470+00:00
BTC,KXBTC15M-26SEP211000-00,btc-updown-15m-1789999200,A,2026-09-21T14:00:00+00:00,2026-09-21T14:00:00Z,0.501,0.501,1.49,2026-09-21T14:00:03.801699+00:00,up,down,0.0,-0.501,2026-09-21T14:21:44.750482+00:00
ETH,KXETH15M-26SEP211000-00,eth-updown-15m-1789999200,A,2026-09-21T14:00:00+00:00,2026-09-21T14:00:00Z,0.491,0.491,1.49,2026-09-21T14:00:03.801699+00:00,up,down,0.0,-0.491,2026-09-21T14:21:44.750482+00:00
BTC,KXBTC15M-26SEP211015-15,btc-updown-15m-1789999200,B,2026-09-21T14:00:00+00:00,2026-09-21T14:15:00Z,0.74,1.26,0.74,2026-09-21T14:11:17.607317+00:00,down,down,1.0,0.26,2026-09-21T14:21:44.750482+00:00
ETH,KXETH15M-26SEP211015-15,eth-updown-15m-1790000100,B,2026-09-21T14:15:00+00:00,2026-09-21T14:15:00Z,0.491,1.5,0.491,2026-09-21T14:15:03.178810+00:00,down,up,0.0,-0.491,2026-09-21T14:37:00.323560+00:00
ETH,KXETH15M-26SEP211030-30,eth-updown-15m-1790000100,B,2026-09-21T14:15:00+00:00,2026-09-21T14:30:00Z,0.79,1.21,0.79,2026-09-21T14:15:35.683926+00:00,up,up,1.0,0.21,2026-09-21T14:37:00.323560+00:00
BTC,KXBTC15M-26SEP211030-30,btc-updown-15m-1790001000,A,2026-09-21T14:30:00+00:00,2026-09-21T14:30:00Z,0.441,0.441,1.55,2026-09-21T14:30:04.305698+00:00,up,up,1.0,0.559,2026-09-21T14:47:43.193186+00:00
BTC,KXBTC15M-26SEP211045-45,btc-updown-15m-1790001000,A,2026-09-21T14:30:00+00:00,2026-09-21T14:45:00Z,0.71,0.71,1.3,2026-09-21T14:40:08.475987+00:00,up,up,1.0,0.29,2026-09-21T14:47:43.193186+00:00
ETH,KXETH15M-26SEP211045-45,eth-updown-15m-1790001000,A,2026-09-21T14:30:00+00:00,2026-09-21T14:45:00Z,0.77,0.77,1.23,2026-09-21T14:39:28.912478+00:00,down,down,1.0,0.23,2026-09-21T14:52:11.989614+00:00
BTC,KXBTC15M-26SEP211100-00,btc-updown-15m-1790001900,B,2026-09-21T14:45:00+00:00,2026-09-21T15:00:00Z,0.64,1.35,0.64,2026-09-21T14:58:53.617652+00:00,up,up,1.0,0.36,2026-09-21T15:03:34.739521+00:00
ETH,KXETH15M-26SEP211100-00,eth-updown-15m-1790001900,A,2026-09-21T14:45:00+00:00,2026-09-21T15:00:00Z,0.74,0.74,1.261,2026-09-21T14:57:38.993791+00:00,up,up,1.0,0.26,2026-09-21T15:03:40.699756+00:00
ETH,KXETH15M-26SEP211115-15,eth-updown-15m-1790003700,A,2026-09-21T15:15:00+00:00,2026-09-21T15:15:00Z,0.471,0.471,1.52,2026-09-21T15:15:02.776619+00:00,up,down,0.0,-0.471,2026-09-21T15:33:44.970878+00:00
BTC,KXBTC15M-26SEP211115-15,btc-updown-15m-1790003700,A,2026-09-21T15:15:00+00:00,2026-09-21T15:15:00Z,0.491,0.491,1.5,2026-09-21T15:15:02.776619+00:00,up,down,0.0,-0.491,2026-09-21T15:37:19.707386+00:00
ETH,KXETH15M-26SEP211130-30,eth-updown-15m-1790004600,B,2026-09-21T15:30:00+00:00,2026-09-21T15:30:00Z,0.341,1.62,0.341,2026-09-21T15:30:03.996258+00:00,down,up,0.0,-0.341,2026-09-21T15:50:20.964584+00:00
ETH,KXETH15M-26SEP211145-45,eth-updown-15m-1790004600,B,2026-09-21T15:30:00+00:00,2026-09-21T15:45:00Z,0.78,1.2,0.78,2026-09-21T15:36:10.278355+00:00,up,up,1.0,0.22,2026-09-21T15:50:20.964584+00:00
BTC,KXBTC15M-26SEP211145-45,btc-updown-15m-1790005500,A,2026-09-21T15:45:00+00:00,2026-09-21T15:45:00Z,0.591,0.591,1.4,2026-09-21T15:45:03.236907+00:00,up,down,0.0,-0.591,2026-09-21T16:06:01.430486+00:00
BTC,KXBTC15M-26SEP211200-00,btc-updown-15m-1790005500,A,2026-09-21T15:45:00+00:00,2026-09-21T16:00:00Z,0.78,0.78,1.23,2026-09-21T15:52:03.685352+00:00,down,down,1.0,0.22,2026-09-21T16:06:01.430486+00:00
ETH,KXETH15M-26SEP211200-00,eth-updown-15m-1790006400,A,2026-09-21T16:00:00+00:00,2026-09-21T16:00:00Z,0.451,0.451,1.54,2026-09-21T16:00:02.666007+00:00,up,down,0.0,-0.451,2026-09-21T16:21:28.657374+00:00
ETH,KXETH15M-26SEP211215-15,eth-updown-15m-1790006400,B,2026-09-21T16:00:00+00:00,2026-09-21T16:15:00Z,0.78,1.211,0.78,2026-09-21T16:11:06.659010+00:00,down,down,1.0,0.22,2026-09-21T16:21:28.657374+00:00
BTC,KXBTC15M-26SEP211215-15,btc-updown-15m-1790006400,B,2026-09-21T16:00:00+00:00,2026-09-21T16:15:00Z,0.783,1.208,0.783,2026-09-21T16:07:24.466999+00:00,down,down,1.0,0.217,2026-09-21T16:21:51.220123+00:00
ETH,KXETH15M-26SEP211230-30,eth-updown-15m-1790007300,B,2026-09-21T16:15:00+00:00,2026-09-21T16:30:00Z,0.75,1.24,0.75,2026-09-21T16:15:31.046334+00:00,up,up,1.0,0.25,2026-09-21T16:33:45.048030+00:00
BTC,KXBTC15M-26SEP211230-30,btc-updown-15m-1790008200,A,2026-09-21T16:30:00+00:00,2026-09-21T16:30:00Z,0.491,0.491,1.5,2026-09-21T16:30:01.293942+00:00,up,down,0.0,-0.491,2026-09-21T16:47:31.492695+00:00
BTC,KXBTC15M-26SEP211245-45,btc-updown-15m-1790008200,B,2026-09-21T16:30:00+00:00,2026-09-21T16:45:00Z,0.68,1.32,0.68,2026-09-21T16:43:20.274368+00:00,down,down,1.0,0.32,2026-09-21T16:47:31.492695+00:00
ETH,KXETH15M-26SEP211245-45,eth-updown-15m-1790009100,B,2026-09-21T16:45:00+00:00,2026-09-21T16:45:00Z,0.491,1.5,0.491,2026-09-21T16:45:00.875936+00:00,down,down,1.0,0.509,2026-09-21T17:02:23.608662+00:00
ETH,KXETH15M-26SEP211300-00,eth-updown-15m-1790009100,A,2026-09-21T16:45:00+00:00,2026-09-21T17:00:00Z,0.79,0.79,1.21,2026-09-21T16:56:51.267403+00:00,down,down,1.0,0.21,2026-09-21T17:02:23.608662+00:00
BTC,KXBTC15M-26SEP211300-00,btc-updown-15m-1790010000,A,2026-09-21T17:00:00+00:00,2026-09-21T17:00:00Z,0.461,0.461,1.53,2026-09-21T17:00:02.714415+00:00,up,down,0.0,-0.461,2026-09-21T17:20:18.247382+00:00
BTC,KXBTC15M-26SEP211315-15,btc-updown-15m-1790010000,A,2026-09-21T17:00:00+00:00,2026-09-21T17:15:00Z,0.68,0.68,1.32,2026-09-21T17:14:04.968806+00:00,down,down,1.0,0.32,2026-09-21T17:20:18.247382+00:00
ETH,KXETH15M-26SEP211315-15,eth-updown-15m-1790010000,B,2026-09-21T17:00:00+00:00,2026-09-21T17:15:00Z,0.74,1.26,0.74,2026-09-21T17:07:56.435717+00:00,down,down,1.0,0.26,2026-09-21T17:21:23.571268+00:00
ETH,KXETH15M-26SEP211330-30,eth-updown-15m-1790010900,B,2026-09-21T17:15:00+00:00,2026-09-21T17:30:00Z,0.71,1.29,0.71,2026-09-21T17:24:06.438020+00:00,down,down,1.0,0.29,2026-09-21T17:34:17.847763+00:00
ETH,KXETH15M-26SEP211345-45,eth-updown-15m-1790011800,B,2026-09-21T17:30:00+00:00,2026-09-21T17:45:00Z,0.79,1.2,0.79,2026-09-21T17:37:24.093384+00:00,down,down,1.0,0.21,2026-09-21T17:48:58.599227+00:00
BTC,KXBTC15M-26SEP211330-30,btc-updown-15m-1790011800,B,2026-09-21T17:30:00+00:00,2026-09-21T17:30:00Z,0.531,1.47,0.531,2026-09-21T17:30:03.942007+00:00,down,down,1.0,0.469,2026-09-21T17:51:38.077960+00:00
BTC,KXBTC15M-26SEP211345-45,btc-updown-15m-1790011800,B,2026-09-21T17:30:00+00:00,2026-09-21T17:45:00Z,0.73,1.27,0.73,2026-09-21T17:37:18.464494+00:00,down,down,1.0,0.27,2026-09-21T17:51:38.077960+00:00
ETH,KXETH15M-26SEP211400-00,eth-updown-15m-1790012700,A,2026-09-21T17:45:00+00:00,2026-09-21T18:00:00Z,0.77,0.77,1.2,2026-09-21T17:46:00.693256+00:00,down,down,1.0,0.23,2026-09-21T18:06:04.006984+00:00
BTC,KXBTC15M-26SEP211400-00,btc-updown-15m-1790013600,B,2026-09-21T18:00:00+00:00,2026-09-21T18:00:00Z,0.471,1.52,0.471,2026-09-21T18:00:04.275976+00:00,down,up,0.0,-0.471,2026-09-21T18:17:37.732386+00:00
ETH,KXETH15M-26SEP211415-15,eth-updown-15m-1790013600,B,2026-09-21T18:00:00+00:00,2026-09-21T18:15:00Z,0.74,1.26,0.74,2026-09-21T18:04:07.675014+00:00,up,up,1.0,0.26,2026-09-21T18:20:56.761566+00:00
ETH,KXETH15M-26SEP211430-30,eth-updown-15m-1790014500,A,2026-09-21T18:15:00+00:00,2026-09-21T18:30:00Z,0.77,0.77,1.23,2026-09-21T18:20:56.229252+00:00,down,down,1.0,0.23,2026-09-21T18:34:27.392558+00:00
BTC,KXBTC15M-26SEP211415-15,btc-updown-15m-1790014500,A,2026-09-21T18:15:00+00:00,2026-09-21T18:15:00Z,0.491,0.491,1.5,2026-09-21T18:15:02.121023+00:00,up,down,0.0,-0.491,2026-09-21T18:35:57.190094+00:00
BTC,KXBTC15M-26SEP211430-30,btc-updown-15m-1790014500,A,2026-09-21T18:15:00+00:00,2026-09-21T18:30:00Z,0.77,0.77,1.22,2026-09-21T18:24:41.271873+00:00,down,down,1.0,0.23,2026-09-21T18:35:57.190094+00:00
BTC,KXBTC15M-26SEP211445-45,btc-updown-15m-1790015400,A,2026-09-21T18:30:00+00:00,2026-09-21T18:45:00Z,0.76,0.76,1.24,2026-09-21T18:37:06.291326+00:00,up,up,1.0,0.24,2026-09-21T18:49:56.231340+00:00
ETH,KXETH15M-26SEP211445-45,eth-updown-15m-1790016300,A,2026-09-21T18:45:00+00:00,2026-09-21T18:45:00Z,0.496,0.496,1.496,2026-09-21T18:45:04.766023+00:00,up,up,1.0,0.504,2026-09-21T19:07:37.127262+00:00
ETH,KXETH15M-26SEP211500-00,eth-updown-15m-1790017200,A,2026-09-21T19:00:00+00:00,2026-09-21T19:00:00Z,0.491,0.491,1.51,2026-09-21T19:00:01.621671+00:00,up,up,1.0,0.509,2026-09-21T19:17:37.306473+00:00
ETH,KXETH15M-26SEP211515-15,eth-updown-15m-1790017200,B,2026-09-21T19:00:00+00:00,2026-09-21T19:15:00Z,0.7,1.3,0.7,2026-09-21T19:06:47.323098+00:00,up,up,1.0,0.3,2026-09-21T19:17:37.306473+00:00
BTC,KXBTC15M-26SEP211500-00,btc-updown-15m-1790017200,A,2026-09-21T19:00:00+00:00,2026-09-21T19:00:00Z,0.511,0.511,1.46,2026-09-21T19:00:01.621671+00:00,up,down,0.0,-0.511,2026-09-21T19:19:08.609438+00:00
BTC,KXBTC15M-26SEP211515-15,btc-updown-15m-1790017200,B,2026-09-21T19:00:00+00:00,2026-09-21T19:15:00Z,0.79,1.14,0.79,2026-09-21T19:06:47.323098+00:00,down,down,1.0,0.21,2026-09-21T19:19:08.609438+00:00
BTC,KXBTC15M-26SEP211530-30,btc-updown-15m-1790019000,A,2026-09-21T19:30:00+00:00,2026-09-21T19:30:00Z,0.521,0.521,1.47,2026-09-21T19:30:04.069783+00:00,up,up,1.0,0.479,2026-09-21T19:47:36.433147+00:00
BTC,KXBTC15M-26SEP211545-45,btc-updown-15m-1790019000,B,2026-09-21T19:30:00+00:00,2026-09-21T19:45:00Z,0.79,1.21,0.79,2026-09-21T19:33:17.333430+00:00,up,up,1.0,0.21,2026-09-21T19:47:36.433147+00:00
ETH,KXETH15M-26SEP211545-45,eth-updown-15m-1790019000,A,2026-09-21T19:30:00+00:00,2026-09-21T19:45:00Z,0.74,0.74,1.26,2026-09-21T19:38:18.703705+00:00,down,down,1.0,0.26,2026-09-21T19:47:36.433147+00:00
BTC,KXBTC15M-26SEP211600-00,btc-updown-15m-1790019900,B,2026-09-21T19:45:00+00:00,2026-09-21T20:00:00Z,0.66,1.34,0.66,2026-09-21T19:55:38.150500+00:00,up,up,1.0,0.34,2026-09-21T20:02:41.518882+00:00
ETH,KXETH15M-26SEP211600-00,eth-updown-15m-1790019900,A,2026-09-21T19:45:00+00:00,2026-09-21T20:00:00Z,0.77,0.77,1.23,2026-09-21T19:53:19.592015+00:00,down,down,1.0,0.23,2026-09-21T20:04:45.495482+00:00
ETH,KXETH15M-26SEP211615-15,eth-updown-15m-1790021700,A,2026-09-21T20:15:00+00:00,2026-09-21T20:15:00Z,0.451,0.451,1.54,2026-09-21T20:15:02.494087+00:00,up,up,1.0,0.549,2026-09-21T20:32:46.563102+00:00
ETH,KXETH15M-26SEP211630-30,eth-updown-15m-1790021700,B,2026-09-21T20:15:00+00:00,2026-09-21T20:30:00Z,0.76,1.23,0.76,2026-09-21T20:17:49.580084+00:00,up,up,1.0,0.24,2026-09-21T20:32:46.563102+00:00
BTC,KXBTC15M-26SEP211615-15,btc-updown-15m-1790021700,A,2026-09-21T20:15:00+00:00,2026-09-21T20:15:00Z,0.431,0.431,1.56,2026-09-21T20:15:02.494087+00:00,up,up,1.0,0.569,2026-09-21T20:33:20.005082+00:00
BTC,KXBTC15M-26SEP211630-30,btc-updown-15m-1790022600,A,2026-09-21T20:30:00+00:00,2026-09-21T20:30:00Z,0.441,0.441,1.55,2026-09-21T20:30:03.999421+00:00,up,down,0.0,-0.441,2026-09-21T20:48:21.481208+00:00
BTC,KXBTC15M-26SEP211645-45,btc-updown-15m-1790023500,B,2026-09-21T20:45:00+00:00,2026-09-21T20:45:00Z,0.461,1.53,0.461,2026-09-21T20:45:03.324680+00:00,down,up,0.0,-0.461,2026-09-21T21:02:41.565377+00:00
BTC,KXBTC15M-26SEP211700-00,btc-updown-15m-1790023500,B,2026-09-21T20:45:00+00:00,2026-09-21T21:00:00Z,0.74,1.26,0.74,2026-09-21T20:51:13.104555+00:00,up,up,1.0,0.26,2026-09-21T21:02:41.565377+00:00
ETH,KXETH15M-26SEP211645-45,eth-updown-15m-1790023500,B,2026-09-21T20:45:00+00:00,2026-09-21T20:45:00Z,0.501,1.49,0.501,2026-09-21T20:45:03.324680+00:00,down,up,0.0,-0.501,2026-09-21T21:02:59.919528+00:00
ETH,KXETH15M-26SEP211700-00,eth-updown-15m-1790023500,B,2026-09-21T20:45:00+00:00,2026-09-21T21:00:00Z,0.7,1.3,0.7,2026-09-21T20:51:13.104555+00:00,up,up,1.0,0.3,2026-09-21T21:02:59.919528+00:00
BTC,KXBTC15M-26SEP211715-15,btc-updown-15m-1790025300,B,2026-09-21T21:15:00+00:00,2026-09-21T21:15:00Z,0.511,1.48,0.511,2026-09-21T21:15:02.861795+00:00,down,up,0.0,-0.511,2026-09-21T21:32:47.195395+00:00
BTC,KXBTC15M-26SEP211730-30,btc-updown-15m-1790025300,A,2026-09-21T21:15:00+00:00,2026-09-21T21:30:00Z,0.78,0.78,1.22,2026-09-21T21:20:06.319168+00:00,up,up,1.0,0.22,2026-09-21T21:32:47.195395+00:00
ETH,KXETH15M-26SEP211715-15,eth-updown-15m-1790025300,B,2026-09-21T21:15:00+00:00,2026-09-21T21:15:00Z,0.461,1.53,0.461,2026-09-21T21:15:02.861795+00:00,down,up,0.0,-0.461,2026-09-21T21:35:16.437032+00:00
ETH,KXETH15M-26SEP211730-30,eth-updown-15m-1790025300,B,2026-09-21T21:15:00+00:00,2026-09-21T21:30:00Z,0.76,1.2,0.76,2026-09-21T21:21:44.890404+00:00,up,up,1.0,0.24,2026-09-21T21:35:16.437032+00:00
ETH,KXETH15M-26SEP211745-45,eth-updown-15m-1790027100,A,2026-09-21T21:45:00+00:00,2026-09-21T21:45:00Z,0.491,0.491,1.5,2026-09-21T21:45:05.452983+00:00,up,down,0.0,-0.491,2026-09-21T22:05:45.777085+00:00
BTC,KXBTC15M-26SEP211745-45,btc-updown-15m-1790027100,A,2026-09-21T21:45:00+00:00,2026-09-21T21:45:00Z,0.461,0.461,1.53,2026-09-21T21:45:05.452983+00:00,up,down,0.0,-0.461,2026-09-21T22:08:06.282207+00:00
BTC,KXBTC15M-26SEP211800-00,btc-updown-15m-1790028000,B,2026-09-21T22:00:00+00:00,2026-09-21T22:00:00Z,0.571,1.42,0.571,2026-09-21T22:00:00.447313+00:00,down,up,0.0,-0.571,2026-09-21T22:18:12.556244+00:00
BTC,KXBTC15M-26SEP211815-15,btc-updown-15m-1790028000,B,2026-09-21T22:00:00+00:00,2026-09-21T22:15:00Z,0.79,1.21,0.79,2026-09-21T22:02:43.988284+00:00,up,up,1.0,0.21,2026-09-21T22:18:12.556244+00:00
ETH,KXETH15M-26SEP211800-00,eth-updown-15m-1790028000,B,2026-09-21T22:00:00+00:00,2026-09-21T22:00:00Z,0.551,1.42,0.551,2026-09-21T22:00:00.447313+00:00,down,up,0.0,-0.551,2026-09-21T22:19:03.080682+00:00
ETH,KXETH15M-26SEP211815-15,eth-updown-15m-1790028000,B,2026-09-21T22:00:00+00:00,2026-09-21T22:15:00Z,0.78,1.24,0.78,2026-09-21T22:02:25.515774+00:00,up,up,1.0,0.22,2026-09-21T22:19:03.080682+00:00
ETH,KXETH15M-26SEP211830-30,eth-updown-15m-1790028900,B,2026-09-21T22:15:00+00:00,2026-09-21T22:30:00Z,0.78,1.22,0.78,2026-09-21T22:21:14.868881+00:00,down,down,1.0,0.22,2026-09-21T22:34:08.361983+00:00
BTC,KXBTC15M-26SEP211830-30,btc-updown-15m-1790029800,B,2026-09-21T22:30:00+00:00,2026-09-21T22:30:00Z,0.381,1.61,0.381,2026-09-21T22:30:19.452999+00:00,down,up,0.0,-0.381,2026-09-21T22:48:23.769003+00:00
BTC,KXBTC15M-26SEP211845-45,btc-updown-15m-1790030700,A,2026-09-21T22:45:00+00:00,2026-09-21T22:45:00Z,0.531,0.531,1.46,2026-09-21T22:45:00.718013+00:00,up,up,1.0,0.469,2026-09-21T23:03:42.629172+00:00
BTC,KXBTC15M-26SEP211900-00,btc-updown-15m-1790030700,B,2026-09-21T22:45:00+00:00,2026-09-21T23:00:00Z,0.649,1.332,0.649,2026-09-21T22:58:37.818998+00:00,up,up,1.0,0.351,2026-09-21T23:03:42.629172+00:00
ETH,KXETH15M-26SEP211845-45,eth-updown-15m-1790030700,A,2026-09-21T22:45:00+00:00,2026-09-21T22:45:00Z,0.501,0.501,1.49,2026-09-21T22:45:00.718013+00:00,up,up,1.0,0.499,2026-09-21T23:04:44.146033+00:00
ETH,KXETH15M-26SEP211900-00,eth-updown-15m-1790030700,A,2026-09-21T22:45:00+00:00,2026-09-21T23:00:00Z,0.76,0.76,1.24,2026-09-21T22:51:17.527627+00:00,up,up,1.0,0.24,2026-09-21T23:04:44.146033+00:00
ETH,KXETH15M-26SEP211915-15,eth-updown-15m-1790032500,A,2026-09-21T23:15:00+00:00,2026-09-21T23:15:00Z,0.351,0.351,1.64,2026-09-21T23:15:03.421708+00:00,up,down,0.0,-0.351,2026-09-21T23:35:31.107746+00:00
BTC,KXBTC15M-26SEP211915-15,btc-updown-15m-1790032500,A,2026-09-21T23:15:00+00:00,2026-09-21T23:15:00Z,0.421,0.421,1.57,2026-09-21T23:15:03.421708+00:00,up,down,0.0,-0.421,2026-09-21T23:36:07.868819+00:00
ETH,KXETH15M-26SEP211930-30,eth-updown-15m-1790033400,B,2026-09-21T23:30:00+00:00,2026-09-21T23:30:00Z,0.511,1.48,0.511,2026-09-21T23:30:02.992248+00:00,down,down,1.0,0.489,2026-09-21T23:50:48.053493+00:00
ETH,KXETH15M-26SEP211945-45,eth-updown-15m-1790033400,B,2026-09-21T23:30:00+00:00,2026-09-21T23:45:00Z,0.74,1.26,0.74,2026-09-21T23:37:13.409103+00:00,down,down,1.0,0.26,2026-09-21T23:50:48.053493+00:00
BTC,KXBTC15M-26SEP211930-30,btc-updown-15m-1790033400,B,2026-09-21T23:30:00+00:00,2026-09-21T23:30:00Z,0.511,1.48,0.511,2026-09-21T23:30:02.992248+00:00,down,down,1.0,0.489,2026-09-21T23:51:42.688669+00:00
BTC,KXBTC15M-26SEP211945-45,btc-updown-15m-1790033400,B,2026-09-21T23:30:00+00:00,2026-09-21T23:45:00Z,0.79,1.21,0.79,2026-09-21T23:41:07.607032+00:00,down,down,1.0,0.21,2026-09-21T23:51:42.688669+00:00
ETH,KXETH15M-26SEP212000-00,eth-updown-15m-1790034300,A,2026-09-21T23:45:00+00:00,2026-09-22T00:00:00Z,0.72,0.72,1.27,2026-09-21T23:52:11.040709+00:00,up,up,1.0,0.28,2026-09-22T00:06:15.933370+00:00
BTC,KXBTC15M-26SEP212000-00,btc-updown-15m-1790035200,A,2026-09-22T00:00:00+00:00,2026-09-22T00:00:00Z,0.431,0.431,1.56,2026-09-22T00:00:04.934498+00:00,up,down,0.0,-0.431,2026-09-22T00:19:59.272898+00:00
ETH,KXETH15M-26SEP212015-15,eth-updown-15m-1790036100,B,2026-09-22T00:15:00+00:00,2026-09-22T00:15:00Z,0.481,1.51,0.481,2026-09-22T00:15:01.257827+00:00,down,down,1.0,0.519,2026-09-22T00:34:42.116466+00:00
ETH,KXETH15M-26SEP212030-30,eth-updown-15m-1790036100,A,2026-09-22T00:15:00+00:00,2026-09-22T00:30:00Z,0.76,0.76,1.24,2026-09-22T00:23:50.596491+00:00,down,down,1.0,0.24,2026-09-22T00:34:42.116466+00:00
BTC,KXBTC15M-26SEP212015-15,btc-updown-15m-1790036100,B,2026-09-22T00:15:00+00:00,2026-09-22T00:15:00Z,0.431,1.55,0.431,2026-09-22T00:15:01.257827+00:00,down,down,1.0,0.569,2026-09-22T00:35:09.907132+00:00
BTC,KXBTC15M-26SEP212030-30,btc-updown-15m-1790036100,A,2026-09-22T00:15:00+00:00,2026-09-22T00:30:00Z,0.78,0.78,1.22,2026-09-22T00:18:02.334959+00:00,down,down,1.0,0.22,2026-09-22T00:35:09.907132+00:00
BTC,KXBTC15M-26SEP212045-45,btc-updown-15m-1790037000,A,2026-09-22T00:30:00+00:00,2026-09-22T00:45:00Z,0.76,0.76,1.24,2026-09-22T00:37:11.623104+00:00,down,down,1.0,0.24,2026-09-22T00:49:09.240269+00:00
ETH,KXETH15M-26SEP212045-45,eth-updown-15m-1790037900,B,2026-09-22T00:45:00+00:00,2026-09-22T00:45:00Z,0.51,1.489,0.51,2026-09-22T00:45:03.419604+00:00,down,down,1.0,0.49,2026-09-22T01:05:22.409244+00:00
BTC,KXBTC15M-26SEP212100-00,btc-updown-15m-1790038800,B,2026-09-22T01:00:00+00:00,2026-09-22T01:00:00Z,0.401,1.59,0.401,2026-09-22T01:00:03.211745+00:00,down,down,1.0,0.599,2026-09-22T01:20:07.869722+00:00
BTC,KXBTC15M-26SEP212115-15,btc-updown-15m-1790038800,A,2026-09-22T01:00:00+00:00,2026-09-22T01:15:00Z,0.68,0.68,1.32,2026-09-22T01:11:18.173470+00:00,down,down,1.0,0.32,2026-09-22T01:20:07.869722+00:00
ETH,KXETH15M-26SEP212100-00,eth-updown-15m-1790038800,B,2026-09-22T01:00:00+00:00,2026-09-22T01:00:00Z,0.381,1.59,0.381,2026-09-22T01:00:03.211745+00:00,down,down,1.0,0.619,2026-09-22T01:21:01.322082+00:00
ETH,KXETH15M-26SEP212115-15,eth-updown-15m-1790038800,A,2026-09-22T01:00:00+00:00,2026-09-22T01:15:00Z,0.6,0.6,1.4,2026-09-22T01:11:18.173470+00:00,down,down,1.0,0.4,2026-09-22T01:21:01.322082+00:00
ETH,KXETH15M-26SEP212130-30,eth-updown-15m-1790039700,B,2026-09-22T01:15:00+00:00,2026-09-22T01:30:00Z,0.79,1.19,0.79,2026-09-22T01:22:03.941253+00:00,up,up,1.0,0.21,2026-09-22T01:35:04.336514+00:00
ETH,KXETH15M-26SEP212145-45,eth-updown-15m-1790040600,A,2026-09-22T01:30:00+00:00,2026-09-22T01:45:00Z,0.78,0.78,1.22,2026-09-22T01:41:10.571002+00:00,down,down,1.0,0.22,2026-09-22T01:47:04.940073+00:00
BTC,KXBTC15M-26SEP212130-30,btc-updown-15m-1790040600,B,2026-09-22T01:30:00+00:00,2026-09-22T01:30:00Z,0.441,1.55,0.441,2026-09-22T01:30:02.685386+00:00,down,down,1.0,0.559,2026-09-22T01:52:02.310876+00:00
BTC,KXBTC15M-26SEP212145-45,btc-updown-15m-1790040600,B,2026-09-22T01:30:00+00:00,2026-09-22T01:45:00Z,0.79,1.21,0.79,2026-09-22T01:40:58.950298+00:00,down,down,1.0,0.21,2026-09-22T01:52:02.310876+00:00
BTC,KXBTC15M-26SEP212200-00,btc-updown-15m-1790041500,B,2026-09-22T01:45:00+00:00,2026-09-22T02:00:00Z,0.78,1.22,0.78,2026-09-22T01:55:09.302950+00:00,down,down,1.0,0.22,2026-09-22T02:02:49.122969+00:00
ETH,KXETH15M-26SEP212200-00,eth-updown-15m-1790041500,B,2026-09-22T01:45:00+00:00,2026-09-22T02:00:00Z,0.71,1.29,0.71,2026-09-22T01:55:03.780327+00:00,down,down,1.0,0.29,2026-09-22T02:06:13.544729+00:00
BTC,KXBTC15M-26SEP212215-15,btc-updown-15m-1790042400,B,2026-09-22T02:00:00+00:00,2026-09-22T02:15:00Z,0.79,1.21,0.79,2026-09-22T02:02:59.760705+00:00,up,up,1.0,0.21,2026-09-22T02:17:53.486410+00:00
ETH,KXETH15M-26SEP212215-15,eth-updown-15m-1790042400,B,2026-09-22T02:00:00+00:00,2026-09-22T02:15:00Z,0.77,1.23,0.77,2026-09-22T02:02:54.216426+00:00,down,down,1.0,0.23,2026-09-22T02:18:35.406659+00:00
BTC,KXBTC15M-26SEP212230-30,btc-updown-15m-1790043300,A,2026-09-22T02:15:00+00:00,2026-09-22T02:30:00Z,0.77,0.77,1.23,2026-09-22T02:17:47.265235+00:00,up,up,1.0,0.23,2026-09-22T02:33:32.730712+00:00
ETH,KXETH15M-26SEP212230-30,eth-updown-15m-1790043300,A,2026-09-22T02:15:00+00:00,2026-09-22T02:30:00Z,0.76,0.76,1.24,2026-09-22T02:17:47.265235+00:00,up,up,1.0,0.24,2026-09-22T02:33:38.415881+00:00
BTC,KXBTC15M-26SEP212245-45,btc-updown-15m-1790044200,B,2026-09-22T02:30:00+00:00,2026-09-22T02:45:00Z,0.79,1.21,0.79,2026-09-22T02:37:14.723860+00:00,up,up,1.0,0.21,2026-09-22T02:48:55.148829+00:00
ETH,KXETH15M-26SEP212245-45,eth-updown-15m-1790045100,A,2026-09-22T02:45:00+00:00,2026-09-22T02:45:00Z,0.401,0.401,1.59,2026-09-22T02:45:03.399635+00:00,up,down,0.0,-0.401,2026-09-22T03:05:39.245304+00:00
ETH,KXETH15M-26SEP212300-00,eth-updown-15m-1790046000,B,2026-09-22T03:00:00+00:00,2026-09-22T03:00:00Z,0.541,1.43,0.541,2026-09-22T03:00:01.745411+00:00,down,down,1.0,0.459,2026-09-22T03:18:04.374093+00:00
ETH,KXETH15M-26SEP212315-15,eth-updown-15m-1790046000,B,2026-09-22T03:00:00+00:00,2026-09-22T03:15:00Z,0.79,1.22,0.79,2026-09-22T03:03:12.939318+00:00,down,down,1.0,0.21,2026-09-22T03:18:04.374093+00:00
BTC,KXBTC15M-26SEP212300-00,btc-updown-15m-1790046000,B,2026-09-22T03:00:00+00:00,2026-09-22T03:00:00Z,0.581,1.41,0.581,2026-09-22T03:00:01.745411+00:00,down,down,1.0,0.419,2026-09-22T03:19:12.327626+00:00
ETH,KXETH15M-26SEP212330-30,eth-updown-15m-1790046900,A,2026-09-22T03:15:00+00:00,2026-09-22T03:30:00Z,0.79,0.79,1.21,2026-09-22T03:16:27.645262+00:00,up,up,1.0,0.21,2026-09-22T03:34:01.285057+00:00
BTC,KXBTC15M-26SEP212315-15,btc-updown-15m-1790046900,B,2026-09-22T03:15:00+00:00,2026-09-22T03:15:00Z,0.441,1.55,0.441,2026-09-22T03:15:01.787564+00:00,down,up,0.0,-0.441,2026-09-22T03:35:47.291817+00:00
BTC,KXBTC15M-26SEP212330-30,btc-updown-15m-1790046900,A,2026-09-22T03:15:00+00:00,2026-09-22T03:30:00Z,0.79,0.79,1.2,2026-09-22T03:16:21.764094+00:00,up,up,1.0,0.21,2026-09-22T03:35:47.291817+00:00
BTC,KXBTC15M-26SEP212345-45,btc-updown-15m-1790048700,B,2026-09-22T03:45:00+00:00,2026-09-22T03:45:00Z,0.511,1.48,0.511,2026-09-22T03:45:04.628462+00:00,down,up,0.0,-0.511,2026-09-22T04:02:15.326701+00:00
ETH,KXETH15M-26SEP212345-45,eth-updown-15m-1790048700,B,2026-09-22T03:45:00+00:00,2026-09-22T03:45:00Z,0.511,1.48,0.511,2026-09-22T03:45:04.628462+00:00,down,up,0.0,-0.511,2026-09-22T04:04:36.440404+00:00
ETH,KXETH15M-26SEP220000-00,eth-updown-15m-1790048700,B,2026-09-22T03:45:00+00:00,2026-09-22T04:00:00Z,0.79,1.21,0.79,2026-09-22T03:55:32.873458+00:00,up,up,1.0,0.21,2026-09-22T04:04:36.440404+00:00
BTC,KXBTC15M-26SEP220000-00,btc-updown-15m-1790049600,A,2026-09-22T04:00:00+00:00,2026-09-22T04:00:00Z,0.581,0.581,1.43,2026-09-22T04:00:00.661838+00:00,up,down,0.0,-0.581,2026-09-22T04:17:30.413375+00:00
BTC,KXBTC15M-26SEP220015-15,btc-updown-15m-1790049600,B,2026-09-22T04:00:00+00:00,2026-09-22T04:15:00Z,0.72,1.28,0.72,2026-09-22T04:10:53.762068+00:00,down,down,1.0,0.28,2026-09-22T04:17:30.413375+00:00
ETH,KXETH15M-26SEP220015-15,eth-updown-15m-1790049600,B,2026-09-22T04:00:00+00:00,2026-09-22T04:15:00Z,0.75,1.24,0.75,2026-09-22T04:10:53.762068+00:00,up,up,1.0,0.25,2026-09-22T04:18:21.487827+00:00
BTC,KXBTC15M-26SEP220030-30,btc-updown-15m-1790050500,B,2026-09-22T04:15:00+00:00,2026-09-22T04:30:00Z,0.68,1.32,0.68,2026-09-22T04:28:12.964911+00:00,down,down,1.0,0.32,2026-09-22T04:33:20.668872+00:00
BTC,KXBTC15M-26SEP220045-45,btc-updown-15m-1790051400,B,2026-09-22T04:30:00+00:00,2026-09-22T04:45:00Z,0.75,1.25,0.75,2026-09-22T04:38:00.591716+00:00,down,down,1.0,0.25,2026-09-22T04:48:32.813650+00:00
ETH,KXETH15M-26SEP220030-30,eth-updown-15m-1790051400,B,2026-09-22T04:30:00+00:00,2026-09-22T04:30:00Z,0.521,1.37,0.521,2026-09-22T04:30:00.449789+00:00,down,down,1.0,0.479,2026-09-22T04:51:54.520886+00:00
ETH,KXETH15M-26SEP220045-45,eth-updown-15m-1790052300,B,2026-09-22T04:45:00+00:00,2026-09-22T04:45:00Z,0.581,1.41,0.581,2026-09-22T04:45:04.724055+00:00,down,down,1.0,0.419,2026-09-22T05:02:56.736089+00:00
ETH,KXETH15M-26SEP220100-00,eth-updown-15m-1790052300,B,2026-09-22T04:45:00+00:00,2026-09-22T05:00:00Z,0.79,1.21,0.79,2026-09-22T04:55:19.608271+00:00,down,down,1.0,0.21,2026-09-22T05:02:56.736089+00:00
BTC,KXBTC15M-26SEP220100-00,btc-updown-15m-1790052300,A,2026-09-22T04:45:00+00:00,2026-09-22T05:00:00Z,0.72,0.72,1.29,2026-09-22T04:56:03.407209+00:00,down,down,1.0,0.28,2026-09-22T05:03:45.144231+00:00
BTC,KXBTC15M-26SEP220115-15,btc-updown-15m-1790053200,A,2026-09-22T05:00:00+00:00,2026-09-22T05:15:00Z,0.73,0.73,1.27,2026-09-22T05:03:07.432891+00:00,down,down,1.0,0.27,2026-09-22T05:19:04.491608+00:00
ETH,KXETH15M-26SEP220115-15,eth-updown-15m-1790053200,A,2026-09-22T05:00:00+00:00,2026-09-22T05:15:00Z,0.72,0.72,1.28,2026-09-22T05:09:32.964353+00:00,down,down,1.0,0.28,2026-09-22T05:21:00.399021+00:00
ETH,KXETH15M-26SEP220130-30,eth-updown-15m-1790054100,A,2026-09-22T05:15:00+00:00,2026-09-22T05:30:00Z,0.79,0.79,1.19,2026-09-22T05:24:39.134733+00:00,down,down,1.0,0.21,2026-09-22T05:36:08.844702+00:00
ETH,KXETH15M-26SEP220145-45,eth-updown-15m-1790055000,B,2026-09-22T05:30:00+00:00,2026-09-22T05:45:00Z,0.77,1.23,0.77,2026-09-22T05:36:41.266519+00:00,up,up,1.0,0.23,2026-09-22T05:49:05.741247+00:00
BTC,KXBTC15M-26SEP220145-45,btc-updown-15m-1790055000,B,2026-09-22T05:30:00+00:00,2026-09-22T05:45:00Z,0.79,1.21,0.79,2026-09-22T05:36:46.748619+00:00,up,up,1.0,0.21,2026-09-22T05:50:21.048020+00:00
BTC,KXBTC15M-26SEP220200-00,btc-updown-15m-1790055900,A,2026-09-22T05:45:00+00:00,2026-09-22T06:00:00Z,0.781,0.781,1.21,2026-09-22T05:59:01.100695+00:00,down,down,1.0,0.219,2026-09-22T06:06:43.226887+00:00
ETH,KXETH15M-26SEP220200-00,eth-updown-15m-1790056800,A,2026-09-22T06:00:00+00:00,2026-09-22T06:00:00Z,0.521,0.521,1.47,2026-09-22T06:00:04.879670+00:00,up,down,0.0,-0.521,2026-09-22T06:19:44.731316+00:00
BTC,KXBTC15M-26SEP220215-15,btc-updown-15m-1790057700,B,2026-09-22T06:15:00+00:00,2026-09-22T06:15:00Z,0.461,1.55,0.461,2026-09-22T06:15:02.932306+00:00,down,down,1.0,0.539,2026-09-22T06:32:42.702455+00:00
BTC,KXBTC15M-26SEP220230-30,btc-updown-15m-1790057700,B,2026-09-22T06:15:00+00:00,2026-09-22T06:30:00Z,0.76,1.24,0.76,2026-09-22T06:26:18.463955+00:00,down,down,1.0,0.24,2026-09-22T06:32:42.702455+00:00
ETH,KXETH15M-26SEP220215-15,eth-updown-15m-1790057700,B,2026-09-22T06:15:00+00:00,2026-09-22T06:15:00Z,0.411,1.58,0.411,2026-09-22T06:15:02.932306+00:00,down,up,0.0,-0.411,2026-09-22T06:34:53.270927+00:00
ETH,KXETH15M-26SEP220230-30,eth-updown-15m-1790057700,A,2026-09-22T06:15:00+00:00,2026-09-22T06:30:00Z,0.79,0.79,1.21,2026-09-22T06:27:08.174996+00:00,up,up,1.0,0.21,2026-09-22T06:34:53.270927+00:00
BTC,KXBTC15M-26SEP220245-45,btc-updown-15m-1790058600,B,2026-09-22T06:30:00+00:00,2026-09-22T06:45:00Z,0.79,1.21,0.79,2026-09-22T06:31:41.298638+00:00,up,up,1.0,0.21,2026-09-22T06:48:04.515636+00:00
BTC,KXBTC15M-26SEP220300-00,btc-updown-15m-1790059500,B,2026-09-22T06:45:00+00:00,2026-09-22T07:00:00Z,0.74,1.26,0.74,2026-09-22T06:52:21.793403+00:00,down,down,1.0,0.26,2026-09-22T07:03:28.213923+00:00
ETH,KXETH15M-26SEP220245-45,eth-updown-15m-1790059500,A,2026-09-22T06:45:00+00:00,2026-09-22T06:45:00Z,0.471,0.471,1.52,2026-09-22T06:45:02.948046+00:00,up,down,0.0,-0.471,2026-09-22T07:04:28.969306+00:00
ETH,KXETH15M-26SEP220300-00,eth-updown-15m-1790059500,B,2026-09-22T06:45:00+00:00,2026-09-22T07:00:00Z,0.79,1.21,0.79,2026-09-22T06:52:16.312790+00:00,down,down,1.0,0.21,2026-09-22T07:04:28.969306+00:00
BTC,KXBTC15M-26SEP220315-15,btc-updown-15m-1790060400,B,2026-09-22T07:00:00+00:00,2026-09-22T07:15:00Z,0.78,1.22,0.78,2026-09-22T07:09:35.403505+00:00,up,up,1.0,0.22,2026-09-22T07:18:37.794006+00:00
ETH,KXETH15M-26SEP220315-15,eth-updown-15m-1790060400,B,2026-09-22T07:00:00+00:00,2026-09-22T07:15:00Z,0.69,1.31,0.69,2026-09-22T07:09:29.532146+00:00,up,up,1.0,0.31,2026-09-22T07:20:54.987459+00:00
ETH,KXETH15M-26SEP220330-30,eth-updown-15m-1790062200,B,2026-09-22T07:30:00+00:00,2026-09-22T07:30:00Z,0.381,1.6,0.381,2026-09-22T07:30:04.488541+00:00,down,down,1.0,0.619,2026-09-22T07:50:20.974033+00:00
ETH,KXETH15M-26SEP220345-45,eth-updown-15m-1790062200,B,2026-09-22T07:30:00+00:00,2026-09-22T07:45:00Z,0.78,1.23,0.78,2026-09-22T07:39:33.067856+00:00,down,down,1.0,0.22,2026-09-22T07:50:20.974033+00:00
BTC,KXBTC15M-26SEP220330-30,btc-updown-15m-1790062200,B,2026-09-22T07:30:00+00:00,2026-09-22T07:30:00Z,0.391,1.6,0.391,2026-09-22T07:30:04.488541+00:00,down,down,1.0,0.609,2026-09-22T07:50:39.273088+00:00
BTC,KXBTC15M-26SEP220345-45,btc-updown-15m-1790063100,B,2026-09-22T07:45:00+00:00,2026-09-22T07:45:00Z,0.361,1.63,0.361,2026-09-22T07:45:02.157472+00:00,down,up,0.0,-0.361,2026-09-22T08:05:14.671428+00:00
ETH,KXETH15M-26SEP220400-00,eth-updown-15m-1790063100,B,2026-09-22T07:45:00+00:00,2026-09-22T08:00:00Z,0.75,1.25,0.75,2026-09-22T07:54:07.068152+00:00,up,up,1.0,0.25,2026-09-22T08:05:38.133721+00:00
BTC,KXBTC15M-26SEP220400-00,btc-updown-15m-1790064000,A,2026-09-22T08:00:00+00:00,2026-09-22T08:00:00Z,0.691,0.691,1.3,2026-09-22T08:00:05.239072+00:00,up,up,1.0,0.309,2026-09-22T08:21:36.978692+00:00
ETH,KXETH15M-26SEP220415-15,eth-updown-15m-1790064900,A,2026-09-22T08:15:00+00:00,2026-09-22T08:15:00Z,0.481,0.481,1.51,2026-09-22T08:15:05.294573+00:00,up,down,0.0,-0.481,2026-09-22T08:35:54.506318+00:00
ETH,KXETH15M-26SEP220430-30,eth-updown-15m-1790064900,B,2026-09-22T08:15:00+00:00,2026-09-22T08:30:00Z,0.79,1.19,0.79,2026-09-22T08:21:09.778932+00:00,down,down,1.0,0.21,2026-09-22T08:35:54.506318+00:00
BTC,KXBTC15M-26SEP220430-30,btc-updown-15m-1790064900,B,2026-09-22T08:15:00+00:00,2026-09-22T08:30:00Z,0.74,1.3,0.74,2026-09-22T08:25:28.935365+00:00,down,down,1.0,0.26,2026-09-22T08:36:40.297298+00:00
ETH,KXETH15M-26SEP220445-45,eth-updown-15m-1790065800,B,2026-09-22T08:30:00+00:00,2026-09-22T08:45:00Z,0.77,1.22,0.77,2026-09-22T08:33:50.793118+00:00,up,up,1.0,0.23,2026-09-22T08:51:51.338252+00:00
BTC,KXBTC15M-26SEP220445-45,btc-updown-15m-1790065800,B,2026-09-22T08:30:00+00:00,2026-09-22T08:45:00Z,0.77,1.23,0.77,2026-09-22T08:33:50.793118+00:00,up,up,1.0,0.23,2026-09-22T08:51:56.987934+00:00
ETH,KXETH15M-26SEP220500-00,eth-updown-15m-1790066700,B,2026-09-22T08:45:00+00:00,2026-09-22T09:00:00Z,0.77,1.21,0.77,2026-09-22T08:47:24.966844+00:00,up,up,1.0,0.23,2026-09-22T09:03:08.001169+00:00
BTC,KXBTC15M-26SEP220500-00,btc-updown-15m-1790067600,A,2026-09-22T09:00:00+00:00,2026-09-22T09:00:00Z,0.291,0.291,1.7,2026-09-22T09:00:26.490603+00:00,up,down,0.0,-0.291,2026-09-22T09:17:43.052248+00:00
BTC,KXBTC15M-26SEP220515-15,btc-updown-15m-1790068500,B,2026-09-22T09:15:00+00:00,2026-09-22T09:15:00Z,0.511,1.48,0.511,2026-09-22T09:15:02.100778+00:00,down,down,1.0,0.489,2026-09-22T09:33:44.448527+00:00
ETH,KXETH15M-26SEP220530-30,eth-updown-15m-1790068500,A,2026-09-22T09:15:00+00:00,2026-09-22T09:30:00Z,0.76,0.76,1.25,2026-09-22T09:23:31.748061+00:00,up,up,1.0,0.24,2026-09-22T09:35:53.602881+00:00
ETH,KXETH15M-26SEP220515-15,eth-updown-15m-1790068500,B,2026-09-22T09:15:00+00:00,2026-09-22T09:15:00Z,0.481,1.51,0.481,2026-09-22T09:15:02.100778+00:00,down,up,0.0,-0.481,2026-09-22T09:35:59.393245+00:00
ETH,KXETH15M-26SEP220545-45,eth-updown-15m-1790069400,B,2026-09-22T09:30:00+00:00,2026-09-22T09:45:00Z,0.79,1.22,0.79,2026-09-22T09:31:15.365866+00:00,up,up,1.0,0.21,2026-09-22T09:48:40.938283+00:00
ETH,KXETH15M-26SEP220600-00,eth-updown-15m-1790070300,B,2026-09-22T09:45:00+00:00,2026-09-22T10:00:00Z,0.74,1.22,0.74,2026-09-22T09:52:29.436374+00:00,up,up,1.0,0.26,2026-09-22T10:04:51.008730+00:00
BTC,KXBTC15M-26SEP220545-45,btc-updown-15m-1790070300,A,2026-09-22T09:45:00+00:00,2026-09-22T09:45:00Z,0.451,0.451,1.54,2026-09-22T09:45:02.554537+00:00,up,up,1.0,0.549,2026-09-22T10:06:38.791507+00:00
BTC,KXBTC15M-26SEP220600-00,btc-updown-15m-1790070300,B,2026-09-22T09:45:00+00:00,2026-09-22T10:00:00Z,0.78,1.22,0.78,2026-09-22T09:52:29.436374+00:00,up,up,1.0,0.22,2026-09-22T10:06:38.791507+00:00
BTC,KXBTC15M-26SEP220615-15,btc-updown-15m-1790072100,B,2026-09-22T10:15:00+00:00,2026-09-22T10:15:00Z,0.451,1.54,0.451,2026-09-22T10:15:03.216862+00:00,down,down,1.0,0.549,2026-09-22T10:32:41.998274+00:00
ETH,KXETH15M-26SEP220615-15,eth-updown-15m-1790072100,B,2026-09-22T10:15:00+00:00,2026-09-22T10:15:00Z,0.441,1.55,0.441,2026-09-22T10:15:03.216862+00:00,down,down,1.0,0.559,2026-09-22T10:36:59.732205+00:00
BTC,KXBTC15M-26SEP220630-30,btc-updown-15m-1790073000,B,2026-09-22T10:30:00+00:00,2026-09-22T10:30:00Z,0.511,1.48,0.511,2026-09-22T10:30:01.240412+00:00,down,down,1.0,0.489,2026-09-22T10:47:48.758281+00:00
BTC,KXBTC15M-26SEP220645-45,btc-updown-15m-1790073000,A,2026-09-22T10:30:00+00:00,2026-09-22T10:45:00Z,0.791,0.791,1.2,2026-09-22T10:43:09.966400+00:00,down,down,1.0,0.209,2026-09-22T10:47:48.758281+00:00
ETH,KXETH15M-26SEP220630-30,eth-updown-15m-1790073000,B,2026-09-22T10:30:00+00:00,2026-09-22T10:30:00Z,0.511,1.48,0.511,2026-09-22T10:30:01.240412+00:00,down,up,0.0,-0.511,2026-09-22T10:50:31.327815+00:00
ETH,KXETH15M-26SEP220645-45,eth-updown-15m-1790073000,B,2026-09-22T10:30:00+00:00,2026-09-22T10:45:00Z,0.77,1.22,0.77,2026-09-22T10:38:16.758848+00:00,up,up,1.0,0.23,2026-09-22T10:50:31.327815+00:00
ETH,KXETH15M-26SEP220700-00,eth-updown-15m-1790073900,B,2026-09-22T10:45:00+00:00,2026-09-22T11:00:00Z,0.78,1.22,0.78,2026-09-22T10:47:37.119559+00:00,up,up,1.0,0.22,2026-09-22T11:07:15.440725+00:00
ETH,KXETH15M-26SEP220715-15,eth-updown-15m-1790074800,B,2026-09-22T11:00:00+00:00,2026-09-22T11:15:00Z,0.77,1.23,0.77,2026-09-22T11:09:16.697962+00:00,down,down,1.0,0.23,2026-09-22T11:18:17.396905+00:00
BTC,KXBTC15M-26SEP220700-00,btc-updown-15m-1790074800,A,2026-09-22T11:00:00+00:00,2026-09-22T11:00:00Z,0.411,0.411,1.58,2026-09-22T11:00:00.680057+00:00,up,up,1.0,0.589,2026-09-22T11:18:34.141066+00:00
BTC,KXBTC15M-26SEP220715-15,btc-updown-15m-1790074800,A,2026-09-22T11:00:00+00:00,2026-09-22T11:15:00Z,0.6,0.6,1.4,2026-09-22T11:09:32.810131+00:00,up,up,1.0,0.4,2026-09-22T11:18:34.141066+00:00
BTC,KXBTC15M-26SEP220730-30,btc-updown-15m-1790075700,A,2026-09-22T11:15:00+00:00,2026-09-22T11:30:00Z,0.7,0.7,1.3,2026-09-22T11:28:38.136436+00:00,down,down,1.0,0.3,2026-09-22T11:34:25.991514+00:00
ETH,KXETH15M-26SEP220730-30,eth-updown-15m-1790075700,A,2026-09-22T11:15:00+00:00,2026-09-22T11:30:00Z,0.794,0.794,1.197,2026-09-22T11:26:46.730147+00:00,down,down,1.0,0.206,2026-09-22T11:34:31.944306+00:00
ETH,KXETH15M-26SEP220745-45,eth-updown-15m-1790076600,B,2026-09-22T11:30:00+00:00,2026-09-22T11:45:00Z,0.75,1.25,0.75,2026-09-22T11:35:46.730483+00:00,up,up,1.0,0.25,2026-09-22T11:51:41.714098+00:00
BTC,KXBTC15M-26SEP220745-45,btc-updown-15m-1790077500,A,2026-09-22T11:45:00+00:00,2026-09-22T11:45:00Z,0.421,0.421,1.57,2026-09-22T11:45:05.096403+00:00,up,down,0.0,-0.421,2026-09-22T12:05:04.334749+00:00
ETH,KXETH15M-26SEP220800-00,eth-updown-15m-1790078400,B,2026-09-22T12:00:00+00:00,2026-09-22T12:00:00Z,0.441,1.54,0.441,2026-09-22T12:00:01.711006+00:00,down,up,0.0,-0.441,2026-09-22T12:19:04.329937+00:00
ETH,KXETH15M-26SEP220815-15,eth-updown-15m-1790078400,A,2026-09-22T12:00:00+00:00,2026-09-22T12:15:00Z,0.7,0.7,1.27,2026-09-22T12:09:49.598187+00:00,up,up,1.0,0.3,2026-09-22T12:19:04.329937+00:00
BTC,KXBTC15M-26SEP220800-00,btc-updown-15m-1790078400,B,2026-09-22T12:00:00+00:00,2026-09-22T12:00:00Z,0.481,1.51,0.481,2026-09-22T12:00:01.711006+00:00,down,down,1.0,0.519,2026-09-22T12:20:39.306156+00:00
BTC,KXBTC15M-26SEP220815-15,btc-updown-15m-1790078400,A,2026-09-22T12:00:00+00:00,2026-09-22T12:15:00Z,0.78,0.78,1.22,2026-09-22T12:09:49.598187+00:00,down,down,1.0,0.22,2026-09-22T12:20:39.306156+00:00
BTC,KXBTC15M-26SEP220830-30,btc-updown-15m-1790079300,A,2026-09-22T12:15:00+00:00,2026-09-22T12:30:00Z,0.76,0.76,1.24,2026-09-22T12:26:42.687358+00:00,up,up,1.0,0.24,2026-09-22T12:36:38.825838+00:00
ETH,KXETH15M-26SEP220830-30,eth-updown-15m-1790079300,B,2026-09-22T12:15:00+00:00,2026-09-22T12:30:00Z,0.79,1.21,0.79,2026-09-22T12:27:14.604326+00:00,up,up,1.0,0.21,2026-09-22T12:37:00.755193+00:00
BTC,KXBTC15M-26SEP220845-45,btc-updown-15m-1790080200,B,2026-09-22T12:30:00+00:00,2026-09-22T12:45:00Z,0.78,1.22,0.78,2026-09-22T12:36:43.933624+00:00,down,down,1.0,0.22,2026-09-22T12:47:15.978520+00:00
ETH,KXETH15M-26SEP220845-45,eth-updown-15m-1790081100,A,2026-09-22T12:45:00+00:00,2026-09-22T12:45:00Z,0.451,0.451,1.54,2026-09-22T12:45:02.573716+00:00,up,up,1.0,0.549,2026-09-22T13:02:51.723060+00:00
ETH,KXETH15M-26SEP220900-00,eth-updown-15m-1790081100,B,2026-09-22T12:45:00+00:00,2026-09-22T13:00:00Z,0.79,1.21,0.79,2026-09-22T12:50:01.981800+00:00,up,up,1.0,0.21,2026-09-22T13:02:51.723060+00:00
BTC,KXBTC15M-26SEP220900-00,btc-updown-15m-1790081100,A,2026-09-22T12:45:00+00:00,2026-09-22T13:00:00Z,0.73,0.73,1.27,2026-09-22T12:52:34.828555+00:00,down,down,1.0,0.27,2026-09-22T13:03:27.698529+00:00
ETH,KXETH15M-26SEP220915-15,eth-updown-15m-1790082000,B,2026-09-22T13:00:00+00:00,2026-09-22T13:15:00Z,0.78,1.21,0.78,2026-09-22T13:12:51.861143+00:00,up,up,1.0,0.22,2026-09-22T13:20:12.144755+00:00
BTC,KXBTC15M-26SEP220915-15,btc-updown-15m-1790082900,A,2026-09-22T13:15:00+00:00,2026-09-22T13:15:00Z,0.401,0.401,1.59,2026-09-22T13:15:04.047960+00:00,up,down,0.0,-0.401,2026-09-22T13:34:45.528366+00:00
BTC,KXBTC15M-26SEP220930-30,btc-updown-15m-1790083800,B,2026-09-22T13:30:00+00:00,2026-09-22T13:30:00Z,0.491,1.5,0.491,2026-09-22T13:30:03.534302+00:00,down,up,0.0,-0.491,2026-09-22T13:50:07.823809+00:00
BTC,KXBTC15M-26SEP220945-45,btc-updown-15m-1790083800,B,2026-09-22T13:30:00+00:00,2026-09-22T13:45:00Z,0.78,1.22,0.78,2026-09-22T13:31:02.178319+00:00,up,up,1.0,0.22,2026-09-22T13:50:07.823809+00:00
ETH,KXETH15M-26SEP220930-30,eth-updown-15m-1790083800,B,2026-09-22T13:30:00+00:00,2026-09-22T13:30:00Z,0.501,1.49,0.501,2026-09-22T13:30:03.534302+00:00,down,up,0.0,-0.501,2026-09-22T13:50:13.475496+00:00
ETH,KXETH15M-26SEP220945-45,eth-updown-15m-1790083800,A,2026-09-22T13:30:00+00:00,2026-09-22T13:45:00Z,0.74,0.74,1.26,2026-09-22T13:40:22.217002+00:00,up,up,1.0,0.26,2026-09-22T13:50:13.475496+00:00
BTC,KXBTC15M-26SEP221000-00,btc-updown-15m-1790085600,A,2026-09-22T14:00:00+00:00,2026-09-22T14:00:00Z,0.481,0.481,1.51,2026-09-22T14:00:00.403404+00:00,up,up,1.0,0.519,2026-09-22T14:22:20.124138+00:00
ETH,KXETH15M-26SEP221000-00,eth-updown-15m-1790085600,A,2026-09-22T14:00:00+00:00,2026-09-22T14:00:00Z,0.431,0.431,1.52,2026-09-22T14:00:00.403404+00:00,up,down,0.0,-0.431,2026-09-22T14:22:20.124138+00:00
BTC,KXBTC15M-26SEP221015-15,btc-updown-15m-1790085600,B,2026-09-22T14:00:00+00:00,2026-09-22T14:15:00Z,0.78,1.22,0.78,2026-09-22T14:11:34.992089+00:00,up,up,1.0,0.22,2026-09-22T14:22:20.124138+00:00
ETH,KXETH15M-26SEP221015-15,eth-updown-15m-1790085600,B,2026-09-22T14:00:00+00:00,2026-09-22T14:15:00Z,0.724,1.243,0.724,2026-09-22T14:12:29.151099+00:00,down,down,1.0,0.276,2026-09-22T14:22:20.124138+00:00
ETH,KXETH15M-26SEP221030-30,eth-updown-15m-1790087400,B,2026-09-22T14:30:00+00:00,2026-09-22T14:30:00Z,0.661,1.33,0.661,2026-09-22T14:30:02.571716+00:00,down,down,1.0,0.339,2026-09-22T14:50:22.181959+00:00
BTC,KXBTC15M-26SEP221030-30,btc-updown-15m-1790087400,B,2026-09-22T14:30:00+00:00,2026-09-22T14:30:00Z,0.601,1.39,0.601,2026-09-22T14:30:02.571716+00:00,down,down,1.0,0.399,2026-09-22T14:51:53.197932+00:00
BTC,KXBTC15M-26SEP221045-45,btc-updown-15m-1790087400,A,2026-09-22T14:30:00+00:00,2026-09-22T14:45:00Z,0.74,0.74,1.26,2026-09-22T14:42:16.169649+00:00,down,down,1.0,0.26,2026-09-22T14:51:53.197932+00:00
ETH,KXETH15M-26SEP221045-45,eth-updown-15m-1790088300,B,2026-09-22T14:45:00+00:00,2026-09-22T14:45:00Z,0.431,1.56,0.431,2026-09-22T14:45:00.895851+00:00,down,up,0.0,-0.431,2026-09-22T15:04:26.326265+00:00
BTC,KXBTC15M-26SEP221100-00,btc-updown-15m-1790089200,A,2026-09-22T15:00:00+00:00,2026-09-22T15:00:00Z,0.571,0.571,1.44,2026-09-22T15:00:04.622183+00:00,up,up,1.0,0.429,2026-09-22T15:18:22.408011+00:00
BTC,KXBTC15M-26SEP221115-15,btc-updown-15m-1790089200,A,2026-09-22T15:00:00+00:00,2026-09-22T15:15:00Z,0.78,0.78,1.22,2026-09-22T15:11:39.857507+00:00,up,up,1.0,0.22,2026-09-22T15:18:22.408011+00:00
ETH,KXETH15M-26SEP221100-00,eth-updown-15m-1790089200,A,2026-09-22T15:00:00+00:00,2026-09-22T15:00:00Z,0.541,0.541,1.45,2026-09-22T15:00:04.622183+00:00,up,up,1.0,0.459,2026-09-22T15:19:28.189110+00:00
ETH,KXETH15M-26SEP221115-15,eth-updown-15m-1790089200,A,2026-09-22T15:00:00+00:00,2026-09-22T15:15:00Z,0.76,0.76,1.23,2026-09-22T15:11:16.813785+00:00,up,up,1.0,0.24,2026-09-22T15:19:28.189110+00:00
BTC,KXBTC15M-26SEP221130-30,btc-updown-15m-1790090100,A,2026-09-22T15:15:00+00:00,2026-09-22T15:30:00Z,0.79,0.79,1.21,2026-09-22T15:27:30.997030+00:00,up,up,1.0,0.21,2026-09-22T15:34:03.914379+00:00
ETH,KXETH15M-26SEP221130-30,eth-updown-15m-1790090100,A,2026-09-22T15:15:00+00:00,2026-09-22T15:30:00Z,0.78,0.78,1.24,2026-09-22T15:24:57.532304+00:00,down,down,1.0,0.22,2026-09-22T15:36:45.564146+00:00
BTC,KXBTC15M-26SEP221145-45,btc-updown-15m-1790091000,A,2026-09-22T15:30:00+00:00,2026-09-22T15:45:00Z,0.79,0.79,1.21,2026-09-22T15:41:14.977597+00:00,up,up,1.0,0.21,2026-09-22T15:49:18.841039+00:00
ETH,KXETH15M-26SEP221145-45,eth-updown-15m-1790091000,A,2026-09-22T15:30:00+00:00,2026-09-22T15:45:00Z,0.79,0.79,1.21,2026-09-22T15:38:32.889826+00:00,up,up,1.0,0.21,2026-09-22T15:51:59.855005+00:00
BTC,KXBTC15M-26SEP221200-00,btc-updown-15m-1790091900,A,2026-09-22T15:45:00+00:00,2026-09-22T16:00:00Z,0.78,0.78,1.22,2026-09-22T15:47:14.161237+00:00,down,down,1.0,0.22,2026-09-22T16:04:33.361149+00:00
ETH,KXETH15M-26SEP221215-15,eth-updown-15m-1790092800,B,2026-09-22T16:00:00+00:00,2026-09-22T16:15:00Z,0.73,1.28,0.73,2026-09-22T16:07:05.925378+00:00,down,down,1.0,0.27,2026-09-22T16:20:10.487384+00:00
BTC,KXBTC15M-26SEP221215-15,btc-updown-15m-1790092800,B,2026-09-22T16:00:00+00:00,2026-09-22T16:15:00Z,0.79,1.21,0.79,2026-09-22T16:06:54.487798+00:00,down,down,1.0,0.21,2026-09-22T16:21:28.308007+00:00
ETH,KXETH15M-26SEP221230-30,eth-updown-15m-1790093700,A,2026-09-22T16:15:00+00:00,2026-09-22T16:30:00Z,0.77,0.77,1.22,2026-09-22T16:23:01.399258+00:00,up,up,1.0,0.23,2026-09-22T16:34:15.910939+00:00
BTC,KXBTC15M-26SEP221230-30,btc-updown-15m-1790093700,B,2026-09-22T16:15:00+00:00,2026-09-22T16:30:00Z,0.78,1.22,0.78,2026-09-22T16:24:52.362954+00:00,down,down,1.0,0.22,2026-09-22T16:35:51.215248+00:00
BTC,KXBTC15M-26SEP221245-45,btc-updown-15m-1790095500,A,2026-09-22T16:45:00+00:00,2026-09-22T16:45:00Z,0.371,0.371,1.62,2026-09-22T16:45:03.350665+00:00,up,up,1.0,0.629,2026-09-22T17:03:56.673529+00:00
BTC,KXBTC15M-26SEP221300-00,btc-updown-15m-1790095500,B,2026-09-22T16:45:00+00:00,2026-09-22T17:00:00Z,0.79,1.21,0.79,2026-09-22T16:49:31.391848+00:00,up,up,1.0,0.21,2026-09-22T17:03:56.673529+00:00
ETH,KXETH15M-26SEP221245-45,eth-updown-15m-1790095500,A,2026-09-22T16:45:00+00:00,2026-09-22T16:45:00Z,0.391,0.391,1.63,2026-09-22T16:45:03.350665+00:00,up,up,1.0,0.609,2026-09-22T17:06:43.313328+00:00
ETH,KXETH15M-26SEP221300-00,eth-updown-15m-1790095500,B,2026-09-22T16:45:00+00:00,2026-09-22T17:00:00Z,0.79,1.22,0.79,2026-09-22T16:49:31.391848+00:00,up,up,1.0,0.21,2026-09-22T17:06:43.313328+00:00
BTC,KXBTC15M-26SEP221315-15,btc-updown-15m-1790096400,A,2026-09-22T17:00:00+00:00,2026-09-22T17:15:00Z,0.79,0.79,1.21,2026-09-22T17:08:49.777263+00:00,down,down,1.0,0.21,2026-09-22T17:19:01.937081+00:00
ETH,KXETH15M-26SEP221315-15,eth-updown-15m-1790096400,A,2026-09-22T17:00:00+00:00,2026-09-22T17:15:00Z,0.745,0.745,1.246,2026-09-22T17:12:20.465519+00:00,up,up,1.0,0.255,2026-09-22T17:21:50.814124+00:00
ETH,KXETH15M-26SEP221330-30,eth-updown-15m-1790097300,B,2026-09-22T17:15:00+00:00,2026-09-22T17:30:00Z,0.72,1.29,0.72,2026-09-22T17:20:02.794914+00:00,up,up,1.0,0.28,2026-09-22T17:33:55.250956+00:00
BTC,KXBTC15M-26SEP221330-30,btc-updown-15m-1790097300,B,2026-09-22T17:15:00+00:00,2026-09-22T17:30:00Z,0.71,1.29,0.71,2026-09-22T17:20:08.435208+00:00,up,up,1.0,0.29,2026-09-22T17:34:17.769861+00:00
BTC,KXBTC15M-26SEP221345-45,btc-updown-15m-1790098200,A,2026-09-22T17:30:00+00:00,2026-09-22T17:45:00Z,0.78,0.78,1.22,2026-09-22T17:43:45.215556+00:00,down,down,1.0,0.22,2026-09-22T17:49:28.597865+00:00
ETH,KXETH15M-26SEP221345-45,eth-updown-15m-1790098200,A,2026-09-22T17:30:00+00:00,2026-09-22T17:45:00Z,0.77,0.77,1.23,2026-09-22T17:39:54.255033+00:00,down,down,1.0,0.23,2026-09-22T17:51:03.382350+00:00
BTC,KXBTC15M-26SEP221400-00,btc-updown-15m-1790099100,B,2026-09-22T17:45:00+00:00,2026-09-22T18:00:00Z,0.79,1.19,0.79,2026-09-22T17:52:26.225432+00:00,up,up,1.0,0.21,2026-09-22T18:05:11.467130+00:00
ETH,KXETH15M-26SEP221400-00,eth-updown-15m-1790099100,B,2026-09-22T17:45:00+00:00,2026-09-22T18:00:00Z,0.73,1.26,0.73,2026-09-22T17:48:53.862401+00:00,up,up,1.0,0.27,2026-09-22T18:06:50.537546+00:00
BTC,KXBTC15M-26SEP221415-15,btc-updown-15m-1790100000,A,2026-09-22T18:00:00+00:00,2026-09-22T18:15:00Z,0.73,0.73,1.27,2026-09-22T18:06:17.729191+00:00,down,down,1.0,0.27,2026-09-22T18:20:32.010904+00:00
ETH,KXETH15M-26SEP221415-15,eth-updown-15m-1790100000,B,2026-09-22T18:00:00+00:00,2026-09-22T18:15:00Z,0.778,1.22,0.778,2026-09-22T18:13:38.447737+00:00,down,down,1.0,0.222,2026-09-22T18:20:32.010904+00:00
ETH,KXETH15M-26SEP221430-30,eth-updown-15m-1790100900,A,2026-09-22T18:15:00+00:00,2026-09-22T18:30:00Z,0.78,0.78,1.22,2026-09-22T18:21:50.048895+00:00,down,down,1.0,0.22,2026-09-22T18:32:20.097169+00:00
BTC,KXBTC15M-26SEP221430-30,btc-updown-15m-1790100900,A,2026-09-22T18:15:00+00:00,2026-09-22T18:30:00Z,0.77,0.77,1.23,2026-09-22T18:21:50.048895+00:00,down,down,1.0,0.23,2026-09-22T18:35:23.408332+00:00
BTC,KXBTC15M-26SEP221445-45,btc-updown-15m-1790101800,A,2026-09-22T18:30:00+00:00,2026-09-22T18:45:00Z,0.78,0.78,1.22,2026-09-22T18:37:02.141210+00:00,up,up,1.0,0.22,2026-09-22T18:51:07.508599+00:00
ETH,KXETH15M-26SEP221445-45,eth-updown-15m-1790101800,A,2026-09-22T18:30:00+00:00,2026-09-22T18:45:00Z,0.77,0.77,1.23,2026-09-22T18:37:02.141210+00:00,up,up,1.0,0.23,2026-09-22T18:51:18.679371+00:00
ETH,KXETH15M-26SEP221500-00,eth-updown-15m-1790103600,A,2026-09-22T19:00:00+00:00,2026-09-22T19:00:00Z,0.441,0.441,1.58,2026-09-22T19:00:01.925052+00:00,up,up,1.0,0.559,2026-09-22T19:17:29.158223+00:00
BTC,KXBTC15M-26SEP221500-00,btc-updown-15m-1790103600,A,2026-09-22T19:00:00+00:00,2026-09-22T19:00:00Z,0.421,0.421,1.57,2026-09-22T19:00:01.925052+00:00,up,down,0.0,-0.421,2026-09-22T19:19:27.798297+00:00
BTC,KXBTC15M-26SEP221515-15,btc-updown-15m-1790103600,A,2026-09-22T19:00:00+00:00,2026-09-22T19:15:00Z,0.77,0.77,1.23,2026-09-22T19:03:39.830581+00:00,down,down,1.0,0.23,2026-09-22T19:19:27.798297+00:00
BTC,KXBTC15M-26SEP221530-30,btc-updown-15m-1790104500,B,2026-09-22T19:15:00+00:00,2026-09-22T19:30:00Z,0.79,1.21,0.79,2026-09-22T19:25:36.103605+00:00,up,up,1.0,0.21,2026-09-22T19:34:40.864438+00:00
ETH,KXETH15M-26SEP221515-15,eth-updown-15m-1790104500,A,2026-09-22T19:15:00+00:00,2026-09-22T19:15:00Z,0.481,0.481,1.51,2026-09-22T19:15:04.511143+00:00,up,up,1.0,0.519,2026-09-22T19:36:03.884367+00:00
ETH,KXETH15M-26SEP221530-30,eth-updown-15m-1790104500,B,2026-09-22T19:15:00+00:00,2026-09-22T19:30:00Z,0.79,1.21,0.79,2026-09-22T19:25:36.103605+00:00,up,up,1.0,0.21,2026-09-22T19:36:03.884367+00:00
ETH,KXETH15M-26SEP221545-45,eth-updown-15m-1790105400,A,2026-09-22T19:30:00+00:00,2026-09-22T19:45:00Z,0.79,0.79,1.21,2026-09-22T19:36:14.839924+00:00,down,down,1.0,0.21,2026-09-22T19:47:19.076270+00:00
BTC,KXBTC15M-26SEP221615-15,btc-updown-15m-1790107200,A,2026-09-22T20:00:00+00:00,2026-09-22T20:15:00Z,0.79,0.79,1.21,2026-09-22T20:09:46.471852+00:00,up,up,1.0,0.21,2026-09-22T20:20:43.784193+00:00
ETH,KXETH15M-26SEP221600-00,eth-updown-15m-1790107200,B,2026-09-22T20:00:00+00:00,2026-09-22T20:00:00Z,0.371,1.62,0.371,2026-09-22T20:00:20.500189+00:00,down,down,1.0,0.629,2026-09-22T20:21:29.544105+00:00
ETH,KXETH15M-26SEP221615-15,eth-updown-15m-1790107200,B,2026-09-22T20:00:00+00:00,2026-09-22T20:15:00Z,0.71,1.3,0.71,2026-09-22T20:03:07.377339+00:00,down,down,1.0,0.29,2026-09-22T20:21:29.544105+00:00
BTC,KXBTC15M-26SEP221630-30,btc-updown-15m-1790109000,A,2026-09-22T20:30:00+00:00,2026-09-22T20:30:00Z,0.471,0.471,1.52,2026-09-22T20:30:03.604987+00:00,up,down,0.0,-0.471,2026-09-22T20:47:16.531997+00:00
BTC,KXBTC15M-26SEP221645-45,btc-updown-15m-1790109000,A,2026-09-22T20:30:00+00:00,2026-09-22T20:45:00Z,0.77,0.77,1.22,2026-09-22T20:43:25.105931+00:00,down,down,1.0,0.23,2026-09-22T20:47:16.531997+00:00
ETH,KXETH15M-26SEP221630-30,eth-updown-15m-1790109000,A,2026-09-22T20:30:00+00:00,2026-09-22T20:30:00Z,0.481,0.481,1.51,2026-09-22T20:30:03.604987+00:00,up,down,0.0,-0.481,2026-09-22T20:47:55.755896+00:00
ETH,KXETH15M-26SEP221645-45,eth-updown-15m-1790109000,B,2026-09-22T20:30:00+00:00,2026-09-22T20:45:00Z,0.79,1.21,0.79,2026-09-22T20:33:35.650515+00:00,down,down,1.0,0.21,2026-09-22T20:47:55.755896+00:00
ETH,KXETH15M-26SEP221700-00,eth-updown-15m-1790109900,A,2026-09-22T20:45:00+00:00,2026-09-22T21:00:00Z,0.78,0.78,1.23,2026-09-22T20:51:18.813194+00:00,down,down,1.0,0.22,2026-09-22T21:02:37.382975+00:00
BTC,KXBTC15M-26SEP221700-00,btc-updown-15m-1790110800,B,2026-09-22T21:00:00+00:00,2026-09-22T21:00:00Z,0.311,1.68,0.311,2026-09-22T21:00:04.890251+00:00,down,up,0.0,-0.311,2026-09-22T21:18:29.171784+00:00
BTC,KXBTC15M-26SEP221715-15,btc-updown-15m-1790110800,B,2026-09-22T21:00:00+00:00,2026-09-22T21:15:00Z,0.78,1.23,0.78,2026-09-22T21:13:10.152385+00:00,up,up,1.0,0.22,2026-09-22T21:18:29.171784+00:00
ETH,KXETH15M-26SEP221715-15,eth-updown-15m-1790110800,A,2026-09-22T21:00:00+00:00,2026-09-22T21:15:00Z,0.78,0.78,1.24,2026-09-22T21:12:54.011672+00:00,down,down,1.0,0.22,2026-09-22T21:19:46.548784+00:00
BTC,KXBTC15M-26SEP221730-30,btc-updown-15m-1790111700,B,2026-09-22T21:15:00+00:00,2026-09-22T21:30:00Z,0.786,1.205,0.786,2026-09-22T21:27:30.829516+00:00,down,down,1.0,0.214,2026-09-22T21:33:03.028291+00:00
ETH,KXETH15M-26SEP221730-30,eth-updown-15m-1790112600,A,2026-09-22T21:30:00+00:00,2026-09-22T21:30:00Z,0.442,0.442,1.549,2026-09-22T21:30:04.403521+00:00,up,down,0.0,-0.442,2026-09-22T21:52:28.270491+00:00
ETH,KXETH15M-26SEP221745-45,eth-updown-15m-1790112600,B,2026-09-22T21:30:00+00:00,2026-09-22T21:45:00Z,0.73,1.27,0.73,2026-09-22T21:36:56.894194+00:00,down,down,1.0,0.27,2026-09-22T21:52:28.270491+00:00
ETH,KXETH15M-26SEP221800-00,eth-updown-15m-1790113500,A,2026-09-22T21:45:00+00:00,2026-09-22T22:00:00Z,0.53,0.53,1.47,2026-09-22T21:59:15.483289+00:00,up,up,1.0,0.47,2026-09-22T22:02:40.238599+00:00
BTC,KXBTC15M-26SEP221745-45,btc-updown-15m-1790113500,B,2026-09-22T21:45:00+00:00,2026-09-22T21:45:00Z,0.492,1.5,0.492,2026-09-22T21:45:01.592455+00:00,down,down,1.0,0.508,2026-09-22T22:03:39.374238+00:00
BTC,KXBTC15M-26SEP221800-00,btc-updown-15m-1790113500,A,2026-09-22T21:45:00+00:00,2026-09-22T22:00:00Z,0.794,0.794,1.197,2026-09-22T21:57:28.540886+00:00,down,down,1.0,0.206,2026-09-22T22:03:39.374238+00:00
ETH,KXETH15M-26SEP221815-15,eth-updown-15m-1790114400,A,2026-09-22T22:00:00+00:00,2026-09-22T22:15:00Z,0.75,0.75,1.25,2026-09-22T22:02:07.158360+00:00,down,down,1.0,0.25,2026-09-22T22:20:44.061937+00:00
BTC,KXBTC15M-26SEP221830-30,btc-updown-15m-1790116200,A,2026-09-22T22:30:00+00:00,2026-09-22T22:30:00Z,0.521,0.521,1.47,2026-09-22T22:30:00.344911+00:00,up,up,1.0,0.479,2026-09-22T22:51:24.582046+00:00
ETH,KXETH15M-26SEP221830-30,eth-updown-15m-1790116200,A,2026-09-22T22:30:00+00:00,2026-09-22T22:30:00Z,0.531,0.531,1.44,2026-09-22T22:30:00.344911+00:00,up,up,1.0,0.469,2026-09-22T22:51:59.510400+00:00
BTC,KXBTC15M-26SEP221845-45,btc-updown-15m-1790117100,A,2026-09-22T22:45:00+00:00,2026-09-22T22:45:00Z,0.591,0.591,1.4,2026-09-22T22:45:02.449906+00:00,up,down,0.0,-0.591,2026-09-22T23:04:18.549131+00:00
BTC,KXBTC15M-26SEP221900-00,btc-updown-15m-1790117100,A,2026-09-22T22:45:00+00:00,2026-09-22T23:00:00Z,0.72,0.72,1.28,2026-09-22T22:49:05.760543+00:00,down,down,1.0,0.28,2026-09-22T23:04:18.549131+00:00
ETH,KXETH15M-26SEP221845-45,eth-updown-15m-1790117100,A,2026-09-22T22:45:00+00:00,2026-09-22T22:45:00Z,0.621,0.621,1.37,2026-09-22T22:45:02.449906+00:00,up,down,0.0,-0.621,2026-09-22T23:06:04.007835+00:00
ETH,KXETH15M-26SEP221900-00,eth-updown-15m-1790117100,B,2026-09-22T22:45:00+00:00,2026-09-22T23:00:00Z,0.78,1.18,0.78,2026-09-22T22:53:41.984515+00:00,down,down,1.0,0.22,2026-09-22T23:06:04.007835+00:00
ETH,KXETH15M-26SEP221915-15,eth-updown-15m-1790118000,B,2026-09-22T23:00:00+00:00,2026-09-22T23:15:00Z,0.76,1.23,0.76,2026-09-22T23:05:36.432944+00:00,up,up,1.0,0.24,2026-09-22T23:19:19.233751+00:00
BTC,KXBTC15M-26SEP221915-15,btc-updown-15m-1790118900,A,2026-09-22T23:15:00+00:00,2026-09-22T23:15:00Z,0.501,0.501,1.49,2026-09-22T23:15:03.581611+00:00,up,down,0.0,-0.501,2026-09-22T23:32:45.465514+00:00
BTC,KXBTC15M-26SEP221930-30,btc-updown-15m-1790118900,B,2026-09-22T23:15:00+00:00,2026-09-22T23:30:00Z,0.78,1.22,0.78,2026-09-22T23:22:22.728771+00:00,down,down,1.0,0.22,2026-09-22T23:32:45.465514+00:00
ETH,KXETH15M-26SEP221930-30,eth-updown-15m-1790118900,A,2026-09-22T23:15:00+00:00,2026-09-22T23:30:00Z,0.78,0.78,1.22,2026-09-22T23:17:11.584767+00:00,down,down,1.0,0.22,2026-09-22T23:36:06.228305+00:00
ETH,KXETH15M-26SEP221945-45,eth-updown-15m-1790120700,B,2026-09-22T23:45:00+00:00,2026-09-22T23:45:00Z,0.371,1.62,0.371,2026-09-22T23:45:04.831031+00:00,down,up,0.0,-0.371,2026-09-23T00:03:44.744076+00:00
ETH,KXETH15M-26SEP222000-00,eth-updown-15m-1790120700,A,2026-09-22T23:45:00+00:00,2026-09-23T00:00:00Z,0.77,0.77,1.23,2026-09-22T23:49:22.826751+00:00,up,up,1.0,0.23,2026-09-23T00:03:44.744076+00:00
BTC,KXBTC15M-26SEP221945-45,btc-updown-15m-1790120700,B,2026-09-22T23:45:00+00:00,2026-09-22T23:45:00Z,0.391,1.6,0.391,2026-09-22T23:45:04.831031+00:00,down,up,0.0,-0.391,2026-09-23T00:05:28.221492+00:00
BTC,KXBTC15M-26SEP222015-15,btc-updown-15m-1790121600,B,2026-09-23T00:00:00+00:00,2026-09-23T00:15:00Z,0.76,1.24,0.76,2026-09-23T00:06:31.400365+00:00,up,up,1.0,0.24,2026-09-23T00:17:56.152741+00:00
ETH,KXETH15M-26SEP222015-15,eth-updown-15m-1790121600,A,2026-09-23T00:00:00+00:00,2026-09-23T00:15:00Z,0.79,0.79,1.21,2026-09-23T00:04:34.389571+00:00,up,up,1.0,0.21,2026-09-23T00:18:07.670630+00:00
ETH,KXETH15M-26SEP222030-30,eth-updown-15m-1790122500,A,2026-09-23T00:15:00+00:00,2026-09-23T00:30:00Z,0.61,0.61,1.4,2026-09-23T00:28:50.649704+00:00,down,down,1.0,0.39,2026-09-23T00:35:04.998305+00:00
BTC,KXBTC15M-26SEP222030-30,btc-updown-15m-1790123400,A,2026-09-23T00:30:00+00:00,2026-09-23T00:30:00Z,0.541,0.541,1.45,2026-09-23T00:30:02.718695+00:00,up,down,0.0,-0.541,2026-09-23T00:47:03.686539+00:00
BTC,KXBTC15M-26SEP222045-45,btc-updown-15m-1790123400,A,2026-09-23T00:30:00+00:00,2026-09-23T00:45:00Z,0.75,0.75,1.231,2026-09-23T00:43:08.061178+00:00,down,down,1.0,0.25,2026-09-23T00:47:03.686539+00:00
ETH,KXETH15M-26SEP222045-45,eth-updown-15m-1790124300,A,2026-09-23T00:45:00+00:00,2026-09-23T00:45:00Z,0.451,0.451,1.5,2026-09-23T00:45:00.611126+00:00,up,down,0.0,-0.451,2026-09-23T01:06:02.980498+00:00
ETH,KXETH15M-26SEP222100-00,eth-updown-15m-1790124300,B,2026-09-23T00:45:00+00:00,2026-09-23T01:00:00Z,0.79,1.21,0.79,2026-09-23T00:52:37.785878+00:00,down,down,1.0,0.21,2026-09-23T01:06:02.980498+00:00
BTC,KXBTC15M-26SEP222100-00,btc-updown-15m-1790124300,B,2026-09-23T00:45:00+00:00,2026-09-23T01:00:00Z,0.61,1.39,0.61,2026-09-23T00:59:06.982772+00:00,up,up,1.0,0.39,2026-09-23T01:07:24.505572+00:00
BTC,KXBTC15M-26SEP222115-15,btc-updown-15m-1790125200,B,2026-09-23T01:00:00+00:00,2026-09-23T01:15:00Z,0.75,1.25,0.75,2026-09-23T01:01:03.115616+00:00,up,up,1.0,0.25,2026-09-23T01:17:05.761400+00:00
ETH,KXETH15M-26SEP222115-15,eth-updown-15m-1790125200,B,2026-09-23T01:00:00+00:00,2026-09-23T01:15:00Z,0.79,1.21,0.79,2026-09-23T01:01:03.115616+00:00,up,up,1.0,0.21,2026-09-23T01:21:50.384786+00:00
BTC,KXBTC15M-26SEP222130-30,btc-updown-15m-1790127000,B,2026-09-23T01:30:00+00:00,2026-09-23T01:30:00Z,0.481,1.51,0.481,2026-09-23T01:30:00.242645+00:00,down,down,1.0,0.519,2026-09-23T01:50:46.639608+00:00
ETH,KXETH15M-26SEP222130-30,eth-updown-15m-1790127000,B,2026-09-23T01:30:00+00:00,2026-09-23T01:30:00Z,0.461,1.44,0.461,2026-09-23T01:30:00.242645+00:00,down,down,1.0,0.539,2026-09-23T01:52:21.253183+00:00
BTC,KXBTC15M-26SEP222145-45,btc-updown-15m-1790127900,B,2026-09-23T01:45:00+00:00,2026-09-23T01:45:00Z,0.541,1.45,0.541,2026-09-23T01:45:05.400004+00:00,down,up,0.0,-0.541,2026-09-23T02:03:54.137517+00:00
BTC,KXBTC15M-26SEP222200-00,btc-updown-15m-1790127900,B,2026-09-23T01:45:00+00:00,2026-09-23T02:00:00Z,0.78,1.22,0.78,2026-09-23T01:56:52.880286+00:00,up,up,1.0,0.22,2026-09-23T02:03:54.137517+00:00
ETH,KXETH15M-26SEP222145-45,eth-updown-15m-1790127900,B,2026-09-23T01:45:00+00:00,2026-09-23T01:45:00Z,0.551,1.47,0.551,2026-09-23T01:45:05.400004+00:00,down,down,1.0,0.449,2026-09-23T02:06:28.124646+00:00
ETH,KXETH15M-26SEP222200-00,eth-updown-15m-1790128800,B,2026-09-23T02:00:00+00:00,2026-09-23T02:00:00Z,0.383,1.61,0.383,2026-09-23T02:00:02.122500+00:00,down,down,1.0,0.617,2026-09-23T02:19:01.325942+00:00
ETH,KXETH15M-26SEP222215-15,eth-updown-15m-1790128800,B,2026-09-23T02:00:00+00:00,2026-09-23T02:15:00Z,0.74,1.26,0.74,2026-09-23T02:08:59.458681+00:00,down,down,1.0,0.26,2026-09-23T02:19:01.325942+00:00
BTC,KXBTC15M-26SEP222215-15,btc-updown-15m-1790128800,B,2026-09-23T02:00:00+00:00,2026-09-23T02:15:00Z,0.73,1.24,0.73,2026-09-23T02:08:48.447144+00:00,up,up,1.0,0.27,2026-09-23T02:21:46.721378+00:00
ETH,KXETH15M-26SEP222230-30,eth-updown-15m-1790130600,A,2026-09-23T02:30:00+00:00,2026-09-23T02:30:00Z,0.431,0.431,1.52,2026-09-23T02:30:00.995166+00:00,up,down,0.0,-0.431,2026-09-23T02:48:53.767564+00:00
ETH,KXETH15M-26SEP222245-45,eth-updown-15m-1790130600,B,2026-09-23T02:30:00+00:00,2026-09-23T02:45:00Z,0.79,1.22,0.79,2026-09-23T02:41:38.584978+00:00,down,down,1.0,0.21,2026-09-23T02:48:53.767564+00:00
BTC,KXBTC15M-26SEP222230-30,btc-updown-15m-1790130600,A,2026-09-23T02:30:00+00:00,2026-09-23T02:30:00Z,0.451,0.451,1.54,2026-09-23T02:30:00.995166+00:00,up,down,0.0,-0.451,2026-09-23T02:51:25.800144+00:00
BTC,KXBTC15M-26SEP222245-45,btc-updown-15m-1790131500,B,2026-09-23T02:45:00+00:00,2026-09-23T02:45:00Z,0.431,1.56,0.431,2026-09-23T02:45:03.822800+00:00,down,up,0.0,-0.431,2026-09-23T03:02:53.990465+00:00
BTC,KXBTC15M-26SEP222300-00,btc-updown-15m-1790131500,B,2026-09-23T02:45:00+00:00,2026-09-23T03:00:00Z,0.65,1.34,0.65,2026-09-23T02:57:10.970228+00:00,up,up,1.0,0.35,2026-09-23T03:02:53.990465+00:00
ETH,KXETH15M-26SEP222300-00,eth-updown-15m-1790132400,A,2026-09-23T03:00:00+00:00,2026-09-23T03:00:00Z,0.451,0.451,1.54,2026-09-23T03:00:05.615493+00:00,up,up,1.0,0.549,2026-09-23T03:19:47.629977+00:00
ETH,KXETH15M-26SEP222315-15,eth-updown-15m-1790132400,B,2026-09-23T03:00:00+00:00,2026-09-23T03:15:00Z,0.78,1.22,0.78,2026-09-23T03:11:09.980271+00:00,up,up,1.0,0.22,2026-09-23T03:19:47.629977+00:00
BTC,KXBTC15M-26SEP222315-15,btc-updown-15m-1790133300,B,2026-09-23T03:15:00+00:00,2026-09-23T03:15:00Z,0.461,1.53,0.461,2026-09-23T03:15:00.332852+00:00,down,up,0.0,-0.461,2026-09-23T03:34:52.309275+00:00
ETH,KXETH15M-26SEP222345-45,eth-updown-15m-1790134200,B,2026-09-23T03:30:00+00:00,2026-09-23T03:45:00Z,0.68,1.32,0.68,2026-09-23T03:37:13.838887+00:00,up,up,1.0,0.32,2026-09-23T03:48:34.195553+00:00
BTC,KXBTC15M-26SEP222345-45,btc-updown-15m-1790134200,B,2026-09-23T03:30:00+00:00,2026-09-23T03:45:00Z,0.79,1.21,0.79,2026-09-23T03:37:20.202739+00:00,up,up,1.0,0.21,2026-09-23T03:50:06.122504+00:00
ETH,KXETH15M-26SEP230015-15,eth-updown-15m-1790136000,B,2026-09-23T04:00:00+00:00,2026-09-23T04:15:00Z,0.78,1.24,0.78,2026-09-23T04:09:22.792135+00:00,up,up,1.0,0.22,2026-09-23T04:19:01.081643+00:00
BTC,KXBTC15M-26SEP230000-00,btc-updown-15m-1790136000,B,2026-09-23T04:00:00+00:00,2026-09-23T04:00:00Z,0.511,1.48,0.511,2026-09-23T04:00:22.979449+00:00,down,up,0.0,-0.511,2026-09-23T04:20:45.068267+00:00
BTC,KXBTC15M-26SEP230015-15,btc-updown-15m-1790136900,A,2026-09-23T04:15:00+00:00,2026-09-23T04:15:00Z,0.471,0.471,1.52,2026-09-23T04:15:01.746851+00:00,up,up,1.0,0.529,2026-09-23T04:32:47.659230+00:00
BTC,KXBTC15M-26SEP230030-30,btc-updown-15m-1790136900,B,2026-09-23T04:15:00+00:00,2026-09-23T04:30:00Z,0.77,1.23,0.77,2026-09-23T04:21:01.611189+00:00,up,up,1.0,0.23,2026-09-23T04:32:47.659230+00:00
ETH,KXETH15M-26SEP230030-30,eth-updown-15m-1790136900,B,2026-09-23T04:15:00+00:00,2026-09-23T04:30:00Z,0.78,1.22,0.78,2026-09-23T04:21:07.315440+00:00,up,up,1.0,0.22,2026-09-23T04:34:10.739357+00:00
ETH,KXETH15M-26SEP230045-45,eth-updown-15m-1790137800,A,2026-09-23T04:30:00+00:00,2026-09-23T04:45:00Z,0.77,0.77,1.21,2026-09-23T04:36:55.201135+00:00,down,down,1.0,0.23,2026-09-23T04:50:18.456913+00:00
BTC,KXBTC15M-26SEP230045-45,btc-updown-15m-1790138700,A,2026-09-23T04:45:00+00:00,2026-09-23T04:45:00Z,0.401,0.401,1.59,2026-09-23T04:45:01.747422+00:00,up,up,1.0,0.599,2026-09-23T05:04:06.147466+00:00
BTC,KXBTC15M-26SEP230100-00,btc-updown-15m-1790138700,A,2026-09-23T04:45:00+00:00,2026-09-23T05:00:00Z,0.72,0.72,1.28,2026-09-23T04:57:52.617563+00:00,up,up,1.0,0.28,2026-09-23T05:04:06.147466+00:00
ETH,KXETH15M-26SEP230100-00,eth-updown-15m-1790138700,A,2026-09-23T04:45:00+00:00,2026-09-23T05:00:00Z,0.74,0.74,1.26,2026-09-23T04:57:52.617563+00:00,down,down,1.0,0.26,2026-09-23T05:05:20.050643+00:00
BTC,KXBTC15M-26SEP230115-15,btc-updown-15m-1790140500,B,2026-09-23T05:15:00+00:00,2026-09-23T05:15:00Z,0.531,1.47,0.531,2026-09-23T05:15:02.057456+00:00,down,down,1.0,0.469,2026-09-23T05:34:59.265341+00:00
ETH,KXETH15M-26SEP230115-15,eth-updown-15m-1790140500,B,2026-09-23T05:15:00+00:00,2026-09-23T05:15:00Z,0.511,1.48,0.511,2026-09-23T05:15:02.057456+00:00,down,down,1.0,0.489,2026-09-23T05:35:40.297773+00:00
ETH,KXETH15M-26SEP230130-30,eth-updown-15m-1790140500,B,2026-09-23T05:15:00+00:00,2026-09-23T05:30:00Z,0.78,1.22,0.78,2026-09-23T05:16:30.169954+00:00,down,down,1.0,0.22,2026-09-23T05:35:40.297773+00:00
ETH,KXETH15M-26SEP230145-45,eth-updown-15m-1790141400,A,2026-09-23T05:30:00+00:00,2026-09-23T05:45:00Z,0.79,0.79,1.19,2026-09-23T05:39:05.568652+00:00,up,up,1.0,0.21,2026-09-23T05:48:36.730657+00:00
BTC,KXBTC15M-26SEP230130-30,btc-updown-15m-1790141400,B,2026-09-23T05:30:00+00:00,2026-09-23T05:30:00Z,0.491,1.51,0.491,2026-09-23T05:30:03.275018+00:00,down,down,1.0,0.509,2026-09-23T05:51:13.535472+00:00
BTC,KXBTC15M-26SEP230145-45,btc-updown-15m-1790141400,B,2026-09-23T05:30:00+00:00,2026-09-23T05:45:00Z,0.79,1.21,0.79,2026-09-23T05:41:19.721425+00:00,down,down,1.0,0.21,2026-09-23T05:51:13.535472+00:00
BTC,KXBTC15M-26SEP230200-00,btc-updown-15m-1790142300,A,2026-09-23T05:45:00+00:00,2026-09-23T06:00:00Z,0.75,0.75,1.26,2026-09-23T05:49:42.165568+00:00,down,down,1.0,0.25,2026-09-23T06:06:28.884463+00:00
ETH,KXETH15M-26SEP230200-00,eth-updown-15m-1790143200,B,2026-09-23T06:00:00+00:00,2026-09-23T06:00:00Z,0.451,1.54,0.451,2026-09-23T06:00:04.984671+00:00,down,up,0.0,-0.451,2026-09-23T06:20:20.485323+00:00
BTC,KXBTC15M-26SEP230215-15,btc-updown-15m-1790144100,A,2026-09-23T06:15:00+00:00,2026-09-23T06:15:00Z,0.481,0.481,1.52,2026-09-23T06:15:04.564615+00:00,up,down,0.0,-0.481,2026-09-23T06:32:22.810692+00:00
ETH,KXETH15M-26SEP230215-15,eth-updown-15m-1790144100,A,2026-09-23T06:15:00+00:00,2026-09-23T06:15:00Z,0.521,0.521,1.47,2026-09-23T06:15:04.564615+00:00,up,down,0.0,-0.521,2026-09-23T06:36:08.336153+00:00
BTC,KXBTC15M-26SEP230230-30,btc-updown-15m-1790145000,B,2026-09-23T06:30:00+00:00,2026-09-23T06:30:00Z,0.541,1.45,0.541,2026-09-23T06:30:04.725588+00:00,down,up,0.0,-0.541,2026-09-23T06:48:53.342167+00:00
BTC,KXBTC15M-26SEP230245-45,btc-updown-15m-1790145000,B,2026-09-23T06:30:00+00:00,2026-09-23T06:45:00Z,0.74,1.26,0.74,2026-09-23T06:31:58.903749+00:00,up,up,1.0,0.26,2026-09-23T06:48:53.342167+00:00
ETH,KXETH15M-26SEP230230-30,eth-updown-15m-1790145000,B,2026-09-23T06:30:00+00:00,2026-09-23T06:30:00Z,0.501,1.49,0.501,2026-09-23T06:30:04.725588+00:00,down,up,0.0,-0.501,2026-09-23T06:49:04.447968+00:00
ETH,KXETH15M-26SEP230300-00,eth-updown-15m-1790146800,B,2026-09-23T07:00:00+00:00,2026-09-23T07:00:00Z,0.571,1.39,0.571,2026-09-23T07:00:01.026278+00:00,down,down,1.0,0.429,2026-09-23T07:17:31.572301+00:00
BTC,KXBTC15M-26SEP230300-00,btc-updown-15m-1790146800,B,2026-09-23T07:00:00+00:00,2026-09-23T07:00:00Z,0.551,1.44,0.551,2026-09-23T07:00:01.026278+00:00,down,down,1.0,0.449,2026-09-23T07:19:11.722091+00:00
ETH,KXETH15M-26SEP230315-15,eth-updown-15m-1790147700,B,2026-09-23T07:15:00+00:00,2026-09-23T07:15:00Z,0.411,1.58,0.411,2026-09-23T07:15:05.433101+00:00,down,up,0.0,-0.411,2026-09-23T07:33:39.484722+00:00
ETH,KXETH15M-26SEP230330-30,eth-updown-15m-1790147700,A,2026-09-23T07:15:00+00:00,2026-09-23T07:30:00Z,0.76,0.76,1.24,2026-09-23T07:26:18.630897+00:00,up,up,1.0,0.24,2026-09-23T07:33:39.484722+00:00
BTC,KXBTC15M-26SEP230315-15,btc-updown-15m-1790147700,B,2026-09-23T07:15:00+00:00,2026-09-23T07:15:00Z,0.441,1.55,0.441,2026-09-23T07:15:05.433101+00:00,down,up,0.0,-0.441,2026-09-23T07:34:49.839269+00:00
BTC,KXBTC15M-26SEP230330-30,btc-updown-15m-1790147700,A,2026-09-23T07:15:00+00:00,2026-09-23T07:30:00Z,0.79,0.79,1.21,2026-09-23T07:19:22.389153+00:00,up,up,1.0,0.21,2026-09-23T07:34:49.839269+00:00
ETH,KXETH15M-26SEP230345-45,eth-updown-15m-1790148600,A,2026-09-23T07:30:00+00:00,2026-09-23T07:45:00Z,0.78,0.78,1.22,2026-09-23T07:32:16.747986+00:00,down,down,1.0,0.22,2026-09-23T07:48:57.095465+00:00
BTC,KXBTC15M-26SEP230345-45,btc-updown-15m-1790149500,B,2026-09-23T07:45:00+00:00,2026-09-23T07:45:00Z,0.521,1.47,0.521,2026-09-23T07:45:00.947442+00:00,down,up,0.0,-0.521,2026-09-23T08:05:29.783545+00:00
BTC,KXBTC15M-26SEP230400-00,btc-updown-15m-1790149500,B,2026-09-23T07:45:00+00:00,2026-09-23T08:00:00Z,0.77,1.23,0.77,2026-09-23T07:49:07.675169+00:00,up,up,1.0,0.23,2026-09-23T08:05:29.783545+00:00
ETH,KXETH15M-26SEP230400-00,eth-updown-15m-1790150400,A,2026-09-23T08:00:00+00:00,2026-09-23T08:00:00Z,0.511,0.511,1.41,2026-09-23T08:00:00.751098+00:00,up,up,1.0,0.489,2026-09-23T08:21:55.127578+00:00
ETH,KXETH15M-26SEP230415-15,eth-updown-15m-1790150400,B,2026-09-23T08:00:00+00:00,2026-09-23T08:15:00Z,0.79,1.21,0.79,2026-09-23T08:08:15.136367+00:00,up,up,1.0,0.21,2026-09-23T08:21:55.127578+00:00
BTC,KXBTC15M-26SEP230430-30,btc-updown-15m-1790151300,A,2026-09-23T08:15:00+00:00,2026-09-23T08:30:00Z,0.705,0.705,1.286,2026-09-23T08:27:32.135185+00:00,down,down,1.0,0.295,2026-09-23T08:35:46.084639+00:00
ETH,KXETH15M-26SEP230430-30,eth-updown-15m-1790152200,A,2026-09-23T08:30:00+00:00,2026-09-23T08:30:00Z,0.451,0.451,1.54,2026-09-23T08:30:05.177782+00:00,up,down,0.0,-0.451,2026-09-23T08:49:11.875698+00:00
ETH,KXETH15M-26SEP230445-45,eth-updown-15m-1790152200,A,2026-09-23T08:30:00+00:00,2026-09-23T08:45:00Z,0.79,0.79,1.21,2026-09-23T08:31:38.668886+00:00,down,down,1.0,0.21,2026-09-23T08:49:11.875698+00:00
BTC,KXBTC15M-26SEP230445-45,btc-updown-15m-1790152200,A,2026-09-23T08:30:00+00:00,2026-09-23T08:45:00Z,0.65,0.65,1.35,2026-09-23T08:43:11.922475+00:00,down,down,1.0,0.35,2026-09-23T08:50:59.088739+00:00
BTC,KXBTC15M-26SEP230500-00,btc-updown-15m-1790154000,B,2026-09-23T09:00:00+00:00,2026-09-23T09:00:00Z,0.441,1.55,0.441,2026-09-23T09:00:00.249640+00:00,down,up,0.0,-0.441,2026-09-23T09:18:27.937667+00:00
BTC,KXBTC15M-26SEP230515-15,btc-updown-15m-1790154000,A,2026-09-23T09:00:00+00:00,2026-09-23T09:15:00Z,0.77,0.77,1.24,2026-09-23T09:05:10.100299+00:00,up,up,1.0,0.23,2026-09-23T09:18:27.937667+00:00
ETH,KXETH15M-26SEP230500-00,eth-updown-15m-1790154000,B,2026-09-23T09:00:00+00:00,2026-09-23T09:00:00Z,0.421,1.51,0.421,2026-09-23T09:00:00.249640+00:00,down,up,0.0,-0.421,2026-09-23T09:21:34.744428+00:00
ETH,KXETH15M-26SEP230515-15,eth-updown-15m-1790154900,A,2026-09-23T09:15:00+00:00,2026-09-23T09:15:00Z,0.511,0.511,1.48,2026-09-23T09:15:02.583637+00:00,up,down,0.0,-0.511,2026-09-23T09:33:51.034211+00:00
ETH,KXETH15M-26SEP230530-30,eth-updown-15m-1790154900,B,2026-09-23T09:15:00+00:00,2026-09-23T09:30:00Z,0.68,1.31,0.68,2026-09-23T09:21:40.094693+00:00,down,down,1.0,0.32,2026-09-23T09:33:51.034211+00:00
BTC,KXBTC15M-26SEP230530-30,btc-updown-15m-1790154900,B,2026-09-23T09:15:00+00:00,2026-09-23T09:30:00Z,0.7,1.3,0.7,2026-09-23T09:21:40.094693+00:00,down,down,1.0,0.3,2026-09-23T09:36:28.044003+00:00
ETH,KXETH15M-26SEP230545-45,eth-updown-15m-1790155800,B,2026-09-23T09:30:00+00:00,2026-09-23T09:45:00Z,0.77,1.21,0.77,2026-09-23T09:38:22.205357+00:00,down,down,1.0,0.23,2026-09-23T09:50:54.475656+00:00
ETH,KXETH15M-26SEP230600-00,eth-updown-15m-1790156700,B,2026-09-23T09:45:00+00:00,2026-09-23T10:00:00Z,0.786,1.211,0.786,2026-09-23T09:54:26.099775+00:00,down,down,1.0,0.214,2026-09-23T10:04:19.179176+00:00
BTC,KXBTC15M-26SEP230545-45,btc-updown-15m-1790156700,B,2026-09-23T09:45:00+00:00,2026-09-23T09:45:00Z,0.471,1.52,0.471,2026-09-23T09:45:01.962881+00:00,down,up,0.0,-0.471,2026-09-23T10:05:37.581973+00:00
BTC,KXBTC15M-26SEP230600-00,btc-updown-15m-1790156700,A,2026-09-23T09:45:00+00:00,2026-09-23T10:00:00Z,0.761,0.761,1.22,2026-09-23T09:57:47.348936+00:00,up,up,1.0,0.239,2026-09-23T10:05:37.581973+00:00
BTC,KXBTC15M-26SEP230615-15,btc-updown-15m-1790157600,B,2026-09-23T10:00:00+00:00,2026-09-23T10:15:00Z,0.72,1.25,0.72,2026-09-23T10:12:02.308978+00:00,down,down,1.0,0.28,2026-09-23T10:20:43.999243+00:00
ETH,KXETH15M-26SEP230615-15,eth-updown-15m-1790157600,B,2026-09-23T10:00:00+00:00,2026-09-23T10:15:00Z,0.78,1.22,0.78,2026-09-23T10:12:02.308978+00:00,down,down,1.0,0.22,2026-09-23T10:21:37.321039+00:00
ETH,KXETH15M-26SEP230630-30,eth-updown-15m-1790158500,B,2026-09-23T10:15:00+00:00,2026-09-23T10:30:00Z,0.789,1.203,0.789,2026-09-23T10:27:14.469512+00:00,down,down,1.0,0.211,2026-09-23T10:35:59.328892+00:00
BTC,KXBTC15M-26SEP230630-30,btc-updown-15m-1790159400,B,2026-09-23T10:30:00+00:00,2026-09-23T10:30:00Z,0.431,1.56,0.431,2026-09-23T10:30:04.782523+00:00,down,up,0.0,-0.431,2026-09-23T10:47:24.321771+00:00
ETH,KXETH15M-26SEP230645-45,eth-updown-15m-1790159400,B,2026-09-23T10:30:00+00:00,2026-09-23T10:45:00Z,0.79,1.21,0.79,2026-09-23T10:34:07.170971+00:00,up,up,1.0,0.21,2026-09-23T10:50:51.804686+00:00
BTC,KXBTC15M-26SEP230645-45,btc-updown-15m-1790160300,A,2026-09-23T10:45:00+00:00,2026-09-23T10:45:00Z,0.531,0.531,1.46,2026-09-23T10:45:03.657446+00:00,up,up,1.0,0.469,2026-09-23T11:03:03.683692+00:00
BTC,KXBTC15M-26SEP230700-00,btc-updown-15m-1790160300,B,2026-09-23T10:45:00+00:00,2026-09-23T11:00:00Z,0.78,1.22,0.78,2026-09-23T10:56:01.073437+00:00,up,up,1.0,0.22,2026-09-23T11:03:03.683692+00:00
ETH,KXETH15M-26SEP230700-00,eth-updown-15m-1790160300,B,2026-09-23T10:45:00+00:00,2026-09-23T11:00:00Z,0.79,1.21,0.79,2026-09-23T10:56:23.606738+00:00,up,up,1.0,0.21,2026-09-23T11:05:30.685729+00:00
ETH,KXETH15M-26SEP230715-15,eth-updown-15m-1790161200,A,2026-09-23T11:00:00+00:00,2026-09-23T11:15:00Z,0.74,0.74,1.26,2026-09-23T11:01:52.003330+00:00,down,down,1.0,0.26,2026-09-23T11:19:55.798101+00:00
BTC,KXBTC15M-26SEP230715-15,btc-updown-15m-1790161200,A,2026-09-23T11:00:00+00:00,2026-09-23T11:15:00Z,0.77,0.77,1.23,2026-09-23T11:02:03.801476+00:00,down,down,1.0,0.23,2026-09-23T11:22:02.687352+00:00
BTC,KXBTC15M-26SEP230730-30,btc-updown-15m-1790163000,B,2026-09-23T11:30:00+00:00,2026-09-23T11:30:00Z,0.441,1.55,0.441,2026-09-23T11:30:03.814399+00:00,down,down,1.0,0.559,2026-09-23T11:49:45.977678+00:00
BTC,KXBTC15M-26SEP230745-45,btc-updown-15m-1790163000,A,2026-09-23T11:30:00+00:00,2026-09-23T11:45:00Z,0.78,0.78,1.22,2026-09-23T11:34:34.945108+00:00,down,down,1.0,0.22,2026-09-23T11:49:45.977678+00:00
ETH,KXETH15M-26SEP230730-30,eth-updown-15m-1790163000,B,2026-09-23T11:30:00+00:00,2026-09-23T11:30:00Z,0.411,1.57,0.411,2026-09-23T11:30:03.814399+00:00,down,down,1.0,0.589,2026-09-23T11:49:58.001171+00:00
ETH,KXETH15M-26SEP230745-45,eth-updown-15m-1790163000,B,2026-09-23T11:30:00+00:00,2026-09-23T11:45:00Z,0.76,1.24,0.76,2026-09-23T11:35:07.219590+00:00,down,down,1.0,0.24,2026-09-23T11:49:58.001171+00:00
ETH,KXETH15M-26SEP230800-00,eth-updown-15m-1790164800,A,2026-09-23T12:00:00+00:00,2026-09-23T12:00:00Z,0.511,0.511,1.44,2026-09-23T12:00:04.906229+00:00,up,down,0.0,-0.511,2026-09-23T12:17:03.810890+00:00
BTC,KXBTC15M-26SEP230800-00,btc-updown-15m-1790164800,A,2026-09-23T12:00:00+00:00,2026-09-23T12:00:00Z,0.541,0.541,1.45,2026-09-23T12:00:04.906229+00:00,up,down,0.0,-0.541,2026-09-23T12:21:46.879347+00:00
ETH,KXETH15M-26SEP230815-15,eth-updown-15m-1790165700,B,2026-09-23T12:15:00+00:00,2026-09-23T12:15:00Z,0.441,1.55,0.441,2026-09-23T12:15:05.055628+00:00,down,up,0.0,-0.441,2026-09-23T12:33:15.232272+00:00
ETH,KXETH15M-26SEP230830-30,eth-updown-15m-1790165700,B,2026-09-23T12:15:00+00:00,2026-09-23T12:30:00Z,0.79,1.21,0.79,2026-09-23T12:22:42.500568+00:00,up,up,1.0,0.21,2026-09-23T12:33:15.232272+00:00
BTC,KXBTC15M-26SEP230815-15,btc-updown-15m-1790165700,B,2026-09-23T12:15:00+00:00,2026-09-23T12:15:00Z,0.461,1.53,0.461,2026-09-23T12:15:05.055628+00:00,down,up,0.0,-0.461,2026-09-23T12:37:03.921237+00:00
BTC,KXBTC15M-26SEP230830-30,btc-updown-15m-1790165700,A,2026-09-23T12:15:00+00:00,2026-09-23T12:30:00Z,0.79,0.79,1.21,2026-09-23T12:27:31.401288+00:00,down,up,2.0,1.21,2026-09-23T12:37:03.921237+00:00
BTC,KXBTC15M-26SEP230845-45,btc-updown-15m-1790166600,B,2026-09-23T12:30:00+00:00,2026-09-23T12:45:00Z,0.75,1.25,0.75,2026-09-23T12:43:47.792042+00:00,down,down,1.0,0.25,2026-09-23T12:48:34.840949+00:00
BTC,KXBTC15M-26SEP230900-00,btc-updown-15m-1790167500,B,2026-09-23T12:45:00+00:00,2026-09-23T13:00:00Z,0.78,1.22,0.78,2026-09-23T12:54:10.230626+00:00,up,up,1.0,0.22,2026-09-23T13:03:53.315505+00:00
ETH,KXETH15M-26SEP230845-45,eth-updown-15m-1790167500,A,2026-09-23T12:45:00+00:00,2026-09-23T12:45:00Z,0.491,0.491,1.5,2026-09-23T12:45:03.051256+00:00,up,down,0.0,-0.491,2026-09-23T13:06:50.813280+00:00
ETH,KXETH15M-26SEP230900-00,eth-updown-15m-1790167500,A,2026-09-23T12:45:00+00:00,2026-09-23T13:00:00Z,0.76,0.76,1.25,2026-09-23T12:57:29.360789+00:00,down,down,1.0,0.24,2026-09-23T13:06:50.813280+00:00
ETH,KXETH15M-26SEP230915-15,eth-updown-15m-1790169300,B,2026-09-23T13:15:00+00:00,2026-09-23T13:15:00Z,0.451,1.54,0.451,2026-09-23T13:15:00.921309+00:00,down,up,0.0,-0.451,2026-09-23T13:35:12.464890+00:00
BTC,KXBTC15M-26SEP230915-15,btc-updown-15m-1790169300,B,2026-09-23T13:15:00+00:00,2026-09-23T13:15:00Z,0.451,1.54,0.451,2026-09-23T13:15:00.921309+00:00,down,up,0.0,-0.451,2026-09-23T13:36:10.300578+00:00
BTC,KXBTC15M-26SEP230930-30,btc-updown-15m-1790170200,A,2026-09-23T13:30:00+00:00,2026-09-23T13:30:00Z,0.491,0.491,1.5,2026-09-23T13:30:02.972484+00:00,up,up,1.0,0.509,2026-09-23T13:47:08.227578+00:00
BTC,KXBTC15M-26SEP230945-45,btc-updown-15m-1790170200,B,2026-09-23T13:30:00+00:00,2026-09-23T13:45:00Z,0.73,1.27,0.73,2026-09-23T13:36:32.617314+00:00,up,up,1.0,0.27,2026-09-23T13:47:08.227578+00:00
ETH,KXETH15M-26SEP230930-30,eth-updown-15m-1790170200,A,2026-09-23T13:30:00+00:00,2026-09-23T13:30:00Z,0.451,0.451,1.53,2026-09-23T13:30:02.972484+00:00,up,up,1.0,0.549,2026-09-23T13:50:22.936990+00:00
ETH,KXETH15M-26SEP230945-45,eth-updown-15m-1790171100,A,2026-09-23T13:45:00+00:00,2026-09-23T13:45:00Z,0.501,0.501,1.5,2026-09-23T13:45:04.758802+00:00,up,down,0.0,-0.501,2026-09-23T14:05:03.682133+00:00
ETH,KXETH15M-26SEP231000-00,eth-updown-15m-1790172000,B,2026-09-23T14:00:00+00:00,2026-09-23T14:00:00Z,0.491,1.5,0.491,2026-09-23T14:00:03.955068+00:00,down,down,1.0,0.509,2026-09-23T14:18:25.024144+00:00
BTC,KXBTC15M-26SEP231000-00,btc-updown-15m-1790172000,B,2026-09-23T14:00:00+00:00,2026-09-23T14:00:00Z,0.491,1.5,0.491,2026-09-23T14:00:03.955068+00:00,down,down,1.0,0.509,2026-09-23T14:21:32.331195+00:00
ETH,KXETH15M-26SEP231015-15,eth-updown-15m-1790172900,B,2026-09-23T14:15:00+00:00,2026-09-23T14:15:00Z,0.371,1.55,0.371,2026-09-23T14:15:00.253006+00:00,down,down,1.0,0.629,2026-09-23T14:35:59.328713+00:00
BTC,KXBTC15M-26SEP231015-15,btc-updown-15m-1790172900,B,2026-09-23T14:15:00+00:00,2026-09-23T14:15:00Z,0.431,1.55,0.431,2026-09-23T14:15:00.253006+00:00,down,down,1.0,0.569,2026-09-23T14:36:16.332418+00:00
ETH,KXETH15M-26SEP231030-30,eth-updown-15m-1790173800,B,2026-09-23T14:30:00+00:00,2026-09-23T14:30:00Z,0.461,1.53,0.461,2026-09-23T14:30:01.151583+00:00,down,up,0.0,-0.461,2026-09-23T14:50:31.481000+00:00
BTC,KXBTC15M-26SEP231030-30,btc-updown-15m-1790173800,B,2026-09-23T14:30:00+00:00,2026-09-23T14:30:00Z,0.521,1.47,0.521,2026-09-23T14:30:01.151583+00:00,down,up,0.0,-0.521,2026-09-23T14:51:34.662503+00:00
BTC,KXBTC15M-26SEP231045-45,btc-updown-15m-1790174700,A,2026-09-23T14:45:00+00:00,2026-09-23T14:45:00Z,0.441,0.441,1.55,2026-09-23T14:45:05.065605+00:00,up,up,1.0,0.559,2026-09-23T15:02:49.843475+00:00
BTC,KXBTC15M-26SEP231100-00,btc-updown-15m-1790174700,B,2026-09-23T14:45:00+00:00,2026-09-23T15:00:00Z,0.79,1.21,0.79,2026-09-23T14:51:17.789765+00:00,up,up,1.0,0.21,2026-09-23T15:02:49.843475+00:00
ETH,KXETH15M-26SEP231045-45,eth-updown-15m-1790174700,A,2026-09-23T14:45:00+00:00,2026-09-23T14:45:00Z,0.511,0.511,1.48,2026-09-23T14:45:05.065605+00:00,up,up,1.0,0.489,2026-09-23T15:03:50.554651+00:00
ETH,KXETH15M-26SEP231100-00,eth-updown-15m-1790174700,A,2026-09-23T14:45:00+00:00,2026-09-23T15:00:00Z,0.79,0.79,1.22,2026-09-23T14:50:36.912634+00:00,up,up,1.0,0.21,2026-09-23T15:03:50.554651+00:00
BTC,KXBTC15M-26SEP231115-15,btc-updown-15m-1790175600,B,2026-09-23T15:00:00+00:00,2026-09-23T15:15:00Z,0.77,1.23,0.77,2026-09-23T15:08:08.752646+00:00,up,up,1.0,0.23,2026-09-23T15:23:07.414002+00:00
ETH,KXETH15M-26SEP231115-15,eth-updown-15m-1790175600,B,2026-09-23T15:00:00+00:00,2026-09-23T15:15:00Z,0.77,1.22,0.77,2026-09-23T15:01:07.664822+00:00,up,up,1.0,0.23,2026-09-23T15:23:13.123364+00:00
ETH,KXETH15M-26SEP231130-30,eth-updown-15m-1790176500,A,2026-09-23T15:15:00+00:00,2026-09-23T15:30:00Z,0.76,0.76,1.24,2026-09-23T15:17:30.744192+00:00,down,down,1.0,0.24,2026-09-23T15:35:00.947720+00:00
BTC,KXBTC15M-26SEP231130-30,btc-updown-15m-1790176500,B,2026-09-23T15:15:00+00:00,2026-09-23T15:30:00Z,0.78,1.22,0.78,2026-09-23T15:23:12.623839+00:00,down,down,1.0,0.22,2026-09-23T15:36:32.588994+00:00
BTC,KXBTC15M-26SEP231145-45,btc-updown-15m-1790178300,B,2026-09-23T15:45:00+00:00,2026-09-23T15:45:00Z,0.491,1.5,0.491,2026-09-23T15:45:05.079492+00:00,down,down,1.0,0.509,2026-09-23T16:02:09.487683+00:00
ETH,KXETH15M-26SEP231145-45,eth-updown-15m-1790178300,B,2026-09-23T15:45:00+00:00,2026-09-23T15:45:00Z,0.571,1.42,0.571,2026-09-23T15:45:05.079492+00:00,down,down,1.0,0.429,2026-09-23T16:04:13.843114+00:00
ETH,KXETH15M-26SEP231200-00,eth-updown-15m-1790179200,B,2026-09-23T16:00:00+00:00,2026-09-23T16:00:00Z,0.431,1.56,0.431,2026-09-23T16:00:05.349375+00:00,down,up,0.0,-0.431,2026-09-23T16:17:23.021206+00:00
ETH,KXETH15M-26SEP231215-15,eth-updown-15m-1790179200,A,2026-09-23T16:00:00+00:00,2026-09-23T16:15:00Z,0.78,0.78,1.2,2026-09-23T16:01:18.319893+00:00,up,up,1.0,0.22,2026-09-23T16:17:23.021206+00:00
BTC,KXBTC15M-26SEP231200-00,btc-updown-15m-1790179200,B,2026-09-23T16:00:00+00:00,2026-09-23T16:00:00Z,0.451,1.54,0.451,2026-09-23T16:00:05.349375+00:00,down,up,0.0,-0.451,2026-09-23T16:19:53.890113+00:00
BTC,KXBTC15M-26SEP231215-15,btc-updown-15m-1790179200,A,2026-09-23T16:00:00+00:00,2026-09-23T16:15:00Z,0.77,0.77,1.23,2026-09-23T16:01:36.106631+00:00,up,up,1.0,0.23,2026-09-23T16:19:53.890113+00:00
ETH,KXETH15M-26SEP231230-30,eth-updown-15m-1790180100,B,2026-09-23T16:15:00+00:00,2026-09-23T16:30:00Z,0.76,1.22,0.76,2026-09-23T16:23:00.505782+00:00,down,down,1.0,0.24,2026-09-23T16:35:28.757261+00:00
ETH,KXETH15M-26SEP231245-45,eth-updown-15m-1790181000,A,2026-09-23T16:30:00+00:00,2026-09-23T16:45:00Z,0.77,0.77,1.23,2026-09-23T16:41:09.315753+00:00,up,up,1.0,0.23,2026-09-23T16:48:31.862479+00:00
BTC,KXBTC15M-26SEP231230-30,btc-updown-15m-1790181000,B,2026-09-23T16:30:00+00:00,2026-09-23T16:30:00Z,0.421,1.55,0.421,2026-09-23T16:30:00.224309+00:00,down,down,1.0,0.579,2026-09-23T16:51:15.011228+00:00
BTC,KXBTC15M-26SEP231245-45,btc-updown-15m-1790181900,B,2026-09-23T16:45:00+00:00,2026-09-23T16:45:00Z,0.451,1.54,0.451,2026-09-23T16:45:04.551098+00:00,down,down,1.0,0.549,2026-09-23T17:06:37.316428+00:00
ETH,KXETH15M-26SEP231300-00,eth-updown-15m-1790182800,B,2026-09-23T17:00:00+00:00,2026-09-23T17:00:00Z,0.481,1.51,0.481,2026-09-23T17:00:02.136236+00:00,down,down,1.0,0.519,2026-09-23T17:19:02.771529+00:00
ETH,KXETH15M-26SEP231315-15,eth-updown-15m-1790182800,A,2026-09-23T17:00:00+00:00,2026-09-23T17:15:00Z,0.72,0.72,1.25,2026-09-23T17:02:15.358039+00:00,down,down,1.0,0.28,2026-09-23T17:19:02.771529+00:00
BTC,KXBTC15M-26SEP231300-00,btc-updown-15m-1790182800,B,2026-09-23T17:00:00+00:00,2026-09-23T17:00:00Z,0.441,1.55,0.441,2026-09-23T17:00:02.136236+00:00,down,down,1.0,0.559,2026-09-23T17:21:24.957259+00:00
BTC,KXBTC15M-26SEP231315-15,btc-updown-15m-1790182800,A,2026-09-23T17:00:00+00:00,2026-09-23T17:15:00Z,0.72,0.72,1.28,2026-09-23T17:02:20.967626+00:00,down,down,1.0,0.28,2026-09-23T17:21:24.957259+00:00
BTC,KXBTC15M-26SEP231330-30,btc-updown-15m-1790184600,A,2026-09-23T17:30:00+00:00,2026-09-23T17:30:00Z,0.501,0.501,1.49,2026-09-23T17:30:03.959766+00:00,up,up,1.0,0.499,2026-09-23T17:49:38.612401+00:00
BTC,KXBTC15M-26SEP231345-45,btc-updown-15m-1790184600,B,2026-09-23T17:30:00+00:00,2026-09-23T17:45:00Z,0.78,1.22,0.78,2026-09-23T17:37:14.983079+00:00,up,up,1.0,0.22,2026-09-23T17:49:38.612401+00:00
ETH,KXETH15M-26SEP231330-30,eth-updown-15m-1790184600,A,2026-09-23T17:30:00+00:00,2026-09-23T17:30:00Z,0.461,0.461,1.53,2026-09-23T17:30:03.959766+00:00,up,up,1.0,0.539,2026-09-23T17:50:08.832780+00:00
ETH,KXETH15M-26SEP231345-45,eth-updown-15m-1790184600,B,2026-09-23T17:30:00+00:00,2026-09-23T17:45:00Z,0.73,1.26,0.73,2026-09-23T17:40:54.418126+00:00,up,up,1.0,0.27,2026-09-23T17:50:08.832780+00:00
ETH,KXETH15M-26SEP231400-00,eth-updown-15m-1790185500,A,2026-09-23T17:45:00+00:00,2026-09-23T18:00:00Z,0.68,0.68,1.31,2026-09-23T17:54:07.223995+00:00,up,up,1.0,0.32,2026-09-23T18:06:13.197283+00:00
BTC,KXBTC15M-26SEP231400-00,btc-updown-15m-1790186400,A,2026-09-23T18:00:00+00:00,2026-09-23T18:00:00Z,0.501,0.501,1.47,2026-09-23T18:00:03.998835+00:00,up,down,0.0,-0.501,2026-09-23T18:17:37.285784+00:00
BTC,KXBTC15M-26SEP231415-15,btc-updown-15m-1790187300,B,2026-09-23T18:15:00+00:00,2026-09-23T18:15:00Z,0.581,1.41,0.581,2026-09-23T18:15:03.350315+00:00,down,down,1.0,0.419,2026-09-23T18:34:07.084633+00:00
BTC,KXBTC15M-26SEP231430-30,btc-updown-15m-1790187300,B,2026-09-23T18:15:00+00:00,2026-09-23T18:30:00Z,0.65,1.34,0.65,2026-09-23T18:26:10.919928+00:00,down,down,1.0,0.35,2026-09-23T18:34:07.084633+00:00
ETH,KXETH15M-26SEP231415-15,eth-updown-15m-1790187300,B,2026-09-23T18:15:00+00:00,2026-09-23T18:15:00Z,0.521,1.47,0.521,2026-09-23T18:15:03.350315+00:00,down,down,1.0,0.479,2026-09-23T18:36:55.013830+00:00
ETH,KXETH15M-26SEP231430-30,eth-updown-15m-1790187300,B,2026-09-23T18:15:00+00:00,2026-09-23T18:30:00Z,0.79,1.21,0.79,2026-09-23T18:26:10.919928+00:00,down,down,1.0,0.21,2026-09-23T18:36:55.013830+00:00
ETH,KXETH15M-26SEP231445-45,eth-updown-15m-1790188200,A,2026-09-23T18:30:00+00:00,2026-09-23T18:45:00Z,0.78,0.78,1.23,2026-09-23T18:41:13.738486+00:00,up,up,1.0,0.22,2026-09-23T18:47:29.416937+00:00
BTC,KXBTC15M-26SEP231445-45,btc-updown-15m-1790188200,A,2026-09-23T18:30:00+00:00,2026-09-23T18:45:00Z,0.77,0.77,1.21,2026-09-23T18:41:02.903990+00:00,up,up,1.0,0.23,2026-09-23T18:47:51.757862+00:00
ETH,KXETH15M-26SEP231500-00,eth-updown-15m-1790190000,A,2026-09-23T19:00:00+00:00,2026-09-23T19:00:00Z,0.461,0.461,1.55,2026-09-23T19:00:02.036505+00:00,up,down,0.0,-0.461,2026-09-23T19:17:55.096914+00:00
ETH,KXETH15M-26SEP231515-15,eth-updown-15m-1790190000,A,2026-09-23T19:00:00+00:00,2026-09-23T19:15:00Z,0.74,0.74,1.26,2026-09-23T19:01:50.922993+00:00,down,down,1.0,0.26,2026-09-23T19:17:55.096914+00:00
BTC,KXBTC15M-26SEP231500-00,btc-updown-15m-1790190000,A,2026-09-23T19:00:00+00:00,2026-09-23T19:00:00Z,0.441,0.441,1.52,2026-09-23T19:00:02.036505+00:00,up,up,1.0,0.559,2026-09-23T19:19:52.745746+00:00
BTC,KXBTC15M-26SEP231515-15,btc-updown-15m-1790190000,B,2026-09-23T19:00:00+00:00,2026-09-23T19:15:00Z,0.78,1.22,0.78,2026-09-23T19:07:04.644465+00:00,up,up,1.0,0.22,2026-09-23T19:19:52.745746+00:00
BTC,KXBTC15M-26SEP231530-30,btc-updown-15m-1790190900,B,2026-09-23T19:15:00+00:00,2026-09-23T19:30:00Z,0.79,1.21,0.79,2026-09-23T19:23:39.407362+00:00,up,up,1.0,0.21,2026-09-23T19:33:04.315406+00:00
ETH,KXETH15M-26SEP231530-30,eth-updown-15m-1790191800,A,2026-09-23T19:30:00+00:00,2026-09-23T19:30:00Z,0.511,0.511,1.48,2026-09-23T19:30:02.606082+00:00,up,up,1.0,0.489,2026-09-23T19:49:08.812209+00:00
ETH,KXETH15M-26SEP231545-45,eth-updown-15m-1790191800,A,2026-09-23T19:30:00+00:00,2026-09-23T19:45:00Z,0.525,0.525,1.436,2026-09-23T19:43:12.788059+00:00,up,up,1.0,0.475,2026-09-23T19:49:08.812209+00:00
BTC,KXBTC15M-26SEP231545-45,btc-updown-15m-1790191800,A,2026-09-23T19:30:00+00:00,2026-09-23T19:45:00Z,0.767,0.767,1.224,2026-09-23T19:43:23.616685+00:00,up,up,1.0,0.233,2026-09-23T19:51:27.226697+00:00
BTC,KXBTC15M-26SEP231600-00,btc-updown-15m-1790192700,A,2026-09-23T19:45:00+00:00,2026-09-23T20:00:00Z,0.77,0.77,1.23,2026-09-23T19:52:49.164544+00:00,up,up,1.0,0.23,2026-09-23T20:04:38.244217+00:00
ETH,KXETH15M-26SEP231600-00,eth-updown-15m-1790193600,A,2026-09-23T20:00:00+00:00,2026-09-23T20:00:00Z,0.601,0.601,1.39,2026-09-23T20:00:05.296104+00:00,up,down,0.0,-0.601,2026-09-23T20:17:21.209621+00:00
ETH,KXETH15M-26SEP231615-15,eth-updown-15m-1790194500,B,2026-09-23T20:15:00+00:00,2026-09-23T20:15:00Z,0.631,1.36,0.631,2026-09-23T20:15:01.578293+00:00,down,down,1.0,0.369,2026-09-23T20:32:02.140685+00:00
ETH,KXETH15M-26SEP231630-30,eth-updown-15m-1790194500,B,2026-09-23T20:15:00+00:00,2026-09-23T20:30:00Z,0.77,1.23,0.77,2026-09-23T20:17:26.349736+00:00,down,down,1.0,0.23,2026-09-23T20:32:02.140685+00:00
BTC,KXBTC15M-26SEP231615-15,btc-updown-15m-1790194500,B,2026-09-23T20:15:00+00:00,2026-09-23T20:15:00Z,0.571,1.42,0.571,2026-09-23T20:15:01.578293+00:00,down,down,1.0,0.429,2026-09-23T20:34:20.967594+00:00
BTC,KXBTC15M-26SEP231630-30,btc-updown-15m-1790195400,B,2026-09-23T20:30:00+00:00,2026-09-23T20:30:00Z,0.371,1.62,0.371,2026-09-23T20:30:04.956818+00:00,down,up,0.0,-0.371,2026-09-23T20:52:12.614264+00:00
BTC,KXBTC15M-26SEP231645-45,btc-updown-15m-1790196300,A,2026-09-23T20:45:00+00:00,2026-09-23T20:45:00Z,0.561,0.561,1.43,2026-09-23T20:45:03.231684+00:00,up,down,0.0,-0.561,2026-09-23T21:04:33.294227+00:00
ETH,KXETH15M-26SEP231645-45,eth-updown-15m-1790196300,A,2026-09-23T20:45:00+00:00,2026-09-23T20:45:00Z,0.581,0.581,1.41,2026-09-23T20:45:03.231684+00:00,up,down,0.0,-0.581,2026-09-23T21:05:27.356865+00:00
ETH,KXETH15M-26SEP231700-00,eth-updown-15m-1790197200,B,2026-09-23T21:00:00+00:00,2026-09-23T21:00:00Z,0.401,1.59,0.401,2026-09-23T21:00:01.721582+00:00,down,up,0.0,-0.401,2026-09-23T21:18:48.584016+00:00
ETH,KXETH15M-26SEP231715-15,eth-updown-15m-1790197200,B,2026-09-23T21:00:00+00:00,2026-09-23T21:15:00Z,0.78,1.22,0.78,2026-09-23T21:02:11.968521+00:00,up,up,1.0,0.22,2026-09-23T21:18:48.584016+00:00
BTC,KXBTC15M-26SEP231700-00,btc-updown-15m-1790197200,B,2026-09-23T21:00:00+00:00,2026-09-23T21:00:00Z,0.431,1.56,0.431,2026-09-23T21:00:01.721582+00:00,down,up,0.0,-0.431,2026-09-23T21:20:50.294587+00:00
BTC,KXBTC15M-26SEP231715-15,btc-updown-15m-1790197200,A,2026-09-23T21:00:00+00:00,2026-09-23T21:15:00Z,0.79,0.79,1.21,2026-09-23T21:03:06.827564+00:00,up,up,1.0,0.21,2026-09-23T21:20:50.294587+00:00
ETH,KXETH15M-26SEP231730-30,eth-updown-15m-1790198100,A,2026-09-23T21:15:00+00:00,2026-09-23T21:30:00Z,0.77,0.77,1.23,2026-09-23T21:22:42.987003+00:00,up,up,1.0,0.23,2026-09-23T21:35:06.730302+00:00
BTC,KXBTC15M-26SEP231730-30,btc-updown-15m-1790198100,A,2026-09-23T21:15:00+00:00,2026-09-23T21:30:00Z,0.79,0.79,1.21,2026-09-23T21:22:42.987003+00:00,up,up,1.0,0.21,2026-09-23T21:36:32.364799+00:00
BTC,KXBTC15M-26SEP231745-45,btc-updown-15m-1790199900,A,2026-09-23T21:45:00+00:00,2026-09-23T21:45:00Z,0.491,0.491,1.5,2026-09-23T21:45:04.037634+00:00,up,down,0.0,-0.491,2026-09-23T22:03:37.830295+00:00
ETH,KXETH15M-26SEP231745-45,eth-updown-15m-1790199900,A,2026-09-23T21:45:00+00:00,2026-09-23T21:45:00Z,0.451,0.451,1.54,2026-09-23T21:45:04.037634+00:00,up,down,0.0,-0.451,2026-09-23T22:04:06.698773+00:00
ETH,KXETH15M-26SEP231800-00,eth-updown-15m-1790199900,A,2026-09-23T21:45:00+00:00,2026-09-23T22:00:00Z,0.74,0.74,1.27,2026-09-23T21:55:26.233250+00:00,down,down,1.0,0.26,2026-09-23T22:04:06.698773+00:00
ETH,KXETH15M-26SEP231815-15,eth-updown-15m-1790200800,B,2026-09-23T22:00:00+00:00,2026-09-23T22:15:00Z,0.67,1.33,0.67,2026-09-23T22:06:48.425518+00:00,up,up,1.0,0.33,2026-09-23T22:17:21.514711+00:00
BTC,KXBTC15M-26SEP231800-00,btc-updown-15m-1790200800,B,2026-09-23T22:00:00+00:00,2026-09-23T22:00:00Z,0.541,1.45,0.541,2026-09-23T22:00:20.311831+00:00,down,up,0.0,-0.541,2026-09-23T22:19:07.261812+00:00
BTC,KXBTC15M-26SEP231815-15,btc-updown-15m-1790200800,A,2026-09-23T22:00:00+00:00,2026-09-23T22:15:00Z,0.75,0.75,1.25,2026-09-23T22:03:01.944363+00:00,up,up,1.0,0.25,2026-09-23T22:19:07.261812+00:00
ETH,KXETH15M-26SEP231830-30,eth-updown-15m-1790202600,B,2026-09-23T22:30:00+00:00,2026-09-23T22:30:00Z,0.631,1.36,0.631,2026-09-23T22:30:01.415047+00:00,down,down,1.0,0.369,2026-09-23T22:49:51.622691+00:00
BTC,KXBTC15M-26SEP231830-30,btc-updown-15m-1790202600,B,2026-09-23T22:30:00+00:00,2026-09-23T22:30:00Z,0.571,1.42,0.571,2026-09-23T22:30:01.415047+00:00,down,up,0.0,-0.571,2026-09-23T22:49:57.079245+00:00
BTC,KXBTC15M-26SEP231845-45,btc-updown-15m-1790202600,B,2026-09-23T22:30:00+00:00,2026-09-23T22:45:00Z,0.79,1.21,0.79,2026-09-23T22:40:27.765325+00:00,up,up,1.0,0.21,2026-09-23T22:49:57.079245+00:00
BTC,KXBTC15M-26SEP231900-00,btc-updown-15m-1790203500,B,2026-09-23T22:45:00+00:00,2026-09-23T23:00:00Z,0.78,1.22,0.78,2026-09-23T22:46:07.910687+00:00,up,up,1.0,0.22,2026-09-23T23:02:23.123874+00:00
ETH,KXETH15M-26SEP231845-45,eth-updown-15m-1790203500,B,2026-09-23T22:45:00+00:00,2026-09-23T22:45:00Z,0.461,1.53,0.461,2026-09-23T22:45:02.366594+00:00,down,up,0.0,-0.461,2026-09-23T23:05:20.127911+00:00
ETH,KXETH15M-26SEP231900-00,eth-updown-15m-1790204400,A,2026-09-23T23:00:00+00:00,2026-09-23T23:00:00Z,0.401,0.401,1.59,2026-09-23T23:00:04.640598+00:00,up,down,0.0,-0.401,2026-09-23T23:19:51.010170+00:00
ETH,KXETH15M-26SEP231915-15,eth-updown-15m-1790204400,B,2026-09-23T23:00:00+00:00,2026-09-23T23:15:00Z,0.77,1.23,0.77,2026-09-23T23:04:11.549065+00:00,down,down,1.0,0.23,2026-09-23T23:19:51.010170+00:00
BTC,KXBTC15M-26SEP231915-15,btc-updown-15m-1790204400,B,2026-09-23T23:00:00+00:00,2026-09-23T23:15:00Z,0.78,1.22,0.78,2026-09-23T23:04:17.316907+00:00,down,down,1.0,0.22,2026-09-23T23:20:24.520927+00:00
ETH,KXETH15M-26SEP231930-30,eth-updown-15m-1790206200,B,2026-09-23T23:30:00+00:00,2026-09-23T23:30:00Z,0.471,1.5,0.471,2026-09-23T23:30:02.251073+00:00,down,down,1.0,0.529,2026-09-23T23:47:43.105636+00:00
ETH,KXETH15M-26SEP231945-45,eth-updown-15m-1790206200,B,2026-09-23T23:30:00+00:00,2026-09-23T23:45:00Z,0.77,1.23,0.77,2026-09-23T23:34:23.080884+00:00,down,down,1.0,0.23,2026-09-23T23:47:43.105636+00:00
BTC,KXBTC15M-26SEP231930-30,btc-updown-15m-1790206200,B,2026-09-23T23:30:00+00:00,2026-09-23T23:30:00Z,0.481,1.51,0.481,2026-09-23T23:30:02.251073+00:00,down,down,1.0,0.519,2026-09-23T23:49:25.958927+00:00
BTC,KXBTC15M-26SEP231945-45,btc-updown-15m-1790206200,A,2026-09-23T23:30:00+00:00,2026-09-23T23:45:00Z,0.68,0.68,1.32,2026-09-23T23:40:38.720121+00:00,down,down,1.0,0.32,2026-09-23T23:49:25.958927+00:00
BTC,KXBTC15M-26SEP232000-00,btc-updown-15m-1790207100,A,2026-09-23T23:45:00+00:00,2026-09-24T00:00:00Z,0.78,0.78,1.22,2026-09-23T23:46:43.464854+00:00,down,down,1.0,0.22,2026-09-24T00:04:37.404355+00:00
ETH,KXETH15M-26SEP232000-00,eth-updown-15m-1790208000,A,2026-09-24T00:00:00+00:00,2026-09-24T00:00:00Z,0.421,0.421,1.57,2026-09-24T00:00:02.887058+00:00,up,up,1.0,0.579,2026-09-24T00:18:32.182395+00:00
ETH,KXETH15M-26SEP232015-15,eth-updown-15m-1790208000,A,2026-09-24T00:00:00+00:00,2026-09-24T00:15:00Z,0.75,0.75,1.24,2026-09-24T00:10:42.066818+00:00,up,up,1.0,0.25,2026-09-24T00:18:32.182395+00:00
BTC,KXBTC15M-26SEP232015-15,btc-updown-15m-1790208000,A,2026-09-24T00:00:00+00:00,2026-09-24T00:15:00Z,0.77,0.77,1.23,2026-09-24T00:10:24.870251+00:00,down,down,1.0,0.23,2026-09-24T00:20:17.104137+00:00
ETH,KXETH15M-26SEP232030-30,eth-updown-15m-1790208900,A,2026-09-24T00:15:00+00:00,2026-09-24T00:30:00Z,0.75,0.75,1.25,2026-09-24T00:22:24.398717+00:00,up,up,1.0,0.25,2026-09-24T00:32:41.608429+00:00
BTC,KXBTC15M-26SEP232030-30,btc-updown-15m-1790208900,A,2026-09-24T00:15:00+00:00,2026-09-24T00:30:00Z,0.71,0.71,1.29,2026-09-24T00:23:01.834371+00:00,down,down,1.0,0.29,2026-09-24T00:35:27.192079+00:00
BTC,KXBTC15M-26SEP232045-45,btc-updown-15m-1790209800,B,2026-09-24T00:30:00+00:00,2026-09-24T00:45:00Z,0.76,1.24,0.76,2026-09-24T00:30:58.074825+00:00,up,up,1.0,0.24,2026-09-24T00:50:40.341671+00:00
ETH,KXETH15M-26SEP232045-45,eth-updown-15m-1790210700,B,2026-09-24T00:45:00+00:00,2026-09-24T00:45:00Z,0.551,1.44,0.551,2026-09-24T00:45:01.227271+00:00,down,down,1.0,0.449,2026-09-24T01:04:39.624093+00:00
ETH,KXETH15M-26SEP232100-00,eth-updown-15m-1790210700,A,2026-09-24T00:45:00+00:00,2026-09-24T01:00:00Z,0.753,0.753,1.26,2026-09-24T00:57:36.703999+00:00,down,down,1.0,0.247,2026-09-24T01:04:39.624093+00:00
BTC,KXBTC15M-26SEP232100-00,btc-updown-15m-1790210700,B,2026-09-24T00:45:00+00:00,2026-09-24T01:00:00Z,0.7,1.291,0.7,2026-09-24T00:56:48.297213+00:00,down,down,1.0,0.3,2026-09-24T01:05:30.215793+00:00
ETH,KXETH15M-26SEP232115-15,eth-updown-15m-1790211600,B,2026-09-24T01:00:00+00:00,2026-09-24T01:15:00Z,0.76,1.24,0.76,2026-09-24T01:07:04.028119+00:00,down,down,1.0,0.24,2026-09-24T01:17:02.764202+00:00
ETH,KXETH15M-26SEP232130-30,eth-updown-15m-1790212500,A,2026-09-24T01:15:00+00:00,2026-09-24T01:30:00Z,0.79,0.79,1.2,2026-09-24T01:21:02.400849+00:00,up,up,1.0,0.21,2026-09-24T01:33:00.945364+00:00
BTC,KXBTC15M-26SEP232115-15,btc-updown-15m-1790212500,B,2026-09-24T01:15:00+00:00,2026-09-24T01:15:00Z,0.451,1.54,0.451,2026-09-24T01:15:02.774903+00:00,down,down,1.0,0.549,2026-09-24T01:36:38.709384+00:00
BTC,KXBTC15M-26SEP232130-30,btc-updown-15m-1790212500,A,2026-09-24T01:15:00+00:00,2026-09-24T01:30:00Z,0.77,0.77,1.23,2026-09-24T01:21:02.400849+00:00,down,down,1.0,0.23,2026-09-24T01:36:38.709384+00:00
BTC,KXBTC15M-26SEP232145-45,btc-updown-15m-1790214300,B,2026-09-24T01:45:00+00:00,2026-09-24T01:45:00Z,0.541,1.45,0.541,2026-09-24T01:45:05.508521+00:00,down,down,1.0,0.459,2026-09-24T02:03:37.380346+00:00
ETH,KXETH15M-26SEP232145-45,eth-updown-15m-1790214300,B,2026-09-24T01:45:00+00:00,2026-09-24T01:45:00Z,0.512,1.479,0.512,2026-09-24T01:45:05.508521+00:00,down,down,1.0,0.488,2026-09-24T02:05:11.497286+00:00
ETH,KXETH15M-26SEP232200-00,eth-updown-15m-1790215200,B,2026-09-24T02:00:00+00:00,2026-09-24T02:00:00Z,0.441,1.54,0.441,2026-09-24T02:00:03.035107+00:00,down,down,1.0,0.559,2026-09-24T02:18:12.908074+00:00
ETH,KXETH15M-26SEP232215-15,eth-updown-15m-1790215200,A,2026-09-24T02:00:00+00:00,2026-09-24T02:15:00Z,0.77,0.77,1.2,2026-09-24T02:01:16.861254+00:00,down,down,1.0,0.23,2026-09-24T02:18:12.908074+00:00
BTC,KXBTC15M-26SEP232200-00,btc-updown-15m-1790215200,B,2026-09-24T02:00:00+00:00,2026-09-24T02:00:00Z,0.471,1.52,0.471,2026-09-24T02:00:03.035107+00:00,down,down,1.0,0.529,2026-09-24T02:21:44.225922+00:00
BTC,KXBTC15M-26SEP232215-15,btc-updown-15m-1790216100,B,2026-09-24T02:15:00+00:00,2026-09-24T02:15:00Z,0.391,1.6,0.391,2026-09-24T02:15:01.880022+00:00,down,up,0.0,-0.391,2026-09-24T02:36:54.221222+00:00
BTC,KXBTC15M-26SEP232230-30,btc-updown-15m-1790217000,A,2026-09-24T02:30:00+00:00,2026-09-24T02:30:00Z,0.531,0.531,1.46,2026-09-24T02:30:03.297073+00:00,up,up,1.0,0.469,2026-09-24T02:48:10.210520+00:00
ETH,KXETH15M-26SEP232245-45,eth-updown-15m-1790217000,B,2026-09-24T02:30:00+00:00,2026-09-24T02:45:00Z,0.79,1.2,0.79,2026-09-24T02:38:16.515104+00:00,up,up,1.0,0.21,2026-09-24T02:49:05.001057+00:00
ETH,KXETH15M-26SEP232300-00,eth-updown-15m-1790217900,B,2026-09-24T02:45:00+00:00,2026-09-24T03:00:00Z,0.77,1.24,0.77,2026-09-24T02:57:23.733005+00:00,up,up,1.0,0.23,2026-09-24T03:02:56.012737+00:00
BTC,KXBTC15M-26SEP232245-45,btc-updown-15m-1790217900,A,2026-09-24T02:45:00+00:00,2026-09-24T02:45:00Z,0.471,0.471,1.52,2026-09-24T02:45:00.610611+00:00,up,up,1.0,0.529,2026-09-24T03:08:17.908464+00:00
BTC,KXBTC15M-26SEP232300-00,btc-updown-15m-1790217900,B,2026-09-24T02:45:00+00:00,2026-09-24T03:00:00Z,0.79,1.21,0.79,2026-09-24T02:57:23.733005+00:00,up,up,1.0,0.21,2026-09-24T03:08:17.908464+00:00
BTC,KXBTC15M-26SEP232315-15,btc-updown-15m-1790218800,B,2026-09-24T03:00:00+00:00,2026-09-24T03:15:00Z,0.78,1.22,0.78,2026-09-24T03:09:55.628262+00:00,down,down,1.0,0.22,2026-09-24T03:19:09.133665+00:00
ETH,KXETH15M-26SEP232315-15,eth-updown-15m-1790218800,A,2026-09-24T03:00:00+00:00,2026-09-24T03:15:00Z,0.79,0.79,1.2,2026-09-24T03:06:22.882040+00:00,down,down,1.0,0.21,2026-09-24T03:20:07.473793+00:00
BTC,KXBTC15M-26SEP232330-30,btc-updown-15m-1790220600,B,2026-09-24T03:30:00+00:00,2026-09-24T03:30:00Z,0.441,1.55,0.441,2026-09-24T03:30:00.685113+00:00,down,down,1.0,0.559,2026-09-24T03:48:54.261635+00:00
BTC,KXBTC15M-26SEP232345-45,btc-updown-15m-1790220600,A,2026-09-24T03:30:00+00:00,2026-09-24T03:45:00Z,0.79,0.79,1.21,2026-09-24T03:43:54.858424+00:00,down,down,1.0,0.21,2026-09-24T03:48:54.261635+00:00
ETH,KXETH15M-26SEP232330-30,eth-updown-15m-1790220600,B,2026-09-24T03:30:00+00:00,2026-09-24T03:30:00Z,0.451,1.55,0.451,2026-09-24T03:30:00.685113+00:00,down,up,0.0,-0.451,2026-09-24T03:49:06.545003+00:00
ETH,KXETH15M-26SEP232345-45,eth-updown-15m-1790220600,A,2026-09-24T03:30:00+00:00,2026-09-24T03:45:00Z,0.76,0.76,1.24,2026-09-24T03:38:07.211811+00:00,up,up,1.0,0.24,2026-09-24T03:49:06.545003+00:00
ETH,KXETH15M-26SEP240000-00,eth-updown-15m-1790221500,B,2026-09-24T03:45:00+00:00,2026-09-24T04:00:00Z,0.528,1.333,0.528,2026-09-24T03:58:48.518370+00:00,up,up,1.0,0.472,2026-09-24T04:04:45.023783+00:00
ETH,KXETH15M-26SEP240015-15,eth-updown-15m-1790222400,A,2026-09-24T04:00:00+00:00,2026-09-24T04:15:00Z,0.79,0.79,1.22,2026-09-24T04:08:42.222792+00:00,down,down,1.0,0.21,2026-09-24T04:20:46.578844+00:00
BTC,KXBTC15M-26SEP240000-00,btc-updown-15m-1790222400,B,2026-09-24T04:00:00+00:00,2026-09-24T04:00:00Z,0.411,1.58,0.411,2026-09-24T04:00:02.623528+00:00,down,down,1.0,0.589,2026-09-24T04:21:25.728924+00:00
BTC,KXBTC15M-26SEP240015-15,btc-updown-15m-1790222400,A,2026-09-24T04:00:00+00:00,2026-09-24T04:15:00Z,0.79,0.79,1.21,2026-09-24T04:00:51.310243+00:00,down,down,1.0,0.21,2026-09-24T04:21:25.728924+00:00
ETH,KXETH15M-26SEP240030-30,eth-updown-15m-1790223300,A,2026-09-24T04:15:00+00:00,2026-09-24T04:30:00Z,0.79,0.79,1.16,2026-09-24T04:24:04.493194+00:00,up,up,1.0,0.21,2026-09-24T04:35:43.019991+00:00
BTC,KXBTC15M-26SEP240030-30,btc-updown-15m-1790224200,A,2026-09-24T04:30:00+00:00,2026-09-24T04:30:00Z,0.551,0.551,1.44,2026-09-24T04:30:04.287304+00:00,up,down,0.0,-0.551,2026-09-24T04:49:37.798487+00:00
ETH,KXETH15M-26SEP240100-00,eth-updown-15m-1790225100,B,2026-09-24T04:45:00+00:00,2026-09-24T05:00:00Z,0.79,1.21,0.79,2026-09-24T04:52:15.575947+00:00,up,up,1.0,0.21,2026-09-24T05:03:05.016286+00:00
BTC,KXBTC15M-26SEP240045-45,btc-updown-15m-1790225100,B,2026-09-24T04:45:00+00:00,2026-09-24T04:45:00Z,0.461,1.53,0.461,2026-09-24T04:45:04.492875+00:00,down,up,0.0,-0.461,2026-09-24T05:03:17.199588+00:00
BTC,KXBTC15M-26SEP240100-00,btc-updown-15m-1790225100,A,2026-09-24T04:45:00+00:00,2026-09-24T05:00:00Z,0.77,0.77,1.23,2026-09-24T04:47:36.448184+00:00,up,up,1.0,0.23,2026-09-24T05:03:17.199588+00:00
BTC,KXBTC15M-26SEP240115-15,btc-updown-15m-1790226900,A,2026-09-24T05:15:00+00:00,2026-09-24T05:15:00Z,0.481,0.481,1.51,2026-09-24T05:15:01.431879+00:00,up,down,0.0,-0.481,2026-09-24T05:33:11.474802+00:00
BTC,KXBTC15M-26SEP240130-30,btc-updown-15m-1790226900,B,2026-09-24T05:15:00+00:00,2026-09-24T05:30:00Z,0.73,1.27,0.73,2026-09-24T05:26:41.509745+00:00,down,down,1.0,0.27,2026-09-24T05:33:11.474802+00:00
ETH,KXETH15M-26SEP240115-15,eth-updown-15m-1790226900,A,2026-09-24T05:15:00+00:00,2026-09-24T05:15:00Z,0.451,0.451,1.54,2026-09-24T05:15:01.431879+00:00,up,up,1.0,0.549,2026-09-24T05:35:52.011297+00:00
ETH,KXETH15M-26SEP240130-30,eth-updown-15m-1790226900,B,2026-09-24T05:15:00+00:00,2026-09-24T05:30:00Z,0.77,1.23,0.77,2026-09-24T05:26:41.509745+00:00,up,up,1.0,0.23,2026-09-24T05:35:52.011297+00:00
BTC,KXBTC15M-26SEP240145-45,btc-updown-15m-1790227800,B,2026-09-24T05:30:00+00:00,2026-09-24T05:45:00Z,0.78,1.22,0.78,2026-09-24T05:38:24.810813+00:00,up,up,1.0,0.22,2026-09-24T05:47:56.718590+00:00
ETH,KXETH15M-26SEP240145-45,eth-updown-15m-1790227800,A,2026-09-24T05:30:00+00:00,2026-09-24T05:45:00Z,0.79,0.79,1.21,2026-09-24T05:30:28.600816+00:00,down,down,1.0,0.21,2026-09-24T05:48:32.885070+00:00
BTC,KXBTC15M-26SEP240200-00,btc-updown-15m-1790228700,A,2026-09-24T05:45:00+00:00,2026-09-24T06:00:00Z,0.79,0.79,1.21,2026-09-24T05:55:03.570499+00:00,down,down,1.0,0.21,2026-09-24T06:02:44.486784+00:00
ETH,KXETH15M-26SEP240200-00,eth-updown-15m-1790229600,B,2026-09-24T06:00:00+00:00,2026-09-24T06:00:00Z,0.551,1.35,0.551,2026-09-24T06:00:00.235505+00:00,down,up,0.0,-0.551,2026-09-24T06:17:42.799571+00:00
BTC,KXBTC15M-26SEP240215-15,btc-updown-15m-1790229600,A,2026-09-24T06:00:00+00:00,2026-09-24T06:15:00Z,0.78,0.78,1.22,2026-09-24T06:03:06.754867+00:00,up,up,1.0,0.22,2026-09-24T06:21:30.065915+00:00
ETH,KXETH15M-26SEP240215-15,eth-updown-15m-1790230500,A,2026-09-24T06:15:00+00:00,2026-09-24T06:15:00Z,0.421,0.421,1.49,2026-09-24T06:15:00.677447+00:00,up,up,1.0,0.579,2026-09-24T06:33:17.959190+00:00
ETH,KXETH15M-26SEP240230-30,eth-updown-15m-1790230500,B,2026-09-24T06:15:00+00:00,2026-09-24T06:30:00Z,0.79,1.21,0.79,2026-09-24T06:18:49.085443+00:00,up,up,1.0,0.21,2026-09-24T06:33:17.959190+00:00
BTC,KXBTC15M-26SEP240230-30,btc-updown-15m-1790230500,B,2026-09-24T06:15:00+00:00,2026-09-24T06:30:00Z,0.77,1.22,0.77,2026-09-24T06:24:34.601650+00:00,up,up,1.0,0.23,2026-09-24T06:35:11.115632+00:00
BTC,KXBTC15M-26SEP240245-45,btc-updown-15m-1790231400,B,2026-09-24T06:30:00+00:00,2026-09-24T06:45:00Z,0.71,1.27,0.71,2026-09-24T06:42:03.558365+00:00,up,up,1.0,0.29,2026-09-24T06:50:10.978196+00:00
ETH,KXETH15M-26SEP240245-45,eth-updown-15m-1790231400,A,2026-09-24T06:30:00+00:00,2026-09-24T06:45:00Z,0.76,0.76,1.23,2026-09-24T06:33:23.399251+00:00,up,up,1.0,0.24,2026-09-24T06:51:00.616676+00:00
BTC,KXBTC15M-26SEP240300-00,btc-updown-15m-1790233200,B,2026-09-24T07:00:00+00:00,2026-09-24T07:00:00Z,0.551,1.44,0.551,2026-09-24T07:00:02.552338+00:00,down,down,1.0,0.449,2026-09-24T09:00:12.542687+00:00
ETH,KXETH15M-26SEP240300-00,eth-updown-15m-1790233200,B,2026-09-24T07:00:00+00:00,2026-09-24T07:00:00Z,0.541,1.45,0.541,2026-09-24T07:00:02.552338+00:00,down,down,1.0,0.459,2026-09-24T09:00:17.850939+00:00
ETH,KXETH15M-26SEP240515-15,eth-updown-15m-1790240400,B,2026-09-24T09:00:00+00:00,2026-09-24T09:15:00Z,0.79,1.2,0.79,2026-09-24T09:05:21.367131+00:00,down,down,1.0,0.21,2026-09-24T09:19:25.794956+00:00
BTC,KXBTC15M-26SEP240515-15,btc-updown-15m-1790240400,A,2026-09-24T09:00:00+00:00,2026-09-24T09:15:00Z,0.76,0.76,1.24,2026-09-24T09:11:48.466307+00:00,down,down,1.0,0.24,2026-09-24T09:19:47.886625+00:00
BTC,KXBTC15M-26SEP240530-30,btc-updown-15m-1790241300,B,2026-09-24T09:15:00+00:00,2026-09-24T09:30:00Z,0.79,1.21,0.79,2026-09-24T09:20:03.744846+00:00,down,down,1.0,0.21,2026-09-24T09:35:25.405849+00:00
ETH,KXETH15M-26SEP240530-30,eth-updown-15m-1790241300,B,2026-09-24T09:15:00+00:00,2026-09-24T09:30:00Z,0.79,1.19,0.79,2026-09-24T09:19:52.943328+00:00,down,down,1.0,0.21,2026-09-24T09:37:25.670286+00:00
BTC,KXBTC15M-26SEP240545-45,btc-updown-15m-1790242200,A,2026-09-24T09:30:00+00:00,2026-09-24T09:45:00Z,0.79,0.79,1.21,2026-09-24T09:38:21.505616+00:00,down,down,1.0,0.21,2026-09-24T09:50:51.061852+00:00
ETH,KXETH15M-26SEP240545-45,eth-updown-15m-1790243100,B,2026-09-24T09:45:00+00:00,2026-09-24T09:45:00Z,0.481,1.51,0.481,2026-09-24T09:45:02.482819+00:00,down,up,0.0,-0.481,2026-09-24T10:05:28.232263+00:00
BTC,KXBTC15M-26SEP240600-00,btc-updown-15m-1790243100,A,2026-09-24T09:45:00+00:00,2026-09-24T10:00:00Z,0.75,0.75,1.25,2026-09-24T09:46:03.361120+00:00,up,up,1.0,0.25,2026-09-24T10:06:23.198087+00:00
BTC,KXBTC15M-26SEP240615-15,btc-updown-15m-1790244000,B,2026-09-24T10:00:00+00:00,2026-09-24T10:15:00Z,0.77,1.23,0.77,2026-09-24T10:09:37.980580+00:00,down,down,1.0,0.23,2026-09-24T10:18:57.223296+00:00
ETH,KXETH15M-26SEP240600-00,eth-updown-15m-1790244000,A,2026-09-24T10:00:00+00:00,2026-09-24T10:00:00Z,0.471,0.471,1.52,2026-09-24T10:00:01.793429+00:00,up,down,0.0,-0.471,2026-09-24T10:21:37.133248+00:00
ETH,KXETH15M-26SEP240615-15,eth-updown-15m-1790244000,A,2026-09-24T10:00:00+00:00,2026-09-24T10:15:00Z,0.75,0.75,1.25,2026-09-24T10:07:39.943724+00:00,down,down,1.0,0.25,2026-09-24T10:21:37.133248+00:00
BTC,KXBTC15M-26SEP240630-30,btc-updown-15m-1790244900,B,2026-09-24T10:15:00+00:00,2026-09-24T10:30:00Z,0.78,1.23,0.78,2026-09-24T10:23:06.404605+00:00,up,up,1.0,0.22,2026-09-24T10:36:56.654533+00:00
ETH,KXETH15M-26SEP240630-30,eth-updown-15m-1790244900,B,2026-09-24T10:15:00+00:00,2026-09-24T10:30:00Z,0.71,1.28,0.71,2026-09-24T10:23:06.404605+00:00,up,up,1.0,0.29,2026-09-24T10:37:26.239933+00:00
ETH,KXETH15M-26SEP240645-45,eth-updown-15m-1790245800,B,2026-09-24T10:30:00+00:00,2026-09-24T10:45:00Z,0.73,1.24,0.73,2026-09-24T10:38:18.124607+00:00,up,up,1.0,0.27,2026-09-24T10:47:43.190452+00:00
BTC,KXBTC15M-26SEP240645-45,btc-updown-15m-1790246700,A,2026-09-24T10:45:00+00:00,2026-09-24T10:45:00Z,0.461,0.461,1.53,2026-09-24T10:45:03.798204+00:00,up,up,1.0,0.539,2026-09-24T11:03:22.715545+00:00
BTC,KXBTC15M-26SEP240700-00,btc-updown-15m-1790247600,A,2026-09-24T11:00:00+00:00,2026-09-24T11:00:00Z,0.501,0.501,1.49,2026-09-24T11:00:00.251856+00:00,up,up,1.0,0.499,2026-09-24T11:17:09.335152+00:00
BTC,KXBTC15M-26SEP240715-15,btc-updown-15m-1790247600,A,2026-09-24T11:00:00+00:00,2026-09-24T11:15:00Z,0.71,0.71,1.29,2026-09-24T11:10:53.752023+00:00,up,up,1.0,0.29,2026-09-24T11:17:09.335152+00:00
ETH,KXETH15M-26SEP240700-00,eth-updown-15m-1790247600,A,2026-09-24T11:00:00+00:00,2026-09-24T11:00:00Z,0.421,0.421,1.48,2026-09-24T11:00:00.251856+00:00,up,up,1.0,0.579,2026-09-24T11:19:15.529575+00:00
ETH,KXETH15M-26SEP240715-15,eth-updown-15m-1790247600,A,2026-09-24T11:00:00+00:00,2026-09-24T11:15:00Z,0.789,0.789,1.202,2026-09-24T11:13:54.360200+00:00,up,up,1.0,0.211,2026-09-24T11:19:15.529575+00:00
ETH,KXETH15M-26SEP240730-30,eth-updown-15m-1790248500,A,2026-09-24T11:15:00+00:00,2026-09-24T11:30:00Z,0.72,0.72,1.3,2026-09-24T11:27:13.098052+00:00,down,down,1.0,0.28,2026-09-24T11:34:25.332721+00:00
BTC,KXBTC15M-26SEP240730-30,btc-updown-15m-1790249400,B,2026-09-24T11:30:00+00:00,2026-09-24T11:30:00Z,0.491,1.5,0.491,2026-09-24T11:30:02.875106+00:00,down,down,1.0,0.509,2026-09-24T11:51:59.624396+00:00
BTC,KXBTC15M-26SEP240745-45,btc-updown-15m-1790250300,B,2026-09-24T11:45:00+00:00,2026-09-24T11:45:00Z,0.451,1.54,0.451,2026-09-24T11:45:02.698197+00:00,down,up,0.0,-0.451,2026-09-24T12:04:18.883407+00:00
BTC,KXBTC15M-26SEP240800-00,btc-updown-15m-1790250300,A,2026-09-24T11:45:00+00:00,2026-09-24T12:00:00Z,0.64,0.64,1.36,2026-09-24T11:52:43.726163+00:00,up,up,1.0,0.36,2026-09-24T12:04:18.883407+00:00
ETH,KXETH15M-26SEP240745-45,eth-updown-15m-1790250300,B,2026-09-24T11:45:00+00:00,2026-09-24T11:45:00Z,0.481,1.51,0.481,2026-09-24T11:45:02.698197+00:00,down,up,0.0,-0.481,2026-09-24T12:05:27.870928+00:00
ETH,KXETH15M-26SEP240800-00,eth-updown-15m-1790250300,A,2026-09-24T11:45:00+00:00,2026-09-24T12:00:00Z,0.54,0.54,1.46,2026-09-24T11:52:43.726163+00:00,up,up,1.0,0.46,2026-09-24T12:05:27.870928+00:00
BTC,KXBTC15M-26SEP240815-15,btc-updown-15m-1790251200,B,2026-09-24T12:00:00+00:00,2026-09-24T12:15:00Z,0.76,1.24,0.76,2026-09-24T12:08:50.080915+00:00,up,up,1.0,0.24,2026-09-24T12:18:16.726006+00:00
ETH,KXETH15M-26SEP240815-15,eth-updown-15m-1790251200,B,2026-09-24T12:00:00+00:00,2026-09-24T12:15:00Z,0.7,1.29,0.7,2026-09-24T12:08:50.080915+00:00,up,up,1.0,0.3,2026-09-24T12:20:07.176677+00:00
BTC,KXBTC15M-26SEP240830-30,btc-updown-15m-1790252100,A,2026-09-24T12:15:00+00:00,2026-09-24T12:30:00Z,0.751,0.751,1.23,2026-09-24T12:25:29.366954+00:00,up,up,1.0,0.249,2026-09-24T12:35:46.425935+00:00
ETH,KXETH15M-26SEP240830-30,eth-updown-15m-1790252100,A,2026-09-24T12:15:00+00:00,2026-09-24T12:30:00Z,0.79,0.79,1.2,2026-09-24T12:26:33.188329+00:00,up,up,1.0,0.21,2026-09-24T12:35:57.744963+00:00
BTC,KXBTC15M-26SEP240845-45,btc-updown-15m-1790253000,B,2026-09-24T12:30:00+00:00,2026-09-24T12:45:00Z,0.765,1.227,0.765,2026-09-24T12:42:21.376675+00:00,down,down,1.0,0.235,2026-09-24T12:48:44.570912+00:00
ETH,KXETH15M-26SEP240845-45,eth-updown-15m-1790253900,B,2026-09-24T12:45:00+00:00,2026-09-24T12:45:00Z,0.391,1.52,0.391,2026-09-24T12:45:01.247341+00:00,down,up,0.0,-0.391,2026-09-24T13:02:23.172155+00:00
ETH,KXETH15M-26SEP240900-00,eth-updown-15m-1790253900,B,2026-09-24T12:45:00+00:00,2026-09-24T13:00:00Z,0.73,1.26,0.73,2026-09-24T12:51:08.953113+00:00,up,up,1.0,0.27,2026-09-24T13:02:23.172155+00:00
ETH,KXETH15M-26SEP240915-15,eth-updown-15m-1790255700,A,2026-09-24T13:15:00+00:00,2026-09-24T13:15:00Z,0.451,0.451,1.54,2026-09-24T13:15:01.149165+00:00,up,up,1.0,0.549,2026-09-24T13:34:39.376021+00:00
BTC,KXBTC15M-26SEP240915-15,btc-updown-15m-1790255700,A,2026-09-24T13:15:00+00:00,2026-09-24T13:15:00Z,0.481,0.481,1.5,2026-09-24T13:15:01.149165+00:00,up,up,1.0,0.519,2026-09-24T13:36:57.603672+00:00
ETH,KXETH15M-26SEP240930-30,eth-updown-15m-1790256600,A,2026-09-24T13:30:00+00:00,2026-09-24T13:30:00Z,0.401,0.401,1.53,2026-09-24T13:30:00.383755+00:00,up,up,1.0,0.599,2026-09-24T13:48:06.049557+00:00
BTC,KXBTC15M-26SEP240930-30,btc-updown-15m-1790256600,A,2026-09-24T13:30:00+00:00,2026-09-24T13:30:00Z,0.452,0.452,1.539,2026-09-24T13:30:00.383755+00:00,up,up,1.0,0.548,2026-09-24T13:50:16.251726+00:00
ETH,KXETH15M-26SEP240945-45,eth-updown-15m-1790257500,A,2026-09-24T13:45:00+00:00,2026-09-24T13:45:00Z,0.431,0.431,1.57,2026-09-24T13:45:03.222168+00:00,up,up,1.0,0.569,2026-09-24T14:06:02.091507+00:00
ETH,KXETH15M-26SEP241000-00,eth-updown-15m-1790258400,A,2026-09-24T14:00:00+00:00,2026-09-24T14:00:00Z,0.441,0.441,1.55,2026-09-24T14:00:03.735693+00:00,up,down,0.0,-0.441,2026-09-24T14:17:26.083888+00:00
ETH,KXETH15M-26SEP241015-15,eth-updown-15m-1790258400,B,2026-09-24T14:00:00+00:00,2026-09-24T14:15:00Z,0.77,1.22,0.77,2026-09-24T14:02:31.470113+00:00,down,down,1.0,0.23,2026-09-24T14:17:26.083888+00:00
BTC,KXBTC15M-26SEP241000-00,btc-updown-15m-1790258400,A,2026-09-24T14:00:00+00:00,2026-09-24T14:00:00Z,0.461,0.461,1.53,2026-09-24T14:00:03.735693+00:00,up,up,1.0,0.539,2026-09-24T14:18:27.517594+00:00
BTC,KXBTC15M-26SEP241015-15,btc-updown-15m-1790258400,B,2026-09-24T14:00:00+00:00,2026-09-24T14:15:00Z,0.77,1.23,0.77,2026-09-24T14:02:25.363372+00:00,up,up,1.0,0.23,2026-09-24T14:18:27.517594+00:00
BTC,KXBTC15M-26SEP241030-30,btc-updown-15m-1790260200,A,2026-09-24T14:30:00+00:00,2026-09-24T14:30:00Z,0.441,0.441,1.55,2026-09-24T14:30:02.946257+00:00,up,down,0.0,-0.441,2026-09-24T14:48:36.035935+00:00
ETH,KXETH15M-26SEP241030-30,eth-updown-15m-1790260200,A,2026-09-24T14:30:00+00:00,2026-09-24T14:30:00Z,0.411,0.411,1.58,2026-09-24T14:30:02.946257+00:00,up,down,0.0,-0.411,2026-09-24T14:52:24.839965+00:00
ETH,KXETH15M-26SEP241045-45,eth-updown-15m-1790260200,B,2026-09-24T14:30:00+00:00,2026-09-24T14:45:00Z,0.72,1.28,0.72,2026-09-24T14:32:15.092698+00:00,down,down,1.0,0.28,2026-09-24T14:52:24.839965+00:00
BTC,KXBTC15M-26SEP241045-45,btc-updown-15m-1790261100,B,2026-09-24T14:45:00+00:00,2026-09-24T14:45:00Z,0.511,1.48,0.511,2026-09-24T14:45:05.033844+00:00,down,down,1.0,0.489,2026-09-24T15:04:44.471861+00:00
ETH,KXETH15M-26SEP241100-00,eth-updown-15m-1790262000,B,2026-09-24T15:00:00+00:00,2026-09-24T15:00:00Z,0.571,1.51,0.571,2026-09-24T15:00:04.711287+00:00,down,up,0.0,-0.571,2026-09-24T15:18:40.491933+00:00
BTC,KXBTC15M-26SEP241100-00,btc-updown-15m-1790262000,B,2026-09-24T15:00:00+00:00,2026-09-24T15:00:00Z,0.501,1.5,0.501,2026-09-24T15:00:04.711287+00:00,down,up,0.0,-0.501,2026-09-24T15:20:20.979859+00:00
BTC,KXBTC15M-26SEP241115-15,btc-updown-15m-1790262900,A,2026-09-24T15:15:00+00:00,2026-09-24T15:15:00Z,0.481,0.481,1.51,2026-09-24T15:15:00.454336+00:00,up,up,1.0,0.519,2026-09-24T15:34:29.875974+00:00
ETH,KXETH15M-26SEP241115-15,eth-updown-15m-1790262900,A,2026-09-24T15:15:00+00:00,2026-09-24T15:15:00Z,0.491,0.491,1.41,2026-09-24T15:15:00.454336+00:00,up,up,1.0,0.509,2026-09-24T15:34:46.811918+00:00
BTC,KXBTC15M-26SEP241130-30,btc-updown-15m-1790263800,A,2026-09-24T15:30:00+00:00,2026-09-24T15:30:00Z,0.491,0.491,1.5,2026-09-24T15:30:03.939902+00:00,up,up,1.0,0.509,2026-09-24T15:48:59.693814+00:00
ETH,KXETH15M-26SEP241130-30,eth-updown-15m-1790263800,A,2026-09-24T15:30:00+00:00,2026-09-24T15:30:00Z,0.491,0.491,1.48,2026-09-24T15:30:03.939902+00:00,up,up,1.0,0.509,2026-09-24T15:51:37.255671+00:00
ETH,KXETH15M-26SEP241145-45,eth-updown-15m-1790264700,A,2026-09-24T15:45:00+00:00,2026-09-24T15:45:00Z,0.491,0.491,1.5,2026-09-24T15:45:01.414962+00:00,up,up,1.0,0.509,2026-09-24T16:06:02.437007+00:00
ETH,KXETH15M-26SEP241200-00,eth-updown-15m-1790264700,B,2026-09-24T15:45:00+00:00,2026-09-24T16:00:00Z,0.79,1.21,0.79,2026-09-24T15:56:46.583579+00:00,up,up,1.0,0.21,2026-09-24T16:06:02.437007+00:00
BTC,KXBTC15M-26SEP241145-45,btc-updown-15m-1790264700,A,2026-09-24T15:45:00+00:00,2026-09-24T15:45:00Z,0.581,0.581,1.41,2026-09-24T15:45:01.414962+00:00,up,up,1.0,0.419,2026-09-24T16:06:23.076536+00:00
BTC,KXBTC15M-26SEP241200-00,btc-updown-15m-1790264700,A,2026-09-24T15:45:00+00:00,2026-09-24T16:00:00Z,0.76,0.76,1.24,2026-09-24T15:57:37.417312+00:00,up,up,1.0,0.24,2026-09-24T16:06:23.076536+00:00
BTC,KXBTC15M-26SEP241215-15,btc-updown-15m-1790265600,A,2026-09-24T16:00:00+00:00,2026-09-24T16:15:00Z,0.79,0.79,1.21,2026-09-24T16:00:46.058097+00:00,down,down,1.0,0.21,2026-09-24T16:20:48.691819+00:00
ETH,KXETH15M-26SEP241215-15,eth-updown-15m-1790265600,A,2026-09-24T16:00:00+00:00,2026-09-24T16:15:00Z,0.79,0.79,1.21,2026-09-24T16:00:39.949189+00:00,down,down,1.0,0.21,2026-09-24T16:21:54.622923+00:00
BTC,KXBTC15M-26SEP241230-30,btc-updown-15m-1790267400,A,2026-09-24T16:30:00+00:00,2026-09-24T16:30:00Z,0.381,0.381,1.61,2026-09-24T16:30:23.567504+00:00,up,down,0.0,-0.381,2026-09-24T16:48:06.217412+00:00
BTC,KXBTC15M-26SEP241245-45,btc-updown-15m-1790267400,B,2026-09-24T16:30:00+00:00,2026-09-24T16:45:00Z,0.75,1.25,0.75,2026-09-24T16:40:38.306499+00:00,down,down,1.0,0.25,2026-09-24T16:48:06.217412+00:00
ETH,KXETH15M-26SEP241245-45,eth-updown-15m-1790267400,B,2026-09-24T16:30:00+00:00,2026-09-24T16:45:00Z,0.69,1.31,0.69,2026-09-24T16:40:32.742347+00:00,down,down,1.0,0.31,2026-09-24T16:49:58.698598+00:00
BTC,KXBTC15M-26SEP241300-00,btc-updown-15m-1790269200,B,2026-09-24T17:00:00+00:00,2026-09-24T17:00:00Z,0.621,1.35,0.621,2026-09-24T17:00:03.951918+00:00,down,down,1.0,0.379,2026-09-24T17:17:47.062066+00:00
ETH,KXETH15M-26SEP241300-00,eth-updown-15m-1790269200,B,2026-09-24T17:00:00+00:00,2026-09-24T17:00:00Z,0.601,1.39,0.601,2026-09-24T17:00:03.951918+00:00,down,down,1.0,0.399,2026-09-24T17:18:10.599997+00:00
ETH,KXETH15M-26SEP241315-15,eth-updown-15m-1790269200,A,2026-09-24T17:00:00+00:00,2026-09-24T17:15:00Z,0.78,0.78,1.23,2026-09-24T17:04:13.827381+00:00,down,down,1.0,0.22,2026-09-24T17:18:10.599997+00:00
BTC,KXBTC15M-26SEP241315-15,btc-updown-15m-1790270100,B,2026-09-24T17:15:00+00:00,2026-09-24T17:15:00Z,0.511,1.48,0.511,2026-09-24T17:15:02.041635+00:00,down,down,1.0,0.489,2026-09-24T17:33:54.162848+00:00
ETH,KXETH15M-26SEP241330-30,eth-updown-15m-1790271000,B,2026-09-24T17:30:00+00:00,2026-09-24T17:30:00Z,0.451,1.54,0.451,2026-09-24T17:30:04.121402+00:00,down,down,1.0,0.549,2026-09-24T17:49:09.262445+00:00
BTC,KXBTC15M-26SEP241400-00,btc-updown-15m-1790271900,A,2026-09-24T17:45:00+00:00,2026-09-24T18:00:00Z,0.79,0.79,1.2,2026-09-24T17:51:42.219713+00:00,down,down,1.0,0.21,2026-09-24T18:03:00.276628+00:00
ETH,KXETH15M-26SEP241345-45,eth-updown-15m-1790271900,B,2026-09-24T17:45:00+00:00,2026-09-24T17:45:00Z,0.511,1.48,0.511,2026-09-24T17:45:03.636382+00:00,down,down,1.0,0.489,2026-09-24T18:08:17.944094+00:00
ETH,KXETH15M-26SEP241400-00,eth-updown-15m-1790271900,B,2026-09-24T17:45:00+00:00,2026-09-24T18:00:00Z,0.79,1.2,0.79,2026-09-24T17:56:12.741192+00:00,down,down,1.0,0.21,2026-09-24T18:08:17.944094+00:00
ETH,KXETH15M-26SEP241415-15,eth-updown-15m-1790272800,B,2026-09-24T18:00:00+00:00,2026-09-24T18:15:00Z,0.66,1.34,0.66,2026-09-24T18:08:39.635899+00:00,up,up,1.0,0.34,2026-09-24T18:18:39.971048+00:00
BTC,KXBTC15M-26SEP241415-15,btc-updown-15m-1790273700,A,2026-09-24T18:15:00+00:00,2026-09-24T18:15:00Z,0.571,0.571,1.42,2026-09-24T18:15:01.536257+00:00,up,up,1.0,0.429,2026-09-24T18:34:00.470219+00:00
ETH,KXETH15M-26SEP241430-30,eth-updown-15m-1790274600,A,2026-09-24T18:30:00+00:00,2026-09-24T18:30:00Z,0.441,0.441,1.52,2026-09-24T18:30:00.690336+00:00,up,up,1.0,0.559,2026-09-24T18:50:48.449904+00:00
ETH,KXETH15M-26SEP241445-45,eth-updown-15m-1790274600,B,2026-09-24T18:30:00+00:00,2026-09-24T18:45:00Z,0.62,1.4,0.62,2026-09-24T18:38:43.369938+00:00,up,up,1.0,0.38,2026-09-24T18:50:48.449904+00:00
BTC,KXBTC15M-26SEP241430-30,btc-updown-15m-1790274600,A,2026-09-24T18:30:00+00:00,2026-09-24T18:30:00Z,0.451,0.451,1.53,2026-09-24T18:30:00.690336+00:00,up,down,0.0,-0.451,2026-09-24T18:51:42.978966+00:00
BTC,KXBTC15M-26SEP241445-45,btc-updown-15m-1790274600,B,2026-09-24T18:30:00+00:00,2026-09-24T18:45:00Z,0.5,1.52,0.5,2026-09-24T18:38:43.369938+00:00,down,down,1.0,0.5,2026-09-24T18:51:42.978966+00:00
BTC,KXBTC15M-26SEP241500-00,btc-updown-15m-1790275500,B,2026-09-24T18:45:00+00:00,2026-09-24T19:00:00Z,0.74,1.26,0.74,2026-09-24T18:50:53.791071+00:00,up,up,1.0,0.26,2026-09-24T19:04:26.986440+00:00
ETH,KXETH15M-26SEP241500-00,eth-updown-15m-1790276400,A,2026-09-24T19:00:00+00:00,2026-09-24T19:00:00Z,0.441,0.441,1.55,2026-09-24T19:00:01.635271+00:00,up,up,1.0,0.559,2026-09-24T19:18:17.694060+00:00
ETH,KXETH15M-26SEP241515-15,eth-updown-15m-1790276400,B,2026-09-24T19:00:00+00:00,2026-09-24T19:15:00Z,0.51,1.457,0.51,2026-09-24T19:13:37.594672+00:00,up,up,1.0,0.49,2026-09-24T19:18:17.694060+00:00
BTC,KXBTC15M-26SEP241515-15,btc-updown-15m-1790276400,B,2026-09-24T19:00:00+00:00,2026-09-24T19:15:00Z,0.78,1.22,0.78,2026-09-24T19:09:51.328037+00:00,up,up,1.0,0.22,2026-09-24T19:20:54.838334+00:00
BTC,KXBTC15M-26SEP241530-30,btc-updown-15m-1790277300,B,2026-09-24T19:15:00+00:00,2026-09-24T19:30:00Z,0.79,1.21,0.79,2026-09-24T19:27:28.664392+00:00,up,up,1.0,0.21,2026-09-24T19:33:26.806805+00:00
ETH,KXETH15M-26SEP241530-30,eth-updown-15m-1790278200,A,2026-09-24T19:30:00+00:00,2026-09-24T19:30:00Z,0.461,0.461,1.53,2026-09-24T19:30:02.942644+00:00,up,down,0.0,-0.461,2026-09-24T19:48:23.273776+00:00
ETH,KXETH15M-26SEP241545-45,eth-updown-15m-1790279100,B,2026-09-24T19:45:00+00:00,2026-09-24T19:45:00Z,0.522,1.47,0.522,2026-09-24T19:45:01.550563+00:00,down,down,1.0,0.478,2026-09-24T20:02:16.620512+00:00
ETH,KXETH15M-26SEP241600-00,eth-updown-15m-1790279100,A,2026-09-24T19:45:00+00:00,2026-09-24T20:00:00Z,0.78,0.78,1.22,2026-09-24T19:56:34.600552+00:00,down,down,1.0,0.22,2026-09-24T20:02:16.620512+00:00
BTC,KXBTC15M-26SEP241545-45,btc-updown-15m-1790279100,B,2026-09-24T19:45:00+00:00,2026-09-24T19:45:00Z,0.551,1.43,0.551,2026-09-24T19:45:01.550563+00:00,down,down,1.0,0.449,2026-09-24T20:03:36.384343+00:00
BTC,KXBTC15M-26SEP241600-00,btc-updown-15m-1790279100,A,2026-09-24T19:45:00+00:00,2026-09-24T20:00:00Z,0.51,0.51,1.51,2026-09-24T19:56:34.600552+00:00,down,down,1.0,0.49,2026-09-24T20:03:36.384343+00:00
BTC,KXBTC15M-26SEP241615-15,btc-updown-15m-1790280000,B,2026-09-24T20:00:00+00:00,2026-09-24T20:15:00Z,0.78,1.22,0.78,2026-09-24T20:04:15.039334+00:00,down,down,1.0,0.22,2026-09-24T20:20:42.080277+00:00
BTC,KXBTC15M-26SEP241630-30,btc-updown-15m-1790280900,B,2026-09-24T20:15:00+00:00,2026-09-24T20:30:00Z,0.74,1.251,0.74,2026-09-24T20:28:29.662407+00:00,down,down,1.0,0.26,2026-09-24T20:33:56.069525+00:00
ETH,KXETH15M-26SEP241615-15,eth-updown-15m-1790280900,B,2026-09-24T20:15:00+00:00,2026-09-24T20:15:00Z,0.581,1.4,0.581,2026-09-24T20:15:02.316860+00:00,down,down,1.0,0.419,2026-09-24T20:35:48.038982+00:00
ETH,KXETH15M-26SEP241630-30,eth-updown-15m-1790280900,A,2026-09-24T20:15:00+00:00,2026-09-24T20:30:00Z,0.79,0.79,1.21,2026-09-24T20:23:11.352475+00:00,down,down,1.0,0.21,2026-09-24T20:35:48.038982+00:00
ETH,KXETH15M-26SEP241645-45,eth-updown-15m-1790281800,A,2026-09-24T20:30:00+00:00,2026-09-24T20:45:00Z,0.78,0.78,1.22,2026-09-24T20:30:31.029294+00:00,up,up,1.0,0.22,2026-09-24T20:52:03.010979+00:00
BTC,KXBTC15M-26SEP241645-45,btc-updown-15m-1790282700,A,2026-09-24T20:45:00+00:00,2026-09-24T20:45:00Z,0.441,0.441,1.55,2026-09-24T20:45:04.169198+00:00,up,down,0.0,-0.441,2026-09-24T21:05:02.666329+00:00
BTC,KXBTC15M-26SEP241700-00,btc-updown-15m-1790282700,B,2026-09-24T20:45:00+00:00,2026-09-24T21:00:00Z,0.79,1.21,0.79,2026-09-24T20:49:17.055066+00:00,down,down,1.0,0.21,2026-09-24T21:05:02.666329+00:00
ETH,KXETH15M-26SEP241700-00,eth-updown-15m-1790282700,B,2026-09-24T20:45:00+00:00,2026-09-24T21:00:00Z,0.78,1.21,0.78,2026-09-24T20:49:11.030071+00:00,down,down,1.0,0.22,2026-09-24T21:07:04.395301+00:00
BTC,KXBTC15M-26SEP241715-15,btc-updown-15m-1790283600,B,2026-09-24T21:00:00+00:00,2026-09-24T21:15:00Z,0.75,1.24,0.75,2026-09-24T21:12:19.338465+00:00,down,down,1.0,0.25,2026-09-24T21:19:51.497724+00:00
ETH,KXETH15M-26SEP241715-15,eth-updown-15m-1790283600,A,2026-09-24T21:00:00+00:00,2026-09-24T21:15:00Z,0.77,0.77,1.23,2026-09-24T21:06:25.608208+00:00,down,down,1.0,0.23,2026-09-24T21:21:59.520464+00:00
BTC,KXBTC15M-26SEP241730-30,btc-updown-15m-1790284500,B,2026-09-24T21:15:00+00:00,2026-09-24T21:30:00Z,0.77,1.23,0.77,2026-09-24T21:15:54.944914+00:00,up,up,1.0,0.23,2026-09-24T21:35:00.909290+00:00
BTC,KXBTC15M-26SEP241745-45,btc-updown-15m-1790285400,B,2026-09-24T21:30:00+00:00,2026-09-24T21:45:00Z,0.77,1.23,0.77,2026-09-24T21:40:08.468435+00:00,up,up,1.0,0.23,2026-09-24T21:48:40.340428+00:00
ETH,KXETH15M-26SEP241730-30,eth-updown-15m-1790285400,A,2026-09-24T21:30:00+00:00,2026-09-24T21:30:00Z,0.481,0.481,1.44,2026-09-24T21:30:00.743286+00:00,up,up,1.0,0.519,2026-09-24T21:52:20.289471+00:00
ETH,KXETH15M-26SEP241745-45,eth-updown-15m-1790285400,A,2026-09-24T21:30:00+00:00,2026-09-24T21:45:00Z,0.525,0.525,1.478,2026-09-24T21:43:22.292030+00:00,up,up,1.0,0.475,2026-09-24T21:52:20.289471+00:00
ETH,KXETH15M-26SEP241800-00,eth-updown-15m-1790286300,A,2026-09-24T21:45:00+00:00,2026-09-24T22:00:00Z,0.77,0.77,1.23,2026-09-24T21:55:25.889008+00:00,down,down,1.0,0.23,2026-09-24T22:03:41.585402+00:00
BTC,KXBTC15M-26SEP241800-00,btc-updown-15m-1790287200,B,2026-09-24T22:00:00+00:00,2026-09-24T22:00:00Z,0.501,1.49,0.501,2026-09-24T22:00:01.199829+00:00,down,down,1.0,0.499,2026-09-24T22:19:14.556639+00:00
BTC,KXBTC15M-26SEP241815-15,btc-updown-15m-1790287200,B,2026-09-24T22:00:00+00:00,2026-09-24T22:15:00Z,0.75,1.25,0.75,2026-09-24T22:12:29.189913+00:00,down,down,1.0,0.25,2026-09-24T22:19:14.556639+00:00
ETH,KXETH15M-26SEP241815-15,eth-updown-15m-1790287200,A,2026-09-24T22:00:00+00:00,2026-09-24T22:15:00Z,0.77,0.77,1.23,2026-09-24T22:13:12.283194+00:00,down,down,1.0,0.23,2026-09-24T22:22:09.806302+00:00
BTC,KXBTC15M-26SEP241830-30,btc-updown-15m-1790289000,B,2026-09-24T22:30:00+00:00,2026-09-24T22:30:00Z,0.451,1.54,0.451,2026-09-24T22:30:04.192487+00:00,down,down,1.0,0.549,2026-09-24T22:48:16.054980+00:00
ETH,KXETH15M-26SEP241830-30,eth-updown-15m-1790289000,B,2026-09-24T22:30:00+00:00,2026-09-24T22:30:00Z,0.461,1.53,0.461,2026-09-24T22:30:04.192487+00:00,down,up,0.0,-0.461,2026-09-24T22:48:16.054980+00:00
ETH,KXETH15M-26SEP241845-45,eth-updown-15m-1790289000,B,2026-09-24T22:30:00+00:00,2026-09-24T22:45:00Z,0.77,1.21,0.77,2026-09-24T22:42:56.078465+00:00,up,up,1.0,0.23,2026-09-24T22:48:16.054980+00:00
BTC,KXBTC15M-26SEP241845-45,btc-updown-15m-1790289000,B,2026-09-24T22:30:00+00:00,2026-09-24T22:45:00Z,0.71,1.29,0.71,2026-09-24T22:43:33.980252+00:00,down,down,1.0,0.29,2026-09-24T22:48:16.054980+00:00
BTC,KXBTC15M-26SEP241900-00,btc-updown-15m-1790290800,A,2026-09-24T23:00:00+00:00,2026-09-24T23:00:00Z,0.571,0.571,1.44,2026-09-24T23:00:04.272447+00:00,up,up,1.0,0.429,2026-09-24T23:18:25.956823+00:00
BTC,KXBTC15M-26SEP241915-15,btc-updown-15m-1790290800,A,2026-09-24T23:00:00+00:00,2026-09-24T23:15:00Z,0.757,0.757,1.264,2026-09-24T23:12:44.355627+00:00,up,up,1.0,0.243,2026-09-24T23:18:25.956823+00:00
ETH,KXETH15M-26SEP241900-00,eth-updown-15m-1790290800,A,2026-09-24T23:00:00+00:00,2026-09-24T23:00:00Z,0.491,0.491,1.49,2026-09-24T23:00:04.272447+00:00,up,up,1.0,0.509,2026-09-24T23:21:00.214250+00:00
ETH,KXETH15M-26SEP241915-15,eth-updown-15m-1790290800,A,2026-09-24T23:00:00+00:00,2026-09-24T23:15:00Z,0.557,0.557,1.454,2026-09-24T23:12:44.355627+00:00,up,up,1.0,0.443,2026-09-24T23:21:00.214250+00:00
ETH,KXETH15M-26SEP241930-30,eth-updown-15m-1790292600,A,2026-09-24T23:30:00+00:00,2026-09-24T23:30:00Z,0.511,0.511,1.48,2026-09-24T23:30:18.177019+00:00,up,down,0.0,-0.511,2026-09-24T23:48:40.146757+00:00
ETH,KXETH15M-26SEP241945-45,eth-updown-15m-1790292600,A,2026-09-24T23:30:00+00:00,2026-09-24T23:45:00Z,0.78,0.78,1.22,2026-09-24T23:39:36.918217+00:00,down,down,1.0,0.22,2026-09-24T23:48:40.146757+00:00
BTC,KXBTC15M-26SEP241930-30,btc-updown-15m-1790292600,A,2026-09-24T23:30:00+00:00,2026-09-24T23:30:00Z,0.511,0.511,1.48,2026-09-24T23:30:18.177019+00:00,up,down,0.0,-0.511,2026-09-24T23:49:32.583257+00:00
BTC,KXBTC15M-26SEP241945-45,btc-updown-15m-1790292600,A,2026-09-24T23:30:00+00:00,2026-09-24T23:45:00Z,0.75,0.75,1.27,2026-09-24T23:42:11.728979+00:00,down,down,1.0,0.25,2026-09-24T23:49:32.583257+00:00
ETH,KXETH15M-26SEP242000-00,eth-updown-15m-1790294400,B,2026-09-25T00:00:00+00:00,2026-09-25T00:00:00Z,0.491,1.49,0.491,2026-09-25T00:00:02.475798+00:00,down,up,0.0,-0.491,2026-09-25T00:20:16.398103+00:00
BTC,KXBTC15M-26SEP242000-00,btc-updown-15m-1790294400,B,2026-09-25T00:00:00+00:00,2026-09-25T00:00:00Z,0.511,1.48,0.511,2026-09-25T00:00:02.475798+00:00,down,up,0.0,-0.511,2026-09-25T00:21:09.107211+00:00
BTC,KXBTC15M-26SEP242015-15,btc-updown-15m-1790295300,A,2026-09-25T00:15:00+00:00,2026-09-25T00:15:00Z,0.411,0.411,1.58,2026-09-25T00:15:03.448160+00:00,up,up,1.0,0.589,2026-09-25T00:35:07.217218+00:00
BTC,KXBTC15M-26SEP242030-30,btc-updown-15m-1790295300,A,2026-09-25T00:15:00+00:00,2026-09-25T00:30:00Z,0.77,0.77,1.23,2026-09-25T00:26:43.483815+00:00,up,up,1.0,0.23,2026-09-25T00:35:07.217218+00:00
ETH,KXETH15M-26SEP242015-15,eth-updown-15m-1790295300,A,2026-09-25T00:15:00+00:00,2026-09-25T00:15:00Z,0.381,0.381,1.61,2026-09-25T00:15:03.448160+00:00,up,down,0.0,-0.381,2026-09-25T00:35:34.163949+00:00
ETH,KXETH15M-26SEP242030-30,eth-updown-15m-1790296200,B,2026-09-25T00:30:00+00:00,2026-09-25T00:30:00Z,0.521,1.44,0.521,2026-09-25T00:30:02.044826+00:00,down,down,1.0,0.479,2026-09-25T00:50:13.598463+00:00
ETH,KXETH15M-26SEP242045-45,eth-updown-15m-1790296200,A,2026-09-25T00:30:00+00:00,2026-09-25T00:45:00Z,0.76,0.76,1.25,2026-09-25T00:34:39.518205+00:00,down,down,1.0,0.24,2026-09-25T00:50:13.598463+00:00
BTC,KXBTC15M-26SEP242045-45,btc-updown-15m-1790296200,B,2026-09-25T00:30:00+00:00,2026-09-25T00:45:00Z,0.78,1.22,0.78,2026-09-25T00:36:43.302319+00:00,down,down,1.0,0.22,2026-09-25T00:51:25.315812+00:00
BTC,KXBTC15M-26SEP242100-00,btc-updown-15m-1790297100,A,2026-09-25T00:45:00+00:00,2026-09-25T01:00:00Z,0.79,0.79,1.21,2026-09-25T00:59:02.363426+00:00,down,down,1.0,0.21,2026-09-25T01:02:44.862346+00:00
ETH,KXETH15M-26SEP242100-00,eth-updown-15m-1790297100,B,2026-09-25T00:45:00+00:00,2026-09-25T01:00:00Z,0.77,1.23,0.77,2026-09-25T00:54:18.047721+00:00,down,down,1.0,0.23,2026-09-25T01:03:02.111457+00:00
BTC,KXBTC15M-26SEP242115-15,btc-updown-15m-1790298900,A,2026-09-25T01:15:00+00:00,2026-09-25T01:15:00Z,0.431,0.431,1.56,2026-09-25T01:15:00.121778+00:00,up,down,0.0,-0.431,2026-09-25T01:33:20.856067+00:00
ETH,KXETH15M-26SEP242115-15,eth-updown-15m-1790298900,A,2026-09-25T01:15:00+00:00,2026-09-25T01:15:00Z,0.341,0.341,1.57,2026-09-25T01:15:00.121778+00:00,up,down,0.0,-0.341,2026-09-25T01:33:37.216924+00:00
ETH,KXETH15M-26SEP242130-30,eth-updown-15m-1790298900,A,2026-09-25T01:15:00+00:00,2026-09-25T01:30:00Z,0.79,0.79,1.2,2026-09-25T01:19:29.437193+00:00,down,down,1.0,0.21,2026-09-25T01:33:37.216924+00:00
BTC,KXBTC15M-26SEP242130-30,btc-updown-15m-1790299800,B,2026-09-25T01:30:00+00:00,2026-09-25T01:30:00Z,0.461,1.52,0.461,2026-09-25T01:30:00.334597+00:00,down,down,1.0,0.539,2026-09-25T01:48:34.616076+00:00
BTC,KXBTC15M-26SEP242145-45,btc-updown-15m-1790299800,A,2026-09-25T01:30:00+00:00,2026-09-25T01:45:00Z,0.78,0.78,1.22,2026-09-25T01:43:39.367395+00:00,down,down,1.0,0.22,2026-09-25T01:48:34.616076+00:00
ETH,KXETH15M-26SEP242145-45,eth-updown-15m-1790299800,A,2026-09-25T01:30:00+00:00,2026-09-25T01:45:00Z,0.78,0.78,1.21,2026-09-25T01:30:22.187888+00:00,down,down,1.0,0.22,2026-09-25T01:50:50.113631+00:00
ETH,KXETH15M-26SEP242200-00,eth-updown-15m-1790300700,B,2026-09-25T01:45:00+00:00,2026-09-25T02:00:00Z,0.72,1.27,0.72,2026-09-25T01:57:08.638293+00:00,up,up,1.0,0.28,2026-09-25T02:06:20.055872+00:00
BTC,KXBTC15M-26SEP242200-00,btc-updown-15m-1790301600,A,2026-09-25T02:00:00+00:00,2026-09-25T02:00:00Z,0.591,0.591,1.42,2026-09-25T02:00:01.076519+00:00,up,up,1.0,0.409,2026-09-25T02:19:46.265329+00:00
ETH,KXETH15M-26SEP242215-15,eth-updown-15m-1790301600,B,2026-09-25T02:00:00+00:00,2026-09-25T02:15:00Z,0.79,1.21,0.79,2026-09-25T02:02:19.522684+00:00,up,up,1.0,0.21,2026-09-25T02:22:01.169526+00:00
BTC,KXBTC15M-26SEP242215-15,btc-updown-15m-1790302500,A,2026-09-25T02:15:00+00:00,2026-09-25T02:15:00Z,0.471,0.471,1.53,2026-09-25T02:15:01.368605+00:00,up,down,0.0,-0.471,2026-09-25T02:35:50.080759+00:00
ETH,KXETH15M-26SEP242230-30,eth-updown-15m-1790302500,B,2026-09-25T02:15:00+00:00,2026-09-25T02:30:00Z,0.78,1.22,0.78,2026-09-25T02:15:23.667544+00:00,down,down,1.0,0.22,2026-09-25T02:35:55.725998+00:00
BTC,KXBTC15M-26SEP242230-30,btc-updown-15m-1790303400,B,2026-09-25T02:30:00+00:00,2026-09-25T02:30:00Z,0.451,1.54,0.451,2026-09-25T02:30:03.566454+00:00,down,down,1.0,0.549,2026-09-25T02:49:40.380429+00:00
BTC,KXBTC15M-26SEP242245-45,btc-updown-15m-1790303400,A,2026-09-25T02:30:00+00:00,2026-09-25T02:45:00Z,0.77,0.77,1.24,2026-09-25T02:36:50.784279+00:00,down,down,1.0,0.23,2026-09-25T02:49:40.380429+00:00
ETH,KXETH15M-26SEP242245-45,eth-updown-15m-1790303400,A,2026-09-25T02:30:00+00:00,2026-09-25T02:45:00Z,0.72,0.72,1.27,2026-09-25T02:36:50.784279+00:00,down,down,1.0,0.28,2026-09-25T02:51:04.463645+00:00
BTC,KXBTC15M-26SEP242300-00,btc-updown-15m-1790305200,B,2026-09-25T03:00:00+00:00,2026-09-25T03:00:00Z,0.481,1.51,0.481,2026-09-25T03:00:21.724682+00:00,down,up,0.0,-0.481,2026-09-25T03:18:26.368629+00:00
ETH,KXETH15M-26SEP242300-00,eth-updown-15m-1790305200,B,2026-09-25T03:00:00+00:00,2026-09-25T03:00:00Z,0.501,1.49,0.501,2026-09-25T03:00:21.724682+00:00,down,down,1.0,0.499,2026-09-25T03:20:04.999251+00:00
ETH,KXETH15M-26SEP242315-15,eth-updown-15m-1790305200,A,2026-09-25T03:00:00+00:00,2026-09-25T03:15:00Z,0.21,0.21,1.801,2026-09-25T03:14:16.494165+00:00,down,down,1.0,0.79,2026-09-25T03:20:04.999251+00:00
BTC,KXBTC15M-26SEP242315-15,btc-updown-15m-1790306100,A,2026-09-25T03:15:00+00:00,2026-09-25T03:15:00Z,0.611,0.611,1.38,2026-09-25T03:15:05.356671+00:00,up,down,0.0,-0.611,2026-09-25T03:33:42.070382+00:00
BTC,KXBTC15M-26SEP242330-30,btc-updown-15m-1790306100,A,2026-09-25T03:15:00+00:00,2026-09-25T03:30:00Z,0.77,0.77,1.23,2026-09-25T03:16:46.599776+00:00,down,down,1.0,0.23,2026-09-25T03:33:42.070382+00:00
ETH,KXETH15M-26SEP242330-30,eth-updown-15m-1790306100,A,2026-09-25T03:15:00+00:00,2026-09-25T03:30:00Z,0.75,0.75,1.26,2026-09-25T03:16:40.897214+00:00,down,down,1.0,0.25,2026-09-25T03:36:32.486634+00:00
BTC,KXBTC15M-26SEP242345-45,btc-updown-15m-1790307900,A,2026-09-25T03:45:00+00:00,2026-09-25T03:45:00Z,0.371,0.371,1.62,2026-09-25T03:45:04.534641+00:00,up,down,0.0,-0.371,2026-09-25T04:03:02.958167+00:00
BTC,KXBTC15M-26SEP250000-00,btc-updown-15m-1790307900,A,2026-09-25T03:45:00+00:00,2026-09-25T04:00:00Z,0.79,0.79,1.21,2026-09-25T03:58:14.450458+00:00,down,down,1.0,0.21,2026-09-25T04:03:02.958167+00:00
ETH,KXETH15M-26SEP242345-45,eth-updown-15m-1790307900,A,2026-09-25T03:45:00+00:00,2026-09-25T03:45:00Z,0.401,0.401,1.59,2026-09-25T03:45:04.534641+00:00,up,up,1.0,0.599,2026-09-25T04:04:49.099409+00:00
ETH,KXETH15M-26SEP250000-00,eth-updown-15m-1790307900,B,2026-09-25T03:45:00+00:00,2026-09-25T04:00:00Z,0.77,1.22,0.77,2026-09-25T03:48:17.147718+00:00,up,up,1.0,0.23,2026-09-25T04:04:49.099409+00:00
BTC,KXBTC15M-26SEP250015-15,btc-updown-15m-1790308800,A,2026-09-25T04:00:00+00:00,2026-09-25T04:15:00Z,0.67,0.67,1.33,2026-09-25T04:11:01.168855+00:00,down,down,1.0,0.33,2026-09-25T04:18:41.513106+00:00
ETH,KXETH15M-26SEP250015-15,eth-updown-15m-1790308800,B,2026-09-25T04:00:00+00:00,2026-09-25T04:15:00Z,0.73,1.28,0.73,2026-09-25T04:07:33.421912+00:00,down,down,1.0,0.27,2026-09-25T04:19:25.657617+00:00
BTC,KXBTC15M-26SEP250030-30,btc-updown-15m-1790309700,B,2026-09-25T04:15:00+00:00,2026-09-25T04:30:00Z,0.79,1.21,0.79,2026-09-25T04:29:14.543054+00:00,up,up,1.0,0.21,2026-09-25T04:34:09.436168+00:00
ETH,KXETH15M-26SEP250030-30,eth-updown-15m-1790310600,A,2026-09-25T04:30:00+00:00,2026-09-25T04:30:00Z,0.511,0.511,1.47,2026-09-25T04:30:02.475246+00:00,up,up,1.0,0.489,2026-09-25T04:50:39.261475+00:00
BTC,KXBTC15M-26SEP250045-45,btc-updown-15m-1790311500,A,2026-09-25T04:45:00+00:00,2026-09-25T04:45:00Z,0.461,0.461,1.5,2026-09-25T04:45:01.085816+00:00,up,down,0.0,-0.461,2026-09-25T05:03:30.998351+00:00
BTC,KXBTC15M-26SEP250100-00,btc-updown-15m-1790311500,A,2026-09-25T04:45:00+00:00,2026-09-25T05:00:00Z,0.77,0.77,1.23,2026-09-25T04:48:19.087744+00:00,down,down,1.0,0.23,2026-09-25T05:03:30.998351+00:00
ETH,KXETH15M-26SEP250045-45,eth-updown-15m-1790311500,A,2026-09-25T04:45:00+00:00,2026-09-25T04:45:00Z,0.481,0.481,1.51,2026-09-25T04:45:01.085816+00:00,up,down,0.0,-0.481,2026-09-25T05:06:18.010752+00:00
ETH,KXETH15M-26SEP250100-00,eth-updown-15m-1790311500,A,2026-09-25T04:45:00+00:00,2026-09-25T05:00:00Z,0.77,0.77,1.23,2026-09-25T04:48:19.087744+00:00,down,down,1.0,0.23,2026-09-25T05:06:18.010752+00:00
ETH,KXETH15M-26SEP250115-15,eth-updown-15m-1790312400,A,2026-09-25T05:00:00+00:00,2026-09-25T05:15:00Z,0.71,0.71,1.26,2026-09-25T05:05:05.173469+00:00,down,down,1.0,0.29,2026-09-25T05:17:37.061406+00:00
BTC,KXBTC15M-26SEP250115-15,btc-updown-15m-1790312400,A,2026-09-25T05:00:00+00:00,2026-09-25T05:15:00Z,0.78,0.78,1.22,2026-09-25T05:05:11.111080+00:00,down,down,1.0,0.22,2026-09-25T05:20:18.478180+00:00
BTC,KXBTC15M-26SEP250130-30,btc-updown-15m-1790313300,B,2026-09-25T05:15:00+00:00,2026-09-25T05:30:00Z,0.797,1.144,0.797,2026-09-25T05:29:02.598865+00:00,down,down,1.0,0.203,2026-09-25T05:32:55.045204+00:00
ETH,KXETH15M-26SEP250130-30,eth-updown-15m-1790313300,A,2026-09-25T05:15:00+00:00,2026-09-25T05:30:00Z,0.78,0.78,1.22,2026-09-25T05:17:54.252431+00:00,down,up,2.0,1.22,2026-09-25T05:37:24.300117+00:00
BTC,KXBTC15M-26SEP250145-45,btc-updown-15m-1790315100,A,2026-09-25T05:45:00+00:00,2026-09-25T05:45:00Z,0.501,0.501,1.49,2026-09-25T05:45:03.696571+00:00,up,down,0.0,-0.501,2026-09-25T06:03:47.223295+00:00
BTC,KXBTC15M-26SEP250200-00,btc-updown-15m-1790315100,A,2026-09-25T05:45:00+00:00,2026-09-25T06:00:00Z,0.75,0.75,1.24,2026-09-25T05:53:10.004593+00:00,down,down,1.0,0.25,2026-09-25T06:03:47.223295+00:00
ETH,KXETH15M-26SEP250200-00,eth-updown-15m-1790315100,A,2026-09-25T05:45:00+00:00,2026-09-25T06:00:00Z,0.79,0.79,1.21,2026-09-25T05:55:33.540827+00:00,down,down,1.0,0.21,2026-09-25T06:06:58.454719+00:00
BTC,KXBTC15M-26SEP250215-15,btc-updown-15m-1790316000,A,2026-09-25T06:00:00+00:00,2026-09-25T06:15:00Z,0.63,0.63,1.39,2026-09-25T06:09:55.110523+00:00,down,down,1.0,0.37,2026-09-25T06:20:58.780852+00:00
ETH,KXETH15M-26SEP250215-15,eth-updown-15m-1790316900,B,2026-09-25T06:15:00+00:00,2026-09-25T06:15:00Z,0.311,1.68,0.311,2026-09-25T06:15:04.103701+00:00,down,up,0.0,-0.311,2026-09-25T06:37:11.315099+00:00
BTC,KXBTC15M-26SEP250245-45,btc-updown-15m-1790318700,B,2026-09-25T06:45:00+00:00,2026-09-25T06:45:00Z,0.491,1.5,0.491,2026-09-25T06:45:04.344958+00:00,down,up,0.0,-0.491,2026-09-25T07:03:24.683265+00:00
BTC,KXBTC15M-26SEP250300-00,btc-updown-15m-1790318700,A,2026-09-25T06:45:00+00:00,2026-09-25T07:00:00Z,0.785,0.785,1.196,2026-09-25T06:58:15.755663+00:00,up,up,1.0,0.215,2026-09-25T07:03:24.683265+00:00
ETH,KXETH15M-26SEP250245-45,eth-updown-15m-1790318700,B,2026-09-25T06:45:00+00:00,2026-09-25T06:45:00Z,0.491,1.5,0.491,2026-09-25T06:45:04.344958+00:00,down,up,0.0,-0.491,2026-09-25T07:04:31.282644+00:00
ETH,KXETH15M-26SEP250300-00,eth-updown-15m-1790319600,A,2026-09-25T07:00:00+00:00,2026-09-25T07:00:00Z,0.501,0.501,1.49,2026-09-25T07:00:02.945191+00:00,up,down,0.0,-0.501,2026-09-25T07:20:25.787926+00:00
ETH,KXETH15M-26SEP250315-15,eth-updown-15m-1790320500,B,2026-09-25T07:15:00+00:00,2026-09-25T07:15:00Z,0.482,1.509,0.482,2026-09-25T07:15:05.668752+00:00,down,up,0.0,-0.482,2026-09-25T07:32:38.535035+00:00
BTC,KXBTC15M-26SEP250315-15,btc-updown-15m-1790320500,B,2026-09-25T07:15:00+00:00,2026-09-25T07:15:00Z,0.461,1.53,0.461,2026-09-25T07:15:05.668752+00:00,down,up,0.0,-0.461,2026-09-25T07:34:16.205984+00:00
ETH,KXETH15M-26SEP250330-30,eth-updown-15m-1790321400,A,2026-09-25T07:30:00+00:00,2026-09-25T07:30:00Z,0.501,0.501,1.49,2026-09-25T07:30:04.148357+00:00,up,down,0.0,-0.501,2026-09-25T07:47:40.096111+00:00
ETH,KXETH15M-26SEP250345-45,eth-updown-15m-1790321400,A,2026-09-25T07:30:00+00:00,2026-09-25T07:45:00Z,0.79,0.79,1.21,2026-09-25T07:32:25.938330+00:00,down,down,1.0,0.21,2026-09-25T07:47:40.096111+00:00
BTC,KXBTC15M-26SEP250330-30,btc-updown-15m-1790321400,A,2026-09-25T07:30:00+00:00,2026-09-25T07:30:00Z,0.521,0.521,1.47,2026-09-25T07:30:04.148357+00:00,up,down,0.0,-0.521,2026-09-25T07:48:38.367738+00:00
BTC,KXBTC15M-26SEP250345-45,btc-updown-15m-1790321400,A,2026-09-25T07:30:00+00:00,2026-09-25T07:45:00Z,0.79,0.79,1.21,2026-09-25T07:32:38.041647+00:00,down,down,1.0,0.21,2026-09-25T07:48:38.367738+00:00
BTC,KXBTC15M-26SEP250400-00,btc-updown-15m-1790322300,B,2026-09-25T07:45:00+00:00,2026-09-25T08:00:00Z,0.79,1.2,0.79,2026-09-25T07:47:01.315208+00:00,up,up,1.0,0.21,2026-09-25T08:02:22.410439+00:00
ETH,KXETH15M-26SEP250400-00,eth-updown-15m-1790322300,B,2026-09-25T07:45:00+00:00,2026-09-25T08:00:00Z,0.78,1.22,0.78,2026-09-25T07:47:01.315208+00:00,up,up,1.0,0.22,2026-09-25T08:03:18.417644+00:00
BTC,KXBTC15M-26SEP250415-15,btc-updown-15m-1790323200,B,2026-09-25T08:00:00+00:00,2026-09-25T08:15:00Z,0.78,1.22,0.78,2026-09-25T08:01:18.912416+00:00,up,up,1.0,0.22,2026-09-25T08:21:27.928855+00:00
ETH,KXETH15M-26SEP250415-15,eth-updown-15m-1790324100,A,2026-09-25T08:15:00+00:00,2026-09-25T08:15:00Z,0.431,0.431,1.49,2026-09-25T08:15:01.495183+00:00,up,up,1.0,0.569,2026-09-25T08:33:59.333990+00:00
BTC,KXBTC15M-26SEP250430-30,btc-updown-15m-1790325000,A,2026-09-25T08:30:00+00:00,2026-09-25T08:30:00Z,0.421,0.421,1.58,2026-09-25T08:30:01.510808+00:00,up,down,0.0,-0.421,2026-09-25T08:48:25.625706+00:00
ETH,KXETH15M-26SEP250430-30,eth-updown-15m-1790325000,A,2026-09-25T08:30:00+00:00,2026-09-25T08:30:00Z,0.391,0.391,1.59,2026-09-25T08:30:01.510808+00:00,up,down,0.0,-0.391,2026-09-25T08:50:12.099522+00:00
ETH,KXETH15M-26SEP250445-45,eth-updown-15m-1790325900,B,2026-09-25T08:45:00+00:00,2026-09-25T08:45:00Z,0.561,1.43,0.561,2026-09-25T08:45:02.913466+00:00,down,up,0.0,-0.561,2026-09-25T09:04:25.817810+00:00
ETH,KXETH15M-26SEP250500-00,eth-updown-15m-1790325900,B,2026-09-25T08:45:00+00:00,2026-09-25T09:00:00Z,0.75,1.25,0.75,2026-09-25T08:51:01.895986+00:00,up,up,1.0,0.25,2026-09-25T09:04:25.817810+00:00
BTC,KXBTC15M-26SEP250445-45,btc-updown-15m-1790325900,B,2026-09-25T08:45:00+00:00,2026-09-25T08:45:00Z,0.571,1.42,0.571,2026-09-25T08:45:02.913466+00:00,down,up,0.0,-0.571,2026-09-25T09:05:14.021022+00:00
BTC,KXBTC15M-26SEP250500-00,btc-updown-15m-1790326800,A,2026-09-25T09:00:00+00:00,2026-09-25T09:00:00Z,0.501,0.501,1.49,2026-09-25T09:00:01.424983+00:00,up,up,1.0,0.499,2026-09-25T09:20:47.558411+00:00
ETH,KXETH15M-26SEP250515-15,eth-updown-15m-1790327700,A,2026-09-25T09:15:00+00:00,2026-09-25T09:15:00Z,0.421,0.421,1.55,2026-09-25T09:15:01.376539+00:00,up,up,1.0,0.579,2026-09-25T09:34:16.546405+00:00
BTC,KXBTC15M-26SEP250515-15,btc-updown-15m-1790327700,A,2026-09-25T09:15:00+00:00,2026-09-25T09:15:00Z,0.411,0.411,1.57,2026-09-25T09:15:01.376539+00:00,up,up,1.0,0.589,2026-09-25T09:34:38.065651+00:00
BTC,KXBTC15M-26SEP250530-30,btc-updown-15m-1790327700,B,2026-09-25T09:15:00+00:00,2026-09-25T09:30:00Z,0.69,1.31,0.69,2026-09-25T09:18:55.107542+00:00,up,up,1.0,0.31,2026-09-25T09:34:38.065651+00:00
ETH,KXETH15M-26SEP250530-30,eth-updown-15m-1790328600,A,2026-09-25T09:30:00+00:00,2026-09-25T09:30:00Z,0.361,0.361,1.62,2026-09-25T09:30:04.522172+00:00,up,down,0.0,-0.361,2026-09-25T09:48:14.218009+00:00
ETH,KXETH15M-26SEP250545-45,eth-updown-15m-1790328600,B,2026-09-25T09:30:00+00:00,2026-09-25T09:45:00Z,0.79,1.2,0.79,2026-09-25T09:30:58.586950+00:00,down,down,1.0,0.21,2026-09-25T09:48:14.218009+00:00
BTC,KXBTC15M-26SEP250545-45,btc-updown-15m-1790329500,B,2026-09-25T09:45:00+00:00,2026-09-25T09:45:00Z,0.491,1.5,0.491,2026-09-25T09:45:04.624714+00:00,down,down,1.0,0.509,2026-09-25T10:02:38.777056+00:00
BTC,KXBTC15M-26SEP250600-00,btc-updown-15m-1790329500,B,2026-09-25T09:45:00+00:00,2026-09-25T10:00:00Z,0.71,1.28,0.71,2026-09-25T09:55:36.698348+00:00,down,down,1.0,0.29,2026-09-25T10:02:38.777056+00:00
ETH,KXETH15M-26SEP250600-00,eth-updown-15m-1790329500,B,2026-09-25T09:45:00+00:00,2026-09-25T10:00:00Z,0.73,1.28,0.73,2026-09-25T09:55:36.698348+00:00,down,down,1.0,0.27,2026-09-25T10:03:47.394677+00:00
BTC,KXBTC15M-26SEP250615-15,btc-updown-15m-1790331300,B,2026-09-25T10:15:00+00:00,2026-09-25T10:15:00Z,0.491,1.5,0.491,2026-09-25T10:15:01.673548+00:00,down,up,0.0,-0.491,2026-09-25T10:33:03.781245+00:00
BTC,KXBTC15M-26SEP250630-30,btc-updown-15m-1790331300,B,2026-09-25T10:15:00+00:00,2026-09-25T10:30:00Z,0.78,1.22,0.78,2026-09-25T10:23:38.707983+00:00,up,up,1.0,0.22,2026-09-25T10:33:03.781245+00:00
ETH,KXETH15M-26SEP250615-15,eth-updown-15m-1790331300,B,2026-09-25T10:15:00+00:00,2026-09-25T10:15:00Z,0.531,1.46,0.531,2026-09-25T10:15:01.673548+00:00,down,up,0.0,-0.531,2026-09-25T10:37:14.032913+00:00
ETH,KXETH15M-26SEP250630-30,eth-updown-15m-1790331300,B,2026-09-25T10:15:00+00:00,2026-09-25T10:30:00Z,0.76,1.24,0.76,2026-09-25T10:20:24.983109+00:00,up,up,1.0,0.24,2026-09-25T10:37:14.032913+00:00
ETH,KXETH15M-26SEP250645-45,eth-updown-15m-1790332200,B,2026-09-25T10:30:00+00:00,2026-09-25T10:45:00Z,0.7,1.3,0.7,2026-09-25T10:37:13.558074+00:00,down,down,1.0,0.3,2026-09-25T10:51:03.854748+00:00
BTC,KXBTC15M-26SEP250645-45,btc-updown-15m-1790332200,B,2026-09-25T10:30:00+00:00,2026-09-25T10:45:00Z,0.77,1.23,0.77,2026-09-25T10:33:33.054837+00:00,up,up,1.0,0.23,2026-09-25T10:53:45.129041+00:00
BTC,KXBTC15M-26SEP250700-00,btc-updown-15m-1790333100,A,2026-09-25T10:45:00+00:00,2026-09-25T11:00:00Z,0.79,0.79,1.21,2026-09-25T10:55:23.710585+00:00,down,down,1.0,0.21,2026-09-25T11:02:31.586072+00:00
ETH,KXETH15M-26SEP250700-00,eth-updown-15m-1790333100,A,2026-09-25T10:45:00+00:00,2026-09-25T11:00:00Z,0.642,0.642,1.349,2026-09-25T10:58:31.108312+00:00,up,up,1.0,0.358,2026-09-25T11:04:38.608460+00:00
BTC,KXBTC15M-26SEP250715-15,btc-updown-15m-1790334900,A,2026-09-25T11:15:00+00:00,2026-09-25T11:15:00Z,0.571,0.571,1.42,2026-09-25T11:15:03.236103+00:00,up,down,0.0,-0.571,2026-09-25T11:35:52.088997+00:00
ETH,KXETH15M-26SEP250730-30,eth-updown-15m-1790335800,B,2026-09-25T11:30:00+00:00,2026-09-25T11:30:00Z,0.441,1.55,0.441,2026-09-25T11:30:02.248376+00:00,down,down,1.0,0.559,2026-09-25T11:49:01.113003+00:00
ETH,KXETH15M-26SEP250745-45,eth-updown-15m-1790335800,A,2026-09-25T11:30:00+00:00,2026-09-25T11:45:00Z,0.79,0.79,1.2,2026-09-25T11:36:13.771424+00:00,down,down,1.0,0.21,2026-09-25T11:49:01.113003+00:00
BTC,KXBTC15M-26SEP250745-45,btc-updown-15m-1790336700,B,2026-09-25T11:45:00+00:00,2026-09-25T11:45:00Z,0.501,1.49,0.501,2026-09-25T11:45:03.800599+00:00,down,down,1.0,0.499,2026-09-25T12:04:12.253739+00:00
ETH,KXETH15M-26SEP250800-00,eth-updown-15m-1790336700,B,2026-09-25T11:45:00+00:00,2026-09-25T12:00:00Z,0.79,1.21,0.79,2026-09-25T11:47:22.423856+00:00,down,down,1.0,0.21,2026-09-25T12:04:54.731084+00:00
BTC,KXBTC15M-26SEP250800-00,btc-updown-15m-1790337600,B,2026-09-25T12:00:00+00:00,2026-09-25T12:00:00Z,0.511,1.48,0.511,2026-09-25T12:00:05.258477+00:00,down,down,1.0,0.489,2026-09-25T12:17:46.715924+00:00
BTC,KXBTC15M-26SEP250815-15,btc-updown-15m-1790337600,A,2026-09-25T12:00:00+00:00,2026-09-25T12:15:00Z,0.77,0.77,1.23,2026-09-25T12:11:25.726732+00:00,down,down,1.0,0.23,2026-09-25T12:17:46.715924+00:00
ETH,KXETH15M-26SEP250815-15,eth-updown-15m-1790337600,A,2026-09-25T12:00:00+00:00,2026-09-25T12:15:00Z,0.53,0.53,1.474,2026-09-25T12:13:12.501248+00:00,down,down,1.0,0.47,2026-09-25T12:20:11.647670+00:00
ETH,KXETH15M-26SEP250830-30,eth-updown-15m-1790338500,A,2026-09-25T12:15:00+00:00,2026-09-25T12:30:00Z,0.735,0.735,1.291,2026-09-25T12:27:50.246856+00:00,up,up,1.0,0.265,2026-09-25T12:33:25.051452+00:00
BTC,KXBTC15M-26SEP250830-30,btc-updown-15m-1790338500,B,2026-09-25T12:15:00+00:00,2026-09-25T12:30:00Z,0.79,1.21,0.79,2026-09-25T12:28:34.635502+00:00,up,up,1.0,0.21,2026-09-25T12:33:48.942859+00:00
BTC,KXBTC15M-26SEP250845-45,btc-updown-15m-1790339400,A,2026-09-25T12:30:00+00:00,2026-09-25T12:45:00Z,0.771,0.771,1.22,2026-09-25T12:41:28.703152+00:00,up,up,1.0,0.229,2026-09-25T12:52:27.495110+00:00
ETH,KXETH15M-26SEP250845-45,eth-updown-15m-1790340300,A,2026-09-25T12:45:00+00:00,2026-09-25T12:45:00Z,0.542,0.542,1.399,2026-09-25T12:45:01.494549+00:00,up,up,1.0,0.458,2026-09-25T13:07:41.407395+00:00
ETH,KXETH15M-26SEP250900-00,eth-updown-15m-1790340300,A,2026-09-25T12:45:00+00:00,2026-09-25T13:00:00Z,0.74,0.74,1.26,2026-09-25T12:46:41.540384+00:00,up,up,1.0,0.26,2026-09-25T13:07:41.407395+00:00
BTC,KXBTC15M-26SEP250900-00,btc-updown-15m-1790341200,A,2026-09-25T13:00:00+00:00,2026-09-25T13:00:00Z,0.431,0.431,1.56,2026-09-25T13:00:02.476014+00:00,up,down,0.0,-0.431,2026-09-25T13:18:19.860190+00:00
BTC,KXBTC15M-26SEP250915-15,btc-updown-15m-1790341200,A,2026-09-25T13:00:00+00:00,2026-09-25T13:15:00Z,0.73,0.73,1.27,2026-09-25T13:07:08.154811+00:00,down,down,1.0,0.27,2026-09-25T13:18:19.860190+00:00
ETH,KXETH15M-26SEP250915-15,eth-updown-15m-1790341200,A,2026-09-25T13:00:00+00:00,2026-09-25T13:15:00Z,0.78,0.78,1.24,2026-09-25T13:07:01.600481+00:00,down,down,1.0,0.22,2026-09-25T13:20:25.140681+00:00
ETH,KXETH15M-26SEP250930-30,eth-updown-15m-1790342100,A,2026-09-25T13:15:00+00:00,2026-09-25T13:30:00Z,0.78,0.78,1.2,2026-09-25T13:18:54.969834+00:00,down,down,1.0,0.22,2026-09-25T13:35:53.355862+00:00
BTC,KXBTC15M-26SEP250945-45,btc-updown-15m-1790343000,B,2026-09-25T13:30:00+00:00,2026-09-25T13:45:00Z,0.78,1.22,0.78,2026-09-25T13:35:25.741698+00:00,down,down,1.0,0.22,2026-09-25T13:50:17.972500+00:00
ETH,KXETH15M-26SEP250945-45,eth-updown-15m-1790343000,B,2026-09-25T13:30:00+00:00,2026-09-25T13:45:00Z,0.77,1.23,0.77,2026-09-25T13:35:37.168838+00:00,down,down,1.0,0.23,2026-09-25T13:51:28.928159+00:00
BTC,KXBTC15M-26SEP251000-00,btc-updown-15m-1790343900,B,2026-09-25T13:45:00+00:00,2026-09-25T14:00:00Z,0.77,1.22,0.77,2026-09-25T13:54:21.885885+00:00,up,up,1.0,0.23,2026-09-25T14:04:17.949075+00:00
ETH,KXETH15M-26SEP251000-00,eth-updown-15m-1790344800,A,2026-09-25T14:00:00+00:00,2026-09-25T14:00:00Z,0.641,0.641,1.35,2026-09-25T14:00:21.683670+00:00,up,down,0.0,-0.641,2026-09-25T14:19:10.972454+00:00
BTC,KXBTC15M-26SEP251015-15,btc-updown-15m-1790344800,A,2026-09-25T14:00:00+00:00,2026-09-25T14:15:00Z,0.72,0.72,1.28,2026-09-25T14:02:50.422616+00:00,down,down,1.0,0.28,2026-09-25T14:21:42.744831+00:00
ETH,KXETH15M-26SEP251015-15,eth-updown-15m-1790345700,B,2026-09-25T14:15:00+00:00,2026-09-25T14:15:00Z,0.581,1.41,0.581,2026-09-25T14:15:04.291657+00:00,down,up,0.0,-0.581,2026-09-25T14:34:41.131471+00:00
ETH,KXETH15M-26SEP251030-30,eth-updown-15m-1790345700,B,2026-09-25T14:15:00+00:00,2026-09-25T14:30:00Z,0.79,1.21,0.79,2026-09-25T14:15:56.603026+00:00,up,up,1.0,0.21,2026-09-25T14:34:41.131471+00:00
BTC,KXBTC15M-26SEP251030-30,btc-updown-15m-1790345700,A,2026-09-25T14:15:00+00:00,2026-09-25T14:30:00Z,0.79,0.79,1.22,2026-09-25T14:24:34.333689+00:00,up,up,1.0,0.21,2026-09-25T14:35:14.657393+00:00
ETH,KXETH15M-26SEP251045-45,eth-updown-15m-1790346600,A,2026-09-25T14:30:00+00:00,2026-09-25T14:45:00Z,0.75,0.75,1.25,2026-09-25T14:43:50.088712+00:00,down,down,1.0,0.25,2026-09-25T14:50:02.115190+00:00
BTC,KXBTC15M-26SEP251045-45,btc-updown-15m-1790346600,A,2026-09-25T14:30:00+00:00,2026-09-25T14:45:00Z,0.757,0.757,1.264,2026-09-25T14:44:00.940099+00:00,up,up,1.0,0.243,2026-09-25T14:51:37.705831+00:00
ETH,KXETH15M-26SEP251100-00,eth-updown-15m-1790347500,A,2026-09-25T14:45:00+00:00,2026-09-25T15:00:00Z,0.77,0.77,1.22,2026-09-25T14:51:59.477144+00:00,up,up,1.0,0.23,2026-09-25T15:04:51.856597+00:00
BTC,KXBTC15M-26SEP251100-00,btc-updown-15m-1790347500,B,2026-09-25T14:45:00+00:00,2026-09-25T15:00:00Z,0.75,1.25,0.75,2026-09-25T14:53:51.475687+00:00,up,up,1.0,0.25,2026-09-25T15:05:14.524814+00:00
ETH,KXETH15M-26SEP251115-15,eth-updown-15m-1790348400,A,2026-09-25T15:00:00+00:00,2026-09-25T15:15:00Z,0.79,0.79,1.21,2026-09-25T15:11:42.830021+00:00,up,up,1.0,0.21,2026-09-25T15:20:23.100154+00:00
BTC,KXBTC15M-26SEP251115-15,btc-updown-15m-1790349300,B,2026-09-25T15:15:00+00:00,2026-09-25T15:15:00Z,0.451,1.54,0.451,2026-09-25T15:15:02.135475+00:00,down,down,1.0,0.549,2026-09-25T15:32:42.799252+00:00
BTC,KXBTC15M-26SEP251145-45,btc-updown-15m-1790350200,B,2026-09-25T15:30:00+00:00,2026-09-25T15:45:00Z,0.79,1.21,0.79,2026-09-25T15:32:10.121501+00:00,down,down,1.0,0.21,2026-09-25T15:49:16.773955+00:00
ETH,KXETH15M-26SEP251130-30,eth-updown-15m-1790350200,B,2026-09-25T15:30:00+00:00,2026-09-25T15:30:00Z,0.451,1.53,0.451,2026-09-25T15:30:02.255711+00:00,down,down,1.0,0.549,2026-09-25T15:51:16.431490+00:00
ETH,KXETH15M-26SEP251145-45,eth-updown-15m-1790350200,A,2026-09-25T15:30:00+00:00,2026-09-25T15:45:00Z,0.79,0.79,1.2,2026-09-25T15:34:02.315144+00:00,down,down,1.0,0.21,2026-09-25T15:51:16.431490+00:00
ETH,KXETH15M-26SEP251200-00,eth-updown-15m-1790351100,B,2026-09-25T15:45:00+00:00,2026-09-25T16:00:00Z,0.79,1.2,0.79,2026-09-25T15:46:39.816747+00:00,up,up,1.0,0.21,2026-09-25T16:06:44.698557+00:00
BTC,KXBTC15M-26SEP251200-00,btc-updown-15m-1790351100,B,2026-09-25T15:45:00+00:00,2026-09-25T16:00:00Z,0.75,1.25,0.75,2026-09-25T15:54:13.341313+00:00,up,up,1.0,0.25,2026-09-25T16:06:44.698557+00:00
BTC,KXBTC15M-26SEP251215-15,btc-updown-15m-1790352900,A,2026-09-25T16:15:00+00:00,2026-09-25T16:15:00Z,0.591,0.591,1.4,2026-09-25T16:15:04.526764+00:00,up,up,1.0,0.409,2026-09-25T16:34:16.944684+00:00
BTC,KXBTC15M-26SEP251230-30,btc-updown-15m-1790352900,B,2026-09-25T16:15:00+00:00,2026-09-25T16:30:00Z,0.76,1.26,0.76,2026-09-25T16:29:14.626584+00:00,up,up,1.0,0.24,2026-09-25T16:34:16.944684+00:00
ETH,KXETH15M-26SEP251215-15,eth-updown-15m-1790352900,A,2026-09-25T16:15:00+00:00,2026-09-25T16:15:00Z,0.591,0.591,1.4,2026-09-25T16:15:04.526764+00:00,up,up,1.0,0.409,2026-09-25T16:35:23.924157+00:00
ETH,KXETH15M-26SEP251230-30,eth-updown-15m-1790352900,B,2026-09-25T16:15:00+00:00,2026-09-25T16:30:00Z,0.74,1.26,0.74,2026-09-25T16:27:20.200464+00:00,up,up,1.0,0.26,2026-09-25T16:35:23.924157+00:00
ETH,KXETH15M-26SEP251245-45,eth-updown-15m-1790353800,A,2026-09-25T16:30:00+00:00,2026-09-25T16:45:00Z,0.73,0.73,1.27,2026-09-25T16:34:16.230279+00:00,down,down,1.0,0.27,2026-09-25T16:48:19.174856+00:00
BTC,KXBTC15M-26SEP251245-45,btc-updown-15m-1790353800,A,2026-09-25T16:30:00+00:00,2026-09-25T16:45:00Z,0.78,0.78,1.22,2026-09-25T16:34:16.230279+00:00,down,down,1.0,0.22,2026-09-25T16:50:49.704735+00:00
BTC,KXBTC15M-26SEP251300-00,btc-updown-15m-1790355600,B,2026-09-25T17:00:00+00:00,2026-09-25T17:00:00Z,0.461,1.53,0.461,2026-09-25T17:00:04.437586+00:00,down,up,0.0,-0.461,2026-09-25T17:21:42.483271+00:00
ETH,KXETH15M-26SEP251315-15,eth-updown-15m-1790356500,A,2026-09-25T17:15:00+00:00,2026-09-25T17:15:00Z,0.531,0.531,1.45,2026-09-25T17:15:01.277722+00:00,up,down,0.0,-0.531,2026-09-25T17:34:35.032225+00:00
BTC,KXBTC15M-26SEP251315-15,btc-updown-15m-1790356500,A,2026-09-25T17:15:00+00:00,2026-09-25T17:15:00Z,0.541,0.541,1.45,2026-09-25T17:15:01.277722+00:00,up,down,0.0,-0.541,2026-09-25T17:35:00.963908+00:00
BTC,KXBTC15M-26SEP251345-45,btc-updown-15m-1790357400,B,2026-09-25T17:30:00+00:00,2026-09-25T17:45:00Z,0.76,1.24,0.76,2026-09-25T17:32:40.109014+00:00,up,up,1.0,0.24,2026-09-25T17:47:18.665943+00:00
ETH,KXETH15M-26SEP251330-30,eth-updown-15m-1790357400,B,2026-09-25T17:30:00+00:00,2026-09-25T17:30:00Z,0.661,1.33,0.661,2026-09-25T17:30:16.689812+00:00,down,up,0.0,-0.661,2026-09-25T17:51:31.870548+00:00
ETH,KXETH15M-26SEP251345-45,eth-updown-15m-1790357400,B,2026-09-25T17:30:00+00:00,2026-09-25T17:45:00Z,0.78,1.21,0.78,2026-09-25T17:32:28.862780+00:00,up,up,1.0,0.22,2026-09-25T17:51:31.870548+00:00
BTC,KXBTC15M-26SEP251400-00,btc-updown-15m-1790359200,B,2026-09-25T18:00:00+00:00,2026-09-25T18:00:00Z,0.432,1.539,0.432,2026-09-25T18:00:00.810251+00:00,down,up,0.0,-0.432,2026-09-25T18:18:16.393441+00:00
ETH,KXETH15M-26SEP251400-00,eth-updown-15m-1790359200,B,2026-09-25T18:00:00+00:00,2026-09-25T18:00:00Z,0.431,1.51,0.431,2026-09-25T18:00:00.810251+00:00,down,up,0.0,-0.431,2026-09-25T18:21:30.317008+00:00
BTC,KXBTC15M-26SEP251415-15,btc-updown-15m-1790360100,A,2026-09-25T18:15:00+00:00,2026-09-25T18:15:00Z,0.481,0.481,1.51,2026-09-25T18:15:00.648025+00:00,up,down,0.0,-0.481,2026-09-25T18:32:07.617865+00:00
BTC,KXBTC15M-26SEP251430-30,btc-updown-15m-1790360100,A,2026-09-25T18:15:00+00:00,2026-09-25T18:30:00Z,0.75,0.75,1.35,2026-09-25T18:26:36.865679+00:00,down,down,1.0,0.25,2026-09-25T18:32:07.617865+00:00
ETH,KXETH15M-26SEP251415-15,eth-updown-15m-1790360100,A,2026-09-25T18:15:00+00:00,2026-09-25T18:15:00Z,0.441,0.441,1.5,2026-09-25T18:15:00.648025+00:00,up,down,0.0,-0.441,2026-09-25T18:34:49.800969+00:00
ETH,KXETH15M-26SEP251430-30,eth-updown-15m-1790360100,A,2026-09-25T18:15:00+00:00,2026-09-25T18:30:00Z,0.78,0.78,1.22,2026-09-25T18:26:53.650678+00:00,down,down,1.0,0.22,2026-09-25T18:34:49.800969+00:00
ETH,KXETH15M-26SEP251445-45,eth-updown-15m-1790361000,A,2026-09-25T18:30:00+00:00,2026-09-25T18:45:00Z,0.76,0.76,1.21,2026-09-25T18:44:23.344421+00:00,up,up,1.0,0.24,2026-09-25T18:47:29.837033+00:00
BTC,KXBTC15M-26SEP251445-45,btc-updown-15m-1790361000,B,2026-09-25T18:30:00+00:00,2026-09-25T18:45:00Z,0.77,1.23,0.77,2026-09-25T18:41:55.154360+00:00,up,up,1.0,0.23,2026-09-25T18:48:25.415440+00:00
BTC,KXBTC15M-26SEP251500-00,btc-updown-15m-1790361900,B,2026-09-25T18:45:00+00:00,2026-09-25T19:00:00Z,0.7,1.29,0.7,2026-09-25T18:54:56.999732+00:00,down,down,1.0,0.3,2026-09-25T19:02:42.041488+00:00
ETH,KXETH15M-26SEP251500-00,eth-updown-15m-1790361900,B,2026-09-25T18:45:00+00:00,2026-09-25T19:00:00Z,0.79,1.2,0.79,2026-09-25T18:54:56.999732+00:00,down,down,1.0,0.21,2026-09-25T19:04:46.821390+00:00
ETH,KXETH15M-26SEP251515-15,eth-updown-15m-1790362800,B,2026-09-25T19:00:00+00:00,2026-09-25T19:15:00Z,0.76,1.21,0.76,2026-09-25T19:05:42.531767+00:00,up,up,1.0,0.24,2026-09-25T19:17:03.259395+00:00
BTC,KXBTC15M-26SEP251515-15,btc-updown-15m-1790362800,A,2026-09-25T19:00:00+00:00,2026-09-25T19:15:00Z,0.71,0.71,1.3,2026-09-25T19:09:50.813436+00:00,up,up,1.0,0.29,2026-09-25T19:20:04.092325+00:00
BTC,KXBTC15M-26SEP251530-30,btc-updown-15m-1790363700,A,2026-09-25T19:15:00+00:00,2026-09-25T19:30:00Z,0.78,0.78,1.22,2026-09-25T19:25:10.243897+00:00,down,down,1.0,0.22,2026-09-25T19:36:17.417649+00:00
ETH,KXETH15M-26SEP251545-45,eth-updown-15m-1790364600,B,2026-09-25T19:30:00+00:00,2026-09-25T19:45:00Z,0.71,1.29,0.71,2026-09-25T19:36:55.609248+00:00,down,down,1.0,0.29,2026-09-25T19:47:30.227439+00:00
BTC,KXBTC15M-26SEP251545-45,btc-updown-15m-1790364600,B,2026-09-25T19:30:00+00:00,2026-09-25T19:45:00Z,0.76,1.24,0.76,2026-09-25T19:36:55.609248+00:00,down,down,1.0,0.24,2026-09-25T19:48:03.495697+00:00
BTC,KXBTC15M-26SEP251600-00,btc-updown-15m-1790366400,A,2026-09-25T20:00:00+00:00,2026-09-25T20:00:00Z,0.421,0.421,1.57,2026-09-25T20:00:03.732127+00:00,up,down,0.0,-0.421,2026-09-25T20:20:24.446546+00:00
ETH,KXETH15M-26SEP251600-00,eth-updown-15m-1790366400,A,2026-09-25T20:00:00+00:00,2026-09-25T20:00:00Z,0.481,0.481,1.51,2026-09-25T20:00:03.732127+00:00,up,down,0.0,-0.481,2026-09-25T20:20:42.790416+00:00
BTC,KXBTC15M-26SEP251615-15,btc-updown-15m-1790367300,B,2026-09-25T20:15:00+00:00,2026-09-25T20:15:00Z,0.511,1.48,0.511,2026-09-25T20:15:04.672565+00:00,down,up,0.0,-0.511,2026-09-25T20:35:16.270733+00:00
ETH,KXETH15M-26SEP251630-30,eth-updown-15m-1790368200,A,2026-09-25T20:30:00+00:00,2026-09-25T20:30:00Z,0.491,0.491,1.49,2026-09-25T20:30:02.090822+00:00,up,down,0.0,-0.491,2026-09-25T20:47:56.870360+00:00
ETH,KXETH15M-26SEP251645-45,eth-updown-15m-1790368200,A,2026-09-25T20:30:00+00:00,2026-09-25T20:45:00Z,0.76,0.76,1.25,2026-09-25T20:35:43.752034+00:00,down,down,1.0,0.24,2026-09-25T20:47:56.870360+00:00
BTC,KXBTC15M-26SEP251630-30,btc-updown-15m-1790368200,A,2026-09-25T20:30:00+00:00,2026-09-25T20:30:00Z,0.491,0.491,1.5,2026-09-25T20:30:02.090822+00:00,up,up,1.0,0.509,2026-09-25T20:50:57.795006+00:00
BTC,KXBTC15M-26SEP251645-45,btc-updown-15m-1790368200,B,2026-09-25T20:30:00+00:00,2026-09-25T20:45:00Z,0.78,1.22,0.78,2026-09-25T20:38:35.304704+00:00,up,up,1.0,0.22,2026-09-25T20:50:57.795006+00:00
ETH,KXETH15M-26SEP251700-00,eth-updown-15m-1790370000,B,2026-09-25T21:00:00+00:00,2026-09-25T21:00:00Z,0.481,1.51,0.481,2026-09-25T21:00:19.897450+00:00,down,down,1.0,0.519,2026-09-25T21:19:16.404018+00:00
BTC,KXBTC15M-26SEP251700-00,btc-updown-15m-1790370000,B,2026-09-25T21:00:00+00:00,2026-09-25T21:00:00Z,0.501,1.49,0.501,2026-09-25T21:00:19.897450+00:00,down,down,1.0,0.499,2026-09-25T21:21:18.272551+00:00
ETH,KXETH15M-26SEP251715-15,eth-updown-15m-1790370900,B,2026-09-25T21:15:00+00:00,2026-09-25T21:15:00Z,0.481,1.51,0.481,2026-09-25T21:15:04.909546+00:00,down,up,0.0,-0.481,2026-09-25T21:35:46.419100+00:00
ETH,KXETH15M-26SEP251730-30,eth-updown-15m-1790370900,B,2026-09-25T21:15:00+00:00,2026-09-25T21:30:00Z,0.77,1.23,0.77,2026-09-25T21:23:54.097059+00:00,up,up,1.0,0.23,2026-09-25T21:35:46.419100+00:00
BTC,KXBTC15M-26SEP251715-15,btc-updown-15m-1790370900,B,2026-09-25T21:15:00+00:00,2026-09-25T21:15:00Z,0.551,1.44,0.551,2026-09-25T21:15:04.909546+00:00,down,up,0.0,-0.551,2026-09-25T21:36:31.272128+00:00
BTC,KXBTC15M-26SEP251730-30,btc-updown-15m-1790370900,B,2026-09-25T21:15:00+00:00,2026-09-25T21:30:00Z,0.76,1.2,0.76,2026-09-25T21:23:48.095348+00:00,up,up,1.0,0.24,2026-09-25T21:36:31.272128+00:00
BTC,KXBTC15M-26SEP251745-45,btc-updown-15m-1790371800,A,2026-09-25T21:30:00+00:00,2026-09-25T21:45:00Z,0.71,0.71,1.29,2026-09-25T21:36:52.829932+00:00,up,up,1.0,0.29,2026-09-25T21:47:24.111937+00:00
ETH,KXETH15M-26SEP251745-45,eth-updown-15m-1790371800,A,2026-09-25T21:30:00+00:00,2026-09-25T21:45:00Z,0.78,0.78,1.22,2026-09-25T21:36:58.330456+00:00,up,up,1.0,0.22,2026-09-25T21:48:53.653283+00:00
BTC,KXBTC15M-26SEP251800-00,btc-updown-15m-1790372700,A,2026-09-25T21:45:00+00:00,2026-09-25T22:00:00Z,0.735,0.735,1.276,2026-09-25T21:58:56.436300+00:00,down,down,1.0,0.265,2026-09-25T22:03:33.035787+00:00
ETH,KXETH15M-26SEP251800-00,eth-updown-15m-1790372700,A,2026-09-25T21:45:00+00:00,2026-09-25T22:00:00Z,0.71,0.71,1.29,2026-09-25T21:53:08.069104+00:00,down,down,1.0,0.29,2026-09-25T22:04:02.793851+00:00
BTC,KXBTC15M-26SEP251815-15,btc-updown-15m-1790374500,A,2026-09-25T22:15:00+00:00,2026-09-25T22:15:00Z,0.491,0.491,1.5,2026-09-25T22:15:03.854955+00:00,up,down,0.0,-0.491,2026-09-25T22:33:29.962606+00:00
BTC,KXBTC15M-26SEP251830-30,btc-updown-15m-1790374500,A,2026-09-25T22:15:00+00:00,2026-09-25T22:30:00Z,0.31,0.31,1.691,2026-09-25T22:28:08.951098+00:00,down,down,1.0,0.69,2026-09-25T22:33:29.962606+00:00
ETH,KXETH15M-26SEP251815-15,eth-updown-15m-1790374500,A,2026-09-25T22:15:00+00:00,2026-09-25T22:15:00Z,0.511,0.511,1.46,2026-09-25T22:15:03.854955+00:00,up,up,1.0,0.489,2026-09-25T22:34:21.273349+00:00
ETH,KXETH15M-26SEP251830-30,eth-updown-15m-1790375400,A,2026-09-25T22:30:00+00:00,2026-09-25T22:30:00Z,0.601,0.601,1.38,2026-09-25T22:30:02.932766+00:00,up,up,1.0,0.399,2026-09-25T22:49:31.142698+00:00
ETH,KXETH15M-26SEP251845-45,eth-updown-15m-1790376300,A,2026-09-25T22:45:00+00:00,2026-09-25T22:45:00Z,0.481,0.481,1.51,2026-09-25T22:45:04.000181+00:00,up,down,0.0,-0.481,2026-09-25T23:05:14.830526+00:00
ETH,KXETH15M-26SEP251900-00,eth-updown-15m-1790376300,B,2026-09-25T22:45:00+00:00,2026-09-25T23:00:00Z,0.77,1.23,0.77,2026-09-25T22:55:24.407535+00:00,down,down,1.0,0.23,2026-09-25T23:05:14.830526+00:00
BTC,KXBTC15M-26SEP251845-45,btc-updown-15m-1790376300,A,2026-09-25T22:45:00+00:00,2026-09-25T22:45:00Z,0.531,0.531,1.46,2026-09-25T22:45:04.000181+00:00,up,up,1.0,0.469,2026-09-25T23:06:18.689291+00:00
BTC,KXBTC15M-26SEP251900-00,btc-updown-15m-1790376300,A,2026-09-25T22:45:00+00:00,2026-09-25T23:00:00Z,0.562,0.562,1.429,2026-09-25T22:58:46.578367+00:00,up,up,1.0,0.438,2026-09-25T23:06:18.689291+00:00
BTC,KXBTC15M-26SEP251915-15,btc-updown-15m-1790377200,A,2026-09-25T23:00:00+00:00,2026-09-25T23:15:00Z,0.76,0.76,1.24,2026-09-25T23:12:58.314012+00:00,down,down,1.0,0.24,2026-09-25T23:21:07.234397+00:00
ETH,KXETH15M-26SEP251915-15,eth-updown-15m-1790378100,A,2026-09-25T23:15:00+00:00,2026-09-25T23:15:00Z,0.541,0.541,1.45,2026-09-25T23:15:04.646787+00:00,up,down,0.0,-0.541,2026-09-25T23:35:09.068858+00:00
ETH,KXETH15M-26SEP251930-30,eth-updown-15m-1790378100,A,2026-09-25T23:15:00+00:00,2026-09-25T23:30:00Z,0.75,0.75,1.25,2026-09-25T23:23:01.534859+00:00,down,down,1.0,0.25,2026-09-25T23:35:09.068858+00:00
BTC,KXBTC15M-26SEP251930-30,btc-updown-15m-1790378100,B,2026-09-25T23:15:00+00:00,2026-09-25T23:30:00Z,0.67,1.33,0.67,2026-09-25T23:26:56.094591+00:00,up,up,1.0,0.33,2026-09-25T23:36:37.947897+00:00
ETH,KXETH15M-26SEP251945-45,eth-updown-15m-1790379000,B,2026-09-25T23:30:00+00:00,2026-09-25T23:45:00Z,0.79,1.21,0.79,2026-09-25T23:32:38.278323+00:00,down,down,1.0,0.21,2026-09-25T23:48:18.896739+00:00
ETH,KXETH15M-26SEP252000-00,eth-updown-15m-1790379900,A,2026-09-25T23:45:00+00:00,2026-09-26T00:00:00Z,0.79,0.79,1.21,2026-09-25T23:54:00.283442+00:00,down,down,1.0,0.21,2026-09-26T00:02:43.119376+00:00
BTC,KXBTC15M-26SEP251945-45,btc-updown-15m-1790379900,B,2026-09-25T23:45:00+00:00,2026-09-25T23:45:00Z,0.556,1.436,0.556,2026-09-25T23:45:01.569356+00:00,down,up,0.0,-0.556,2026-09-26T00:05:46.127850+00:00
BTC,KXBTC15M-26SEP252000-00,btc-updown-15m-1790379900,A,2026-09-25T23:45:00+00:00,2026-09-26T00:00:00Z,0.61,0.61,1.41,2026-09-25T23:54:00.283442+00:00,up,up,1.0,0.39,2026-09-26T00:05:46.127850+00:00
ETH,KXETH15M-26SEP252015-15,eth-updown-15m-1790380800,B,2026-09-26T00:00:00+00:00,2026-09-26T00:15:00Z,0.64,1.36,0.64,2026-09-26T00:07:36.921415+00:00,up,up,1.0,0.36,2026-09-26T00:18:55.631114+00:00
BTC,KXBTC15M-26SEP252015-15,btc-updown-15m-1790380800,B,2026-09-26T00:00:00+00:00,2026-09-26T00:15:00Z,0.7,1.3,0.7,2026-09-26T00:08:26.973032+00:00,down,down,1.0,0.3,2026-09-26T00:20:42.843574+00:00
ETH,KXETH15M-26SEP252045-45,eth-updown-15m-1790382600,A,2026-09-26T00:30:00+00:00,2026-09-26T00:45:00Z,0.79,0.79,1.2,2026-09-26T00:31:33.440964+00:00,down,down,1.0,0.21,2026-09-26T00:48:53.662451+00:00
BTC,KXBTC15M-26SEP252045-45,btc-updown-15m-1790382600,A,2026-09-26T00:30:00+00:00,2026-09-26T00:45:00Z,0.75,0.75,1.25,2026-09-26T00:31:55.787256+00:00,down,down,1.0,0.25,2026-09-26T00:51:00.353494+00:00
ETH,KXETH15M-26SEP252100-00,eth-updown-15m-1790383500,B,2026-09-26T00:45:00+00:00,2026-09-26T01:00:00Z,0.79,1.19,0.79,2026-09-26T00:53:10.527894+00:00,up,up,1.0,0.21,2026-09-26T01:03:30.645648+00:00
BTC,KXBTC15M-26SEP252100-00,btc-updown-15m-1790383500,A,2026-09-26T00:45:00+00:00,2026-09-26T01:00:00Z,0.79,0.79,1.21,2026-09-26T00:52:49.252097+00:00,down,down,1.0,0.21,2026-09-26T01:04:53.127672+00:00
BTC,KXBTC15M-26SEP252115-15,btc-updown-15m-1790384400,A,2026-09-26T01:00:00+00:00,2026-09-26T01:15:00Z,0.77,0.77,1.23,2026-09-26T01:04:52.669316+00:00,up,up,1.0,0.23,2026-09-26T01:19:55.241214+00:00
ETH,KXETH15M-26SEP252115-15,eth-updown-15m-1790385300,A,2026-09-26T01:15:00+00:00,2026-09-26T01:15:00Z,0.491,0.491,1.44,2026-09-26T01:15:00.153513+00:00,up,down,0.0,-0.491,2026-09-26T01:34:01.304869+00:00
ETH,KXETH15M-26SEP252130-30,eth-updown-15m-1790385300,A,2026-09-26T01:15:00+00:00,2026-09-26T01:30:00Z,0.77,0.77,1.22,2026-09-26T01:18:23.451650+00:00,down,down,1.0,0.23,2026-09-26T01:34:01.304869+00:00
BTC,KXBTC15M-26SEP252130-30,btc-updown-15m-1790385300,A,2026-09-26T01:15:00+00:00,2026-09-26T01:30:00Z,0.77,0.77,1.23,2026-09-26T01:23:10.825861+00:00,up,up,1.0,0.23,2026-09-26T01:34:28.993841+00:00
ETH,KXETH15M-26SEP252145-45,eth-updown-15m-1790387100,A,2026-09-26T01:45:00+00:00,2026-09-26T01:45:00Z,0.431,0.431,1.56,2026-09-26T01:45:01.694649+00:00,up,down,0.0,-0.431,2026-09-26T02:03:07.905361+00:00
ETH,KXETH15M-26SEP252200-00,eth-updown-15m-1790387100,B,2026-09-26T01:45:00+00:00,2026-09-26T02:00:00Z,0.76,1.22,0.76,2026-09-26T01:53:03.488081+00:00,down,down,1.0,0.24,2026-09-26T02:03:07.905361+00:00
BTC,KXBTC15M-26SEP252145-45,btc-updown-15m-1790387100,A,2026-09-26T01:45:00+00:00,2026-09-26T01:45:00Z,0.501,0.501,1.49,2026-09-26T01:45:01.694649+00:00,up,up,1.0,0.499,2026-09-26T02:03:56.639794+00:00
ETH,KXETH15M-26SEP252215-15,eth-updown-15m-1790388000,A,2026-09-26T02:00:00+00:00,2026-09-26T02:15:00Z,0.79,0.79,1.21,2026-09-26T02:00:44.407602+00:00,up,up,1.0,0.21,2026-09-26T02:19:18.979264+00:00
BTC,KXBTC15M-26SEP252215-15,btc-updown-15m-1790388000,B,2026-09-26T02:00:00+00:00,2026-09-26T02:15:00Z,0.73,1.28,0.73,2026-09-26T02:12:12.429832+00:00,up,up,1.0,0.27,2026-09-26T02:20:07.227098+00:00
BTC,KXBTC15M-26SEP252200-00,btc-updown-15m-1790388000,A,2026-09-26T02:00:00+00:00,2026-09-26T02:00:00Z,0.461,0.461,1.53,2026-09-26T02:00:00.200100+00:00,up,up,1.0,0.539,2026-09-26T02:20:13.416503+00:00
ETH,KXETH15M-26SEP252230-30,eth-updown-15m-1790389800,B,2026-09-26T02:30:00+00:00,2026-09-26T02:30:00Z,0.521,1.47,0.521,2026-09-26T02:30:02.753376+00:00,down,down,1.0,0.479,2026-09-26T02:49:10.591212+00:00
ETH,KXETH15M-26SEP252245-45,eth-updown-15m-1790389800,B,2026-09-26T02:30:00+00:00,2026-09-26T02:45:00Z,0.79,1.2,0.79,2026-09-26T02:37:33.403528+00:00,down,down,1.0,0.21,2026-09-26T02:49:10.591212+00:00
BTC,KXBTC15M-26SEP252230-30,btc-updown-15m-1790389800,B,2026-09-26T02:30:00+00:00,2026-09-26T02:30:00Z,0.551,1.44,0.551,2026-09-26T02:30:02.753376+00:00,down,down,1.0,0.449,2026-09-26T02:52:10.761436+00:00
BTC,KXBTC15M-26SEP252245-45,btc-updown-15m-1790389800,A,2026-09-26T02:30:00+00:00,2026-09-26T02:45:00Z,0.75,0.75,1.25,2026-09-26T02:39:27.297043+00:00,down,down,1.0,0.25,2026-09-26T02:52:10.761436+00:00
BTC,KXBTC15M-26SEP252300-00,btc-updown-15m-1790390700,A,2026-09-26T02:45:00+00:00,2026-09-26T03:00:00Z,0.52,0.52,1.48,2026-09-26T02:59:10.210714+00:00,down,down,1.0,0.48,2026-09-26T03:04:19.027234+00:00
ETH,KXETH15M-26SEP252300-00,eth-updown-15m-1790391600,B,2026-09-26T03:00:00+00:00,2026-09-26T03:00:00Z,0.451,1.46,0.451,2026-09-26T03:00:00.008324+00:00,down,down,1.0,0.549,2026-09-26T03:21:14.796766+00:00
BTC,KXBTC15M-26SEP252315-15,btc-updown-15m-1790392500,B,2026-09-26T03:15:00+00:00,2026-09-26T03:15:00Z,0.391,1.6,0.391,2026-09-26T03:15:02.214083+00:00,down,up,0.0,-0.391,2026-09-26T03:34:45.710517+00:00
BTC,KXBTC15M-26SEP252330-30,btc-updown-15m-1790392500,B,2026-09-26T03:15:00+00:00,2026-09-26T03:30:00Z,0.77,1.23,0.77,2026-09-26T03:21:41.996928+00:00,up,up,1.0,0.23,2026-09-26T03:34:45.710517+00:00
BTC,KXBTC15M-26SEP252345-45,btc-updown-15m-1790393400,A,2026-09-26T03:30:00+00:00,2026-09-26T03:45:00Z,0.79,0.79,1.21,2026-09-26T03:39:57.801161+00:00,down,down,1.0,0.21,2026-09-26T03:50:05.625740+00:00
ETH,KXETH15M-26SEP252330-30,eth-updown-15m-1790393400,A,2026-09-26T03:30:00+00:00,2026-09-26T03:30:00Z,0.421,0.421,1.54,2026-09-26T03:30:01.591610+00:00,up,down,0.0,-0.421,2026-09-26T03:51:42.356912+00:00
ETH,KXETH15M-26SEP252345-45,eth-updown-15m-1790393400,B,2026-09-26T03:30:00+00:00,2026-09-26T03:45:00Z,0.72,1.28,0.72,2026-09-26T03:39:08.534760+00:00,down,down,1.0,0.28,2026-09-26T03:51:42.356912+00:00
BTC,KXBTC15M-26SEP260000-00,btc-updown-15m-1790394300,A,2026-09-26T03:45:00+00:00,2026-09-26T04:00:00Z,0.77,0.77,1.23,2026-09-26T03:52:22.674394+00:00,down,down,1.0,0.23,2026-09-26T04:02:40.326762+00:00
ETH,KXETH15M-26SEP260000-00,eth-updown-15m-1790394300,A,2026-09-26T03:45:00+00:00,2026-09-26T04:00:00Z,0.79,0.79,1.21,2026-09-26T03:52:16.804566+00:00,down,down,1.0,0.21,2026-09-26T04:05:22.089515+00:00
BTC,KXBTC15M-26SEP260015-15,btc-updown-15m-1790395200,B,2026-09-26T04:00:00+00:00,2026-09-26T04:15:00Z,0.79,1.21,0.79,2026-09-26T04:01:23.707733+00:00,up,up,1.0,0.21,2026-09-26T04:21:34.197994+00:00
BTC,KXBTC15M-26SEP260030-30,btc-updown-15m-1790396100,A,2026-09-26T04:15:00+00:00,2026-09-26T04:30:00Z,0.77,0.77,1.23,2026-09-26T04:22:44.701257+00:00,down,down,1.0,0.23,2026-09-26T04:32:11.895022+00:00
ETH,KXETH15M-26SEP260015-15,eth-updown-15m-1790396100,A,2026-09-26T04:15:00+00:00,2026-09-26T04:15:00Z,0.581,0.581,1.4,2026-09-26T04:15:03.628653+00:00,up,down,0.0,-0.581,2026-09-26T04:36:45.158393+00:00
ETH,KXETH15M-26SEP260030-30,eth-updown-15m-1790396100,A,2026-09-26T04:15:00+00:00,2026-09-26T04:30:00Z,0.76,0.76,1.24,2026-09-26T04:22:12.518075+00:00,down,down,1.0,0.24,2026-09-26T04:36:45.158393+00:00
BTC,KXBTC15M-26SEP260045-45,btc-updown-15m-1790397000,A,2026-09-26T04:30:00+00:00,2026-09-26T04:45:00Z,0.77,0.77,1.22,2026-09-26T04:34:52.463862+00:00,up,up,1.0,0.23,2026-09-26T04:49:54.559922+00:00
ETH,KXETH15M-26SEP260045-45,eth-updown-15m-1790397000,B,2026-09-26T04:30:00+00:00,2026-09-26T04:45:00Z,0.79,1.21,0.79,2026-09-26T04:31:22.865385+00:00,up,up,1.0,0.21,2026-09-26T04:51:58.956963+00:00
ETH,KXETH15M-26SEP260100-00,eth-updown-15m-1790398800,A,2026-09-26T05:00:00+00:00,2026-09-26T05:00:00Z,0.531,0.531,1.43,2026-09-26T05:00:01.724388+00:00,up,down,0.0,-0.531,2026-09-26T05:18:53.002756+00:00
BTC,KXBTC15M-26SEP260100-00,btc-updown-15m-1790398800,A,2026-09-26T05:00:00+00:00,2026-09-26T05:00:00Z,0.57,0.57,1.422,2026-09-26T05:00:01.724388+00:00,up,down,0.0,-0.57,2026-09-26T05:19:16.141195+00:00
BTC,KXBTC15M-26SEP260115-15,btc-updown-15m-1790398800,A,2026-09-26T05:00:00+00:00,2026-09-26T05:15:00Z,0.77,0.77,1.23,2026-09-26T05:12:38.335179+00:00,down,down,1.0,0.23,2026-09-26T05:19:16.141195+00:00
BTC,KXBTC15M-26SEP260130-30,btc-updown-15m-1790399700,A,2026-09-26T05:15:00+00:00,2026-09-26T05:30:00Z,0.497,0.497,1.494,2026-09-26T05:27:10.804640+00:00,down,down,1.0,0.503,2026-09-26T05:34:32.769066+00:00
ETH,KXETH15M-26SEP260115-15,eth-updown-15m-1790399700,B,2026-09-26T05:15:00+00:00,2026-09-26T05:15:00Z,0.494,1.499,0.494,2026-09-26T05:15:00.490991+00:00,down,down,1.0,0.506,2026-09-26T05:38:17.335699+00:00
ETH,KXETH15M-26SEP260130-30,eth-updown-15m-1790399700,B,2026-09-26T05:15:00+00:00,2026-09-26T05:30:00Z,0.78,1.22,0.78,2026-09-26T05:21:18.721301+00:00,down,down,1.0,0.22,2026-09-26T05:38:17.335699+00:00
BTC,KXBTC15M-26SEP260145-45,btc-updown-15m-1790400600,B,2026-09-26T05:30:00+00:00,2026-09-26T05:45:00Z,0.68,1.3,0.68,2026-09-26T05:38:49.668076+00:00,up,up,1.0,0.32,2026-09-26T05:50:19.005618+00:00
ETH,KXETH15M-26SEP260145-45,eth-updown-15m-1790400600,B,2026-09-26T05:30:00+00:00,2026-09-26T05:45:00Z,0.79,1.21,0.79,2026-09-26T05:41:06.812745+00:00,up,up,1.0,0.21,2026-09-26T05:50:40.292693+00:00
ETH,KXETH15M-26SEP260200-00,eth-updown-15m-1790401500,A,2026-09-26T05:45:00+00:00,2026-09-26T06:00:00Z,0.79,0.79,1.22,2026-09-26T05:47:38.432155+00:00,down,down,1.0,0.21,2026-09-26T06:07:30.078585+00:00
BTC,KXBTC15M-26SEP260200-00,btc-updown-15m-1790402400,B,2026-09-26T06:00:00+00:00,2026-09-26T06:00:00Z,0.471,1.52,0.471,2026-09-26T06:00:03.248909+00:00,down,down,1.0,0.529,2026-09-26T06:18:08.096273+00:00
BTC,KXBTC15M-26SEP260215-15,btc-updown-15m-1790402400,B,2026-09-26T06:00:00+00:00,2026-09-26T06:15:00Z,0.7,1.3,0.7,2026-09-26T06:04:54.704580+00:00,down,down,1.0,0.3,2026-09-26T06:18:08.096273+00:00
ETH,KXETH15M-26SEP260215-15,eth-updown-15m-1790402400,B,2026-09-26T06:00:00+00:00,2026-09-26T06:15:00Z,0.66,1.34,0.66,2026-09-26T06:04:54.704580+00:00,down,down,1.0,0.34,2026-09-26T06:18:14.079186+00:00
BTC,KXBTC15M-26SEP260230-30,btc-updown-15m-1790403300,A,2026-09-26T06:15:00+00:00,2026-09-26T06:30:00Z,0.79,0.79,1.21,2026-09-26T06:23:42.950835+00:00,up,up,1.0,0.21,2026-09-26T06:34:47.781531+00:00
ETH,KXETH15M-26SEP260230-30,eth-updown-15m-1790403300,B,2026-09-26T06:15:00+00:00,2026-09-26T06:30:00Z,0.73,1.27,0.73,2026-09-26T06:25:44.111794+00:00,down,down,1.0,0.27,2026-09-26T06:35:54.350849+00:00
ETH,KXETH15M-26SEP260245-45,eth-updown-15m-1790404200,A,2026-09-26T06:30:00+00:00,2026-09-26T06:45:00Z,0.67,0.67,1.34,2026-09-26T06:35:04.741169+00:00,up,up,1.0,0.33,2026-09-26T06:48:34.029898+00:00
BTC,KXBTC15M-26SEP260245-45,btc-updown-15m-1790404200,B,2026-09-26T06:30:00+00:00,2026-09-26T06:45:00Z,0.78,1.22,0.78,2026-09-26T06:35:38.234642+00:00,down,down,1.0,0.22,2026-09-26T06:51:08.359430+00:00
BTC,KXBTC15M-26SEP260300-00,btc-updown-15m-1790405100,A,2026-09-26T06:45:00+00:00,2026-09-26T07:00:00Z,0.74,0.74,1.31,2026-09-26T06:58:57.005771+00:00,down,down,1.0,0.26,2026-09-26T07:06:19.009345+00:00
ETH,KXETH15M-26SEP260300-00,eth-updown-15m-1790405100,A,2026-09-26T06:45:00+00:00,2026-09-26T07:00:00Z,0.59,0.59,1.41,2026-09-26T06:53:09.957276+00:00,up,up,1.0,0.41,2026-09-26T07:06:36.847941+00:00
BTC,KXBTC15M-26SEP260315-15,btc-updown-15m-1790406900,A,2026-09-26T07:15:00+00:00,2026-09-26T07:15:00Z,0.511,0.511,1.47,2026-09-26T07:15:02.630898+00:00,up,up,1.0,0.489,2026-09-26T07:34:14.823610+00:00
BTC,KXBTC15M-26SEP260330-30,btc-updown-15m-1790406900,A,2026-09-26T07:15:00+00:00,2026-09-26T07:30:00Z,0.78,0.78,1.22,2026-09-26T07:25:04.574010+00:00,up,up,1.0,0.22,2026-09-26T07:34:14.823610+00:00
ETH,KXETH15M-26SEP260315-15,eth-updown-15m-1790406900,A,2026-09-26T07:15:00+00:00,2026-09-26T07:15:00Z,0.451,0.451,1.54,2026-09-26T07:15:02.630898+00:00,up,down,0.0,-0.451,2026-09-26T07:36:45.031425+00:00
ETH,KXETH15M-26SEP260330-30,eth-updown-15m-1790406900,A,2026-09-26T07:15:00+00:00,2026-09-26T07:30:00Z,0.7,0.7,1.3,2026-09-26T07:25:04.574010+00:00,down,down,1.0,0.3,2026-09-26T07:36:45.031425+00:00
ETH,KXETH15M-26SEP260345-45,eth-updown-15m-1790407800,B,2026-09-26T07:30:00+00:00,2026-09-26T07:45:00Z,0.65,1.35,0.65,2026-09-26T07:38:40.526191+00:00,down,down,1.0,0.35,2026-09-26T07:49:10.589743+00:00
ETH,KXETH15M-26SEP260400-00,eth-updown-15m-1790408700,A,2026-09-26T07:45:00+00:00,2026-09-26T08:00:00Z,0.76,0.76,1.24,2026-09-26T07:53:19.064351+00:00,up,up,1.0,0.24,2026-09-26T08:03:17.837583+00:00
BTC,KXBTC15M-26SEP260345-45,btc-updown-15m-1790408700,A,2026-09-26T07:45:00+00:00,2026-09-26T07:45:00Z,0.531,0.531,1.45,2026-09-26T07:45:04.901830+00:00,up,up,1.0,0.469,2026-09-26T08:04:36.920019+00:00
BTC,KXBTC15M-26SEP260400-00,btc-updown-15m-1790409600,A,2026-09-26T08:00:00+00:00,2026-09-26T08:00:00Z,0.441,0.441,1.55,2026-09-26T08:00:05.187156+00:00,up,down,0.0,-0.441,2026-09-26T08:20:04.394510+00:00
BTC,KXBTC15M-26SEP260415-15,btc-updown-15m-1790410500,B,2026-09-26T08:15:00+00:00,2026-09-26T08:15:00Z,0.361,1.63,0.361,2026-09-26T08:15:03.636852+00:00,down,up,0.0,-0.361,2026-09-26T08:33:35.622622+00:00
BTC,KXBTC15M-26SEP260430-30,btc-updown-15m-1790410500,B,2026-09-26T08:15:00+00:00,2026-09-26T08:30:00Z,0.6,1.41,0.6,2026-09-26T08:26:29.405482+00:00,up,up,1.0,0.4,2026-09-26T08:33:35.622622+00:00
ETH,KXETH15M-26SEP260415-15,eth-updown-15m-1790410500,B,2026-09-26T08:15:00+00:00,2026-09-26T08:15:00Z,0.411,1.57,0.411,2026-09-26T08:15:03.636852+00:00,down,up,0.0,-0.411,2026-09-26T08:35:23.340048+00:00
ETH,KXETH15M-26SEP260430-30,eth-updown-15m-1790410500,B,2026-09-26T08:15:00+00:00,2026-09-26T08:30:00Z,0.535,1.456,0.535,2026-09-26T08:26:29.405482+00:00,up,up,1.0,0.465,2026-09-26T08:35:23.340048+00:00
BTC,KXBTC15M-26SEP260445-45,btc-updown-15m-1790412300,A,2026-09-26T08:45:00+00:00,2026-09-26T08:45:00Z,0.461,0.461,1.54,2026-09-26T08:45:01.661820+00:00,up,down,0.0,-0.461,2026-09-26T09:02:34.533718+00:00
ETH,KXETH15M-26SEP260445-45,eth-updown-15m-1790412300,A,2026-09-26T08:45:00+00:00,2026-09-26T08:45:00Z,0.431,0.431,1.56,2026-09-26T08:45:01.661820+00:00,up,down,0.0,-0.431,2026-09-26T09:03:46.962084+00:00
BTC,KXBTC15M-26SEP260500-00,btc-updown-15m-1790413200,B,2026-09-26T09:00:00+00:00,2026-09-26T09:00:00Z,0.531,1.46,0.531,2026-09-26T09:00:02.197725+00:00,down,down,1.0,0.469,2026-09-26T09:18:20.678018+00:00
ETH,KXETH15M-26SEP260500-00,eth-updown-15m-1790413200,B,2026-09-26T09:00:00+00:00,2026-09-26T09:00:00Z,0.561,1.43,0.561,2026-09-26T09:00:02.197725+00:00,down,down,1.0,0.439,2026-09-26T09:21:14.272562+00:00
BTC,KXBTC15M-26SEP260515-15,btc-updown-15m-1790414100,B,2026-09-26T09:15:00+00:00,2026-09-26T09:15:00Z,0.461,1.53,0.461,2026-09-26T09:15:02.791021+00:00,down,up,0.0,-0.461,2026-09-26T09:32:06.613086+00:00
BTC,KXBTC15M-26SEP260530-30,btc-updown-15m-1790414100,B,2026-09-26T09:15:00+00:00,2026-09-26T09:30:00Z,0.79,1.21,0.79,2026-09-26T09:27:59.385165+00:00,up,up,1.0,0.21,2026-09-26T09:32:06.613086+00:00
ETH,KXETH15M-26SEP260515-15,eth-updown-15m-1790414100,B,2026-09-26T09:15:00+00:00,2026-09-26T09:15:00Z,0.451,1.54,0.451,2026-09-26T09:15:02.791021+00:00,down,up,0.0,-0.451,2026-09-26T09:35:10.757039+00:00
ETH,KXETH15M-26SEP260530-30,eth-updown-15m-1790414100,A,2026-09-26T09:15:00+00:00,2026-09-26T09:30:00Z,0.79,0.79,1.21,2026-09-26T09:26:17.261692+00:00,up,up,1.0,0.21,2026-09-26T09:35:10.757039+00:00
ETH,KXETH15M-26SEP260545-45,eth-updown-15m-1790415900,B,2026-09-26T09:45:00+00:00,2026-09-26T09:45:00Z,0.431,1.56,0.431,2026-09-26T09:45:02.747142+00:00,down,up,0.0,-0.431,2026-09-26T10:02:13.107939+00:00
ETH,KXETH15M-26SEP260600-00,eth-updown-15m-1790415900,A,2026-09-26T09:45:00+00:00,2026-09-26T10:00:00Z,0.78,0.78,1.2,2026-09-26T09:56:57.216783+00:00,up,up,1.0,0.22,2026-09-26T10:02:13.107939+00:00
BTC,KXBTC15M-26SEP260545-45,btc-updown-15m-1790415900,B,2026-09-26T09:45:00+00:00,2026-09-26T09:45:00Z,0.421,1.57,0.421,2026-09-26T09:45:02.747142+00:00,down,down,1.0,0.579,2026-09-26T10:04:32.902456+00:00
BTC,KXBTC15M-26SEP260600-00,btc-updown-15m-1790415900,A,2026-09-26T09:45:00+00:00,2026-09-26T10:00:00Z,0.77,0.77,1.23,2026-09-26T09:55:25.488722+00:00,down,down,1.0,0.23,2026-09-26T10:04:32.902456+00:00
ETH,KXETH15M-26SEP260615-15,eth-updown-15m-1790417700,A,2026-09-26T10:15:00+00:00,2026-09-26T10:15:00Z,0.481,0.481,1.51,2026-09-26T10:15:04.529516+00:00,up,up,1.0,0.519,2026-09-26T10:33:32.190949+00:00
BTC,KXBTC15M-26SEP260615-15,btc-updown-15m-1790417700,A,2026-09-26T10:15:00+00:00,2026-09-26T10:15:00Z,0.451,0.451,1.54,2026-09-26T10:15:04.529516+00:00,up,up,1.0,0.549,2026-09-26T10:36:16.999083+00:00
BTC,KXBTC15M-26SEP260630-30,btc-updown-15m-1790417700,A,2026-09-26T10:15:00+00:00,2026-09-26T10:30:00Z,0.773,0.773,1.218,2026-09-26T10:27:42.623886+00:00,up,up,1.0,0.227,2026-09-26T10:36:16.999083+00:00
ETH,KXETH15M-26SEP260645-45,eth-updown-15m-1790418600,B,2026-09-26T10:30:00+00:00,2026-09-26T10:45:00Z,0.72,1.28,0.72,2026-09-26T10:39:39.275753+00:00,down,down,1.0,0.28,2026-09-26T10:50:16.768033+00:00
BTC,KXBTC15M-26SEP260645-45,btc-updown-15m-1790418600,A,2026-09-26T10:30:00+00:00,2026-09-26T10:45:00Z,0.73,0.73,1.26,2026-09-26T10:42:28.996727+00:00,up,up,1.0,0.27,2026-09-26T10:50:44.394173+00:00
BTC,KXBTC15M-26SEP260700-00,btc-updown-15m-1790419500,B,2026-09-26T10:45:00+00:00,2026-09-26T11:00:00Z,0.74,1.27,0.74,2026-09-26T10:56:02.022100+00:00,up,up,1.0,0.26,2026-09-26T11:02:47.740403+00:00
ETH,KXETH15M-26SEP260700-00,eth-updown-15m-1790419500,A,2026-09-26T10:45:00+00:00,2026-09-26T11:00:00Z,0.77,0.77,1.23,2026-09-26T10:53:50.078218+00:00,down,down,1.0,0.23,2026-09-26T11:05:09.583072+00:00
ETH,KXETH15M-26SEP260715-15,eth-updown-15m-1790420400,A,2026-09-26T11:00:00+00:00,2026-09-26T11:15:00Z,0.78,0.78,1.22,2026-09-26T11:01:11.111269+00:00,up,up,1.0,0.22,2026-09-26T11:18:28.140989+00:00
BTC,KXBTC15M-26SEP260715-15,btc-updown-15m-1790420400,B,2026-09-26T11:00:00+00:00,2026-09-26T11:15:00Z,0.67,1.33,0.67,2026-09-26T11:08:03.657587+00:00,up,up,1.0,0.33,2026-09-26T11:19:18.033751+00:00
ETH,KXETH15M-26SEP260730-30,eth-updown-15m-1790421300,A,2026-09-26T11:15:00+00:00,2026-09-26T11:30:00Z,0.755,0.755,1.228,2026-09-26T11:27:41.059009+00:00,up,up,1.0,0.245,2026-09-26T11:33:37.706566+00:00
BTC,KXBTC15M-26SEP260730-30,btc-updown-15m-1790421300,A,2026-09-26T11:15:00+00:00,2026-09-26T11:30:00Z,0.76,0.76,1.24,2026-09-26T11:27:09.184770+00:00,down,down,1.0,0.24,2026-09-26T11:36:22.261364+00:00
ETH,KXETH15M-26SEP260745-45,eth-updown-15m-1790423100,A,2026-09-26T11:45:00+00:00,2026-09-26T11:45:00Z,0.561,0.561,1.42,2026-09-26T11:45:04.722358+00:00,up,down,0.0,-0.561,2026-09-26T12:03:02.509535+00:00
BTC,KXBTC15M-26SEP260800-00,btc-updown-15m-1790423100,A,2026-09-26T11:45:00+00:00,2026-09-26T12:00:00Z,0.756,0.756,1.175,2026-09-26T11:59:13.312523+00:00,up,down,0.0,-0.756,2026-09-26T12:06:20.377026+00:00
ETH,KXETH15M-26SEP260815-15,eth-updown-15m-1790424000,A,2026-09-26T12:00:00+00:00,2026-09-26T12:15:00Z,0.78,0.78,1.23,2026-09-26T12:03:29.699407+00:00,down,down,1.0,0.22,2026-09-26T12:20:36.337933+00:00
BTC,KXBTC15M-26SEP260815-15,btc-updown-15m-1790424000,B,2026-09-26T12:00:00+00:00,2026-09-26T12:15:00Z,0.76,1.24,0.76,2026-09-26T12:07:07.624040+00:00,down,down,1.0,0.24,2026-09-26T12:21:41.121935+00:00
ETH,KXETH15M-26SEP260830-30,eth-updown-15m-1790424900,A,2026-09-26T12:15:00+00:00,2026-09-26T12:30:00Z,0.73,0.73,1.27,2026-09-26T12:24:22.592765+00:00,up,up,1.0,0.27,2026-09-26T12:36:27.561534+00:00
BTC,KXBTC15M-26SEP260830-30,btc-updown-15m-1790425800,B,2026-09-26T12:30:00+00:00,2026-09-26T12:30:00Z,0.461,1.53,0.461,2026-09-26T12:30:04.289182+00:00,down,down,1.0,0.539,2026-09-26T12:51:01.086299+00:00
BTC,KXBTC15M-26SEP260845-45,btc-updown-15m-1790426700,B,2026-09-26T12:45:00+00:00,2026-09-26T12:45:00Z,0.471,1.52,0.471,2026-09-26T12:45:01.457316+00:00,down,up,0.0,-0.471,2026-09-26T13:03:13.785457+00:00
BTC,KXBTC15M-26SEP260900-00,btc-updown-15m-1790426700,A,2026-09-26T12:45:00+00:00,2026-09-26T13:00:00Z,0.74,0.74,1.26,2026-09-26T12:54:04.166907+00:00,up,up,1.0,0.26,2026-09-26T13:03:13.785457+00:00
ETH,KXETH15M-26SEP260845-45,eth-updown-15m-1790426700,B,2026-09-26T12:45:00+00:00,2026-09-26T12:45:00Z,0.501,1.49,0.501,2026-09-26T12:45:01.457316+00:00,down,up,0.0,-0.501,2026-09-26T13:05:06.308058+00:00
ETH,KXETH15M-26SEP260900-00,eth-updown-15m-1790427600,A,2026-09-26T13:00:00+00:00,2026-09-26T13:00:00Z,0.331,0.331,1.55,2026-09-26T13:00:00.135083+00:00,up,down,0.0,-0.331,2026-09-26T13:20:45.509415+00:00
ETH,KXETH15M-26SEP260915-15,eth-updown-15m-1790427600,B,2026-09-26T13:00:00+00:00,2026-09-26T13:15:00Z,0.77,1.22,0.77,2026-09-26T13:01:05.543411+00:00,down,down,1.0,0.23,2026-09-26T13:20:45.509415+00:00
BTC,KXBTC15M-26SEP260915-15,btc-updown-15m-1790427600,A,2026-09-26T13:00:00+00:00,2026-09-26T13:15:00Z,0.79,0.79,1.21,2026-09-26T13:03:30.448158+00:00,down,down,1.0,0.21,2026-09-26T13:20:56.948546+00:00
BTC,KXBTC15M-26SEP260930-30,btc-updown-15m-1790428500,A,2026-09-26T13:15:00+00:00,2026-09-26T13:30:00Z,0.78,0.78,1.22,2026-09-26T13:22:03.984807+00:00,down,down,1.0,0.22,2026-09-26T13:33:48.322387+00:00
ETH,KXETH15M-26SEP260930-30,eth-updown-15m-1790428500,A,2026-09-26T13:15:00+00:00,2026-09-26T13:30:00Z,0.76,0.76,1.24,2026-09-26T13:22:09.621220+00:00,down,down,1.0,0.24,2026-09-26T13:38:16.370976+00:00
ETH,KXETH15M-26SEP260945-45,eth-updown-15m-1790429400,A,2026-09-26T13:30:00+00:00,2026-09-26T13:45:00Z,0.79,0.79,1.21,2026-09-26T13:41:11.947415+00:00,down,down,1.0,0.21,2026-09-26T13:47:41.168684+00:00
BTC,KXBTC15M-26SEP260945-45,btc-updown-15m-1790429400,A,2026-09-26T13:30:00+00:00,2026-09-26T13:45:00Z,0.79,0.79,1.2,2026-09-26T13:41:11.947415+00:00,up,up,1.0,0.21,2026-09-26T13:49:59.558873+00:00
ETH,KXETH15M-26SEP261000-00,eth-updown-15m-1790431200,A,2026-09-26T14:00:00+00:00,2026-09-26T14:00:00Z,0.551,0.551,1.43,2026-09-26T14:00:05.009707+00:00,up,up,1.0,0.449,2026-09-26T14:20:21.801874+00:00
ETH,KXETH15M-26SEP261015-15,eth-updown-15m-1790431200,A,2026-09-26T14:00:00+00:00,2026-09-26T14:15:00Z,0.77,0.77,1.23,2026-09-26T14:12:34.827340+00:00,up,up,1.0,0.23,2026-09-26T14:20:21.801874+00:00
BTC,KXBTC15M-26SEP261015-15,btc-updown-15m-1790431200,B,2026-09-26T14:00:00+00:00,2026-09-26T14:15:00Z,0.78,1.22,0.78,2026-09-26T14:07:20.579218+00:00,up,up,1.0,0.22,2026-09-26T14:20:44.852810+00:00
ETH,KXETH15M-26SEP261030-30,eth-updown-15m-1790433000,A,2026-09-26T14:30:00+00:00,2026-09-26T14:30:00Z,0.561,0.561,1.4,2026-09-26T14:30:00.252207+00:00,up,up,1.0,0.439,2026-09-26T14:49:24.667397+00:00
ETH,KXETH15M-26SEP261045-45,eth-updown-15m-1790433000,A,2026-09-26T14:30:00+00:00,2026-09-26T14:45:00Z,0.78,0.78,1.22,2026-09-26T14:39:33.878263+00:00,up,up,1.0,0.22,2026-09-26T14:49:24.667397+00:00
BTC,KXBTC15M-26SEP261030-30,btc-updown-15m-1790433000,A,2026-09-26T14:30:00+00:00,2026-09-26T14:30:00Z,0.561,0.561,1.43,2026-09-26T14:30:00.252207+00:00,up,up,1.0,0.439,2026-09-26T14:51:13.905621+00:00
BTC,KXBTC15M-26SEP261045-45,btc-updown-15m-1790433900,A,2026-09-26T14:45:00+00:00,2026-09-26T14:45:00Z,0.481,0.481,1.51,2026-09-26T14:45:00.894753+00:00,up,up,1.0,0.519,2026-09-26T15:05:10.691186+00:00
ETH,KXETH15M-26SEP261100-00,eth-updown-15m-1790434800,A,2026-09-26T15:00:00+00:00,2026-09-26T15:00:00Z,0.485,0.485,1.509,2026-09-26T15:00:03.424579+00:00,up,up,1.0,0.515,2026-09-26T15:20:13.843809+00:00
BTC,KXBTC15M-26SEP261100-00,btc-updown-15m-1790434800,A,2026-09-26T15:00:00+00:00,2026-09-26T15:00:00Z,0.502,0.502,1.489,2026-09-26T15:00:03.424579+00:00,up,up,1.0,0.498,2026-09-26T15:20:19.511199+00:00
BTC,KXBTC15M-26SEP261115-15,btc-updown-15m-1790434800,A,2026-09-26T15:00:00+00:00,2026-09-26T15:15:00Z,0.766,0.766,1.235,2026-09-26T15:13:46.901174+00:00,up,up,1.0,0.234,2026-09-26T15:20:19.511199+00:00
ETH,KXETH15M-26SEP261115-15,eth-updown-15m-1790435700,A,2026-09-26T15:15:00+00:00,2026-09-26T15:15:00Z,0.441,0.441,1.55,2026-09-26T15:15:01.974324+00:00,up,up,1.0,0.559,2026-09-26T15:32:35.843263+00:00
ETH,KXETH15M-26SEP261145-45,eth-updown-15m-1790436600,A,2026-09-26T15:30:00+00:00,2026-09-26T15:45:00Z,0.78,0.78,1.2,2026-09-26T15:40:58.690050+00:00,up,up,1.0,0.22,2026-09-26T15:52:20.494282+00:00
BTC,KXBTC15M-26SEP261145-45,btc-updown-15m-1790437500,A,2026-09-26T15:45:00+00:00,2026-09-26T15:45:00Z,0.561,0.561,1.42,2026-09-26T15:45:01.732560+00:00,up,up,1.0,0.439,2026-09-26T16:04:38.801268+00:00
BTC,KXBTC15M-26SEP261200-00,btc-updown-15m-1790437500,B,2026-09-26T15:45:00+00:00,2026-09-26T16:00:00Z,0.57,1.43,0.57,2026-09-26T15:52:31.591633+00:00,up,up,1.0,0.43,2026-09-26T16:04:38.801268+00:00
ETH,KXETH15M-26SEP261200-00,eth-updown-15m-1790437500,A,2026-09-26T15:45:00+00:00,2026-09-26T16:00:00Z,0.73,0.73,1.27,2026-09-26T15:53:49.591061+00:00,up,up,1.0,0.27,2026-09-26T16:06:09.010016+00:00
BTC,KXBTC15M-26SEP261215-15,btc-updown-15m-1790438400,A,2026-09-26T16:00:00+00:00,2026-09-26T16:15:00Z,0.78,0.78,1.22,2026-09-26T16:11:02.229568+00:00,down,down,1.0,0.22,2026-09-26T16:21:08.449118+00:00
BTC,KXBTC15M-26SEP261230-30,btc-updown-15m-1790439300,A,2026-09-26T16:15:00+00:00,2026-09-26T16:30:00Z,0.77,0.77,1.23,2026-09-26T16:20:01.550063+00:00,down,down,1.0,0.23,2026-09-26T16:33:29.357496+00:00
BTC,KXBTC15M-26SEP261245-45,btc-updown-15m-1790441100,A,2026-09-26T16:45:00+00:00,2026-09-26T16:45:00Z,0.461,0.461,1.53,2026-09-26T16:45:02.696878+00:00,up,down,0.0,-0.461,2026-09-26T17:05:25.620591+00:00
BTC,KXBTC15M-26SEP261300-00,btc-updown-15m-1790441100,B,2026-09-26T16:45:00+00:00,2026-09-26T17:00:00Z,0.756,1.235,0.756,2026-09-26T16:55:00.882228+00:00,down,down,1.0,0.244,2026-09-26T17:05:25.620591+00:00
ETH,KXETH15M-26SEP261245-45,eth-updown-15m-1790441100,A,2026-09-26T16:45:00+00:00,2026-09-26T16:45:00Z,0.441,0.441,1.55,2026-09-26T16:45:02.696878+00:00,up,down,0.0,-0.441,2026-09-26T17:06:46.774888+00:00
ETH,KXETH15M-26SEP261300-00,eth-updown-15m-1790442000,B,2026-09-26T17:00:00+00:00,2026-09-26T17:00:00Z,0.422,1.54,0.422,2026-09-26T17:00:02.035481+00:00,down,down,1.0,0.578,2026-09-26T17:17:32.686048+00:00
BTC,KXBTC15M-26SEP261315-15,btc-updown-15m-1790442000,A,2026-09-26T17:00:00+00:00,2026-09-26T17:15:00Z,0.78,0.78,1.22,2026-09-26T17:03:19.785685+00:00,down,down,1.0,0.22,2026-09-26T17:22:19.706208+00:00
ETH,KXETH15M-26SEP261315-15,eth-updown-15m-1790442900,B,2026-09-26T17:15:00+00:00,2026-09-26T17:15:00Z,0.431,1.52,0.431,2026-09-26T17:15:00.074223+00:00,down,down,1.0,0.569,2026-09-26T17:36:37.282034+00:00
ETH,KXETH15M-26SEP261330-30,eth-updown-15m-1790442900,B,2026-09-26T17:15:00+00:00,2026-09-26T17:30:00Z,0.52,1.48,0.52,2026-09-26T17:26:04.271778+00:00,down,down,1.0,0.48,2026-09-26T17:36:37.282034+00:00
BTC,KXBTC15M-26SEP261330-30,btc-updown-15m-1790443800,B,2026-09-26T17:30:00+00:00,2026-09-26T17:30:00Z,0.441,1.55,0.441,2026-09-26T17:30:04.061391+00:00,down,up,0.0,-0.441,2026-09-26T17:49:00.938192+00:00
BTC,KXBTC15M-26SEP261345-45,btc-updown-15m-1790443800,B,2026-09-26T17:30:00+00:00,2026-09-26T17:45:00Z,0.78,1.22,0.78,2026-09-26T17:40:07.256461+00:00,up,up,1.0,0.22,2026-09-26T17:49:00.938192+00:00
ETH,KXETH15M-26SEP261345-45,eth-updown-15m-1790443800,A,2026-09-26T17:30:00+00:00,2026-09-26T17:45:00Z,0.54,0.54,1.46,2026-09-26T17:40:24.085840+00:00,up,up,1.0,0.46,2026-09-26T17:50:16.969443+00:00
ETH,KXETH15M-26SEP261400-00,eth-updown-15m-1790444700,B,2026-09-26T17:45:00+00:00,2026-09-26T18:00:00Z,0.77,1.25,0.77,2026-09-26T17:56:44.147230+00:00,up,up,1.0,0.23,2026-09-26T18:05:20.670360+00:00
BTC,KXBTC15M-26SEP261400-00,btc-updown-15m-1790445600,A,2026-09-26T18:00:00+00:00,2026-09-26T18:00:00Z,0.501,0.501,1.49,2026-09-26T18:00:00.892664+00:00,up,down,0.0,-0.501,2026-09-26T18:21:32.302076+00:00
BTC,KXBTC15M-26SEP261415-15,btc-updown-15m-1790445600,A,2026-09-26T18:00:00+00:00,2026-09-26T18:15:00Z,0.79,0.79,1.2,2026-09-26T18:05:47.966629+00:00,down,down,1.0,0.21,2026-09-26T18:21:32.302076+00:00
ETH,KXETH15M-26SEP261415-15,eth-updown-15m-1790445600,A,2026-09-26T18:00:00+00:00,2026-09-26T18:15:00Z,0.7,0.7,1.29,2026-09-26T18:07:45.625435+00:00,down,down,1.0,0.3,2026-09-26T18:23:02.036179+00:00
ETH,KXETH15M-26SEP261430-30,eth-updown-15m-1790446500,B,2026-09-26T18:15:00+00:00,2026-09-26T18:30:00Z,0.72,1.26,0.72,2026-09-26T18:21:14.200827+00:00,down,down,1.0,0.28,2026-09-26T18:36:06.769373+00:00
BTC,KXBTC15M-26SEP261430-30,btc-updown-15m-1790447400,B,2026-09-26T18:30:00+00:00,2026-09-26T18:30:00Z,0.491,1.5,0.491,2026-09-26T18:30:05.407742+00:00,down,down,1.0,0.509,2026-09-26T18:48:29.667971+00:00
BTC,KXBTC15M-26SEP261445-45,btc-updown-15m-1790447400,B,2026-09-26T18:30:00+00:00,2026-09-26T18:45:00Z,0.74,1.26,0.74,2026-09-26T18:36:39.670780+00:00,down,down,1.0,0.26,2026-09-26T18:48:29.667971+00:00
ETH,KXETH15M-26SEP261445-45,eth-updown-15m-1790448300,B,2026-09-26T18:45:00+00:00,2026-09-26T18:45:00Z,0.551,1.52,0.551,2026-09-26T18:45:01.289304+00:00,down,up,0.0,-0.551,2026-09-26T19:06:17.647497+00:00
ETH,KXETH15M-26SEP261500-00,eth-updown-15m-1790448300,B,2026-09-26T18:45:00+00:00,2026-09-26T19:00:00Z,0.77,1.24,0.77,2026-09-26T18:58:31.454372+00:00,up,up,1.0,0.23,2026-09-26T19:06:17.647497+00:00
BTC,KXBTC15M-26SEP261500-00,btc-updown-15m-1790449200,B,2026-09-26T19:00:00+00:00,2026-09-26T19:00:00Z,0.321,1.67,0.321,2026-09-26T19:00:21.637921+00:00,down,up,0.0,-0.321,2026-09-26T19:20:37.616173+00:00
BTC,KXBTC15M-26SEP261515-15,btc-updown-15m-1790450100,A,2026-09-26T19:15:00+00:00,2026-09-26T19:15:00Z,0.541,0.541,1.45,2026-09-26T19:15:01.379826+00:00,up,up,1.0,0.459,2026-09-26T19:32:10.853988+00:00
BTC,KXBTC15M-26SEP261530-30,btc-updown-15m-1790450100,B,2026-09-26T19:15:00+00:00,2026-09-26T19:30:00Z,0.75,1.2,0.75,2026-09-26T19:20:48.543751+00:00,up,up,1.0,0.25,2026-09-26T19:32:10.853988+00:00
ETH,KXETH15M-26SEP261515-15,eth-updown-15m-1790450100,A,2026-09-26T19:15:00+00:00,2026-09-26T19:15:00Z,0.482,0.482,1.509,2026-09-26T19:15:01.379826+00:00,up,down,0.0,-0.482,2026-09-26T19:35:41.854848+00:00
ETH,KXETH15M-26SEP261530-30,eth-updown-15m-1790451000,B,2026-09-26T19:30:00+00:00,2026-09-26T19:30:00Z,0.611,1.38,0.611,2026-09-26T19:30:02.618278+00:00,down,down,1.0,0.389,2026-09-26T19:47:23.675639+00:00
ETH,KXETH15M-26SEP261545-45,eth-updown-15m-1790451000,A,2026-09-26T19:30:00+00:00,2026-09-26T19:45:00Z,0.79,0.79,1.22,2026-09-26T19:36:08.977339+00:00,down,down,1.0,0.21,2026-09-26T19:47:23.675639+00:00
BTC,KXBTC15M-26SEP261545-45,btc-updown-15m-1790451900,B,2026-09-26T19:45:00+00:00,2026-09-26T19:45:00Z,0.471,1.52,0.471,2026-09-26T19:45:04.609250+00:00,down,up,0.0,-0.471,2026-09-26T20:03:11.623398+00:00
BTC,KXBTC15M-26SEP261600-00,btc-updown-15m-1790451900,A,2026-09-26T19:45:00+00:00,2026-09-26T20:00:00Z,0.74,0.74,1.26,2026-09-26T19:50:13.689459+00:00,up,up,1.0,0.26,2026-09-26T20:03:11.623398+00:00
ETH,KXETH15M-26SEP261600-00,eth-updown-15m-1790451900,B,2026-09-26T19:45:00+00:00,2026-09-26T20:00:00Z,0.77,1.23,0.77,2026-09-26T19:48:04.637329+00:00,up,up,1.0,0.23,2026-09-26T20:05:16.491002+00:00
ETH,KXETH15M-26SEP261615-15,eth-updown-15m-1790452800,A,2026-09-26T20:00:00+00:00,2026-09-26T20:15:00Z,0.79,0.79,1.22,2026-09-26T20:04:12.147090+00:00,down,down,1.0,0.21,2026-09-26T20:17:59.559570+00:00
BTC,KXBTC15M-26SEP261615-15,btc-updown-15m-1790452800,A,2026-09-26T20:00:00+00:00,2026-09-26T20:15:00Z,0.69,0.69,1.31,2026-09-26T20:09:09.102638+00:00,down,down,1.0,0.31,2026-09-26T20:21:15.348921+00:00
ETH,KXETH15M-26SEP261630-30,eth-updown-15m-1790454600,A,2026-09-26T20:30:00+00:00,2026-09-26T20:30:00Z,0.481,0.481,1.51,2026-09-26T20:30:02.221528+00:00,up,down,0.0,-0.481,2026-09-26T20:47:45.296386+00:00
BTC,KXBTC15M-26SEP261630-30,btc-updown-15m-1790454600,A,2026-09-26T20:30:00+00:00,2026-09-26T20:30:00Z,0.481,0.481,1.51,2026-09-26T20:30:02.221528+00:00,up,down,0.0,-0.481,2026-09-26T20:48:41.959466+00:00
BTC,KXBTC15M-26SEP261645-45,btc-updown-15m-1790454600,A,2026-09-26T20:30:00+00:00,2026-09-26T20:45:00Z,0.76,0.76,1.24,2026-09-26T20:39:46.256640+00:00,down,down,1.0,0.24,2026-09-26T20:48:41.959466+00:00
BTC,KXBTC15M-26SEP261700-00,btc-updown-15m-1790455500,A,2026-09-26T20:45:00+00:00,2026-09-26T21:00:00Z,0.78,0.78,1.22,2026-09-26T20:47:13.855758+00:00,up,up,1.0,0.22,2026-09-26T21:03:18.238242+00:00
ETH,KXETH15M-26SEP261645-45,eth-updown-15m-1790455500,B,2026-09-26T20:45:00+00:00,2026-09-26T20:45:00Z,0.391,1.6,0.391,2026-09-26T20:45:03.347601+00:00,down,up,0.0,-0.391,2026-09-26T21:04:25.196325+00:00
ETH,KXETH15M-26SEP261700-00,eth-updown-15m-1790455500,A,2026-09-26T20:45:00+00:00,2026-09-26T21:00:00Z,0.79,0.79,1.16,2026-09-26T20:47:08.175062+00:00,up,up,1.0,0.21,2026-09-26T21:04:25.196325+00:00
ETH,KXETH15M-26SEP261715-15,eth-updown-15m-1790457300,A,2026-09-26T21:15:00+00:00,2026-09-26T21:15:00Z,0.511,0.511,1.48,2026-09-26T21:15:00.686372+00:00,up,up,1.0,0.489,2026-09-26T21:36:21.314880+00:00
BTC,KXBTC15M-26SEP261715-15,btc-updown-15m-1790457300,A,2026-09-26T21:15:00+00:00,2026-09-26T21:15:00Z,0.491,0.491,1.5,2026-09-26T21:15:00.686372+00:00,up,up,1.0,0.509,2026-09-26T21:36:32.257668+00:00
BTC,KXBTC15M-26SEP261730-30,btc-updown-15m-1790457300,A,2026-09-26T21:15:00+00:00,2026-09-26T21:30:00Z,0.75,0.75,1.25,2026-09-26T21:20:18.327881+00:00,up,up,1.0,0.25,2026-09-26T21:36:32.257668+00:00
ETH,KXETH15M-26SEP261730-30,eth-updown-15m-1790458200,A,2026-09-26T21:30:00+00:00,2026-09-26T21:30:00Z,0.591,0.591,1.39,2026-09-26T21:30:04.032928+00:00,up,down,0.0,-0.591,2026-09-26T21:52:51.883532+00:00
ETH,KXETH15M-26SEP261745-45,eth-updown-15m-1790458200,B,2026-09-26T21:30:00+00:00,2026-09-26T21:45:00Z,0.66,1.33,0.66,2026-09-26T21:34:53.660322+00:00,down,down,1.0,0.34,2026-09-26T21:52:51.883532+00:00
BTC,KXBTC15M-26SEP261745-45,btc-updown-15m-1790458200,A,2026-09-26T21:30:00+00:00,2026-09-26T21:45:00Z,0.78,0.78,1.2,2026-09-26T21:43:06.107733+00:00,down,down,1.0,0.22,2026-09-26T21:52:51.883532+00:00
BTC,KXBTC15M-26SEP261800-00,btc-updown-15m-1790459100,A,2026-09-26T21:45:00+00:00,2026-09-26T22:00:00Z,0.76,0.76,1.24,2026-09-26T21:53:02.515747+00:00,down,down,1.0,0.24,2026-09-26T22:02:21.210863+00:00
ETH,KXETH15M-26SEP261800-00,eth-updown-15m-1790460000,B,2026-09-26T22:00:00+00:00,2026-09-26T22:00:00Z,0.451,1.53,0.451,2026-09-26T22:00:00.696866+00:00,down,up,0.0,-0.451,2026-09-26T22:22:02.637228+00:00
ETH,KXETH15M-26SEP261815-15,eth-updown-15m-1790460000,A,2026-09-26T22:00:00+00:00,2026-09-26T22:15:00Z,0.78,0.78,1.19,2026-09-26T22:03:02.537106+00:00,up,up,1.0,0.22,2026-09-26T22:22:02.637228+00:00
ETH,KXETH15M-26SEP261830-30,eth-updown-15m-1790460900,B,2026-09-26T22:15:00+00:00,2026-09-26T22:30:00Z,0.79,1.11,0.79,2026-09-26T22:24:12.134078+00:00,up,up,1.0,0.21,2026-09-26T22:32:58.173270+00:00
BTC,KXBTC15M-26SEP261815-15,btc-updown-15m-1790460900,A,2026-09-26T22:15:00+00:00,2026-09-26T22:15:00Z,0.571,0.571,1.42,2026-09-26T22:15:05.084683+00:00,up,up,1.0,0.429,2026-09-26T22:34:29.233608+00:00
BTC,KXBTC15M-26SEP261830-30,btc-updown-15m-1790460900,B,2026-09-26T22:15:00+00:00,2026-09-26T22:30:00Z,0.79,1.21,0.79,2026-09-26T22:24:34.707088+00:00,up,up,1.0,0.21,2026-09-26T22:34:29.233608+00:00
ETH,KXETH15M-26SEP261845-45,eth-updown-15m-1790462700,B,2026-09-26T22:45:00+00:00,2026-09-26T22:45:00Z,0.511,1.48,0.511,2026-09-26T22:45:03.898662+00:00,down,up,0.0,-0.511,2026-09-26T23:03:21.763324+00:00
BTC,KXBTC15M-26SEP261845-45,btc-updown-15m-1790462700,B,2026-09-26T22:45:00+00:00,2026-09-26T22:45:00Z,0.601,1.39,0.601,2026-09-26T22:45:03.898662+00:00,down,down,1.0,0.399,2026-09-26T23:04:51.519257+00:00
BTC,KXBTC15M-26SEP261900-00,btc-updown-15m-1790462700,A,2026-09-26T22:45:00+00:00,2026-09-26T23:00:00Z,0.79,0.79,1.11,2026-09-26T22:54:38.851820+00:00,down,down,1.0,0.21,2026-09-26T23:04:51.519257+00:00
BTC,KXBTC15M-26SEP261915-15,btc-updown-15m-1790464500,A,2026-09-26T23:15:00+00:00,2026-09-26T23:15:00Z,0.511,0.511,1.48,2026-09-26T23:15:00.925474+00:00,up,up,1.0,0.489,2026-09-26T23:32:59.136648+00:00
BTC,KXBTC15M-26SEP261930-30,btc-updown-15m-1790464500,A,2026-09-26T23:15:00+00:00,2026-09-26T23:30:00Z,0.78,0.78,1.17,2026-09-26T23:16:12.246790+00:00,up,up,1.0,0.22,2026-09-26T23:32:59.136648+00:00
ETH,KXETH15M-26SEP261915-15,eth-updown-15m-1790464500,A,2026-09-26T23:15:00+00:00,2026-09-26T23:15:00Z,0.451,0.451,1.53,2026-09-26T23:15:00.925474+00:00,up,up,1.0,0.549,2026-09-26T23:34:43.650085+00:00
ETH,KXETH15M-26SEP261930-30,eth-updown-15m-1790465400,A,2026-09-26T23:30:00+00:00,2026-09-26T23:30:00Z,0.441,0.441,1.55,2026-09-26T23:30:02.008172+00:00,up,down,0.0,-0.441,2026-09-26T23:48:57.738552+00:00
ETH,KXETH15M-26SEP261945-45,eth-updown-15m-1790465400,B,2026-09-26T23:30:00+00:00,2026-09-26T23:45:00Z,0.76,1.25,0.76,2026-09-26T23:39:01.482687+00:00,down,down,1.0,0.24,2026-09-26T23:48:57.738552+00:00
BTC,KXBTC15M-26SEP261945-45,btc-updown-15m-1790465400,A,2026-09-26T23:30:00+00:00,2026-09-26T23:45:00Z,0.72,0.72,1.28,2026-09-26T23:43:03.895989+00:00,down,down,1.0,0.28,2026-09-26T23:51:21.060937+00:00
ETH,KXETH15M-26SEP262000-00,eth-updown-15m-1790467200,A,2026-09-27T00:00:00+00:00,2026-09-27T00:00:00Z,0.451,0.451,1.54,2026-09-27T00:00:05.270046+00:00,up,down,0.0,-0.451,2026-09-27T00:18:27.535871+00:00
ETH,KXETH15M-26SEP262015-15,eth-updown-15m-1790467200,A,2026-09-27T00:00:00+00:00,2026-09-27T00:15:00Z,0.79,0.79,1.21,2026-09-27T00:01:45.960199+00:00,down,down,1.0,0.21,2026-09-27T00:18:27.535871+00:00
BTC,KXBTC15M-26SEP262000-00,btc-updown-15m-1790467200,A,2026-09-27T00:00:00+00:00,2026-09-27T00:00:00Z,0.441,0.441,1.56,2026-09-27T00:00:05.270046+00:00,up,down,0.0,-0.441,2026-09-27T00:18:44.833357+00:00
BTC,KXBTC15M-26SEP262015-15,btc-updown-15m-1790468100,B,2026-09-27T00:15:00+00:00,2026-09-27T00:15:00Z,0.491,1.5,0.491,2026-09-27T00:15:03.148515+00:00,down,down,1.0,0.509,2026-09-27T00:32:07.806018+00:00
ETH,KXETH15M-26SEP262030-30,eth-updown-15m-1790468100,B,2026-09-27T00:15:00+00:00,2026-09-27T00:30:00Z,0.484,1.314,0.484,2026-09-27T00:28:35.358585+00:00,up,up,1.0,0.516,2026-09-27T00:35:08.211700+00:00
BTC,KXBTC15M-26SEP262030-30,btc-updown-15m-1790469000,B,2026-09-27T00:30:00+00:00,2026-09-27T00:30:00Z,0.491,1.5,0.491,2026-09-27T00:30:05.391662+00:00,down,up,0.0,-0.491,2026-09-27T00:47:18.905215+00:00
BTC,KXBTC15M-26SEP262045-45,btc-updown-15m-1790469900,A,2026-09-27T00:45:00+00:00,2026-09-27T00:45:00Z,0.501,0.501,1.49,2026-09-27T00:45:05.852666+00:00,up,down,0.0,-0.501,2026-09-27T01:04:16.722839+00:00
ETH,KXETH15M-26SEP262045-45,eth-updown-15m-1790469900,A,2026-09-27T00:45:00+00:00,2026-09-27T00:45:00Z,0.461,0.461,1.53,2026-09-27T00:45:05.852666+00:00,up,down,0.0,-0.461,2026-09-27T01:05:10.767305+00:00
ETH,KXETH15M-26SEP262100-00,eth-updown-15m-1790470800,B,2026-09-27T01:00:00+00:00,2026-09-27T01:00:00Z,0.521,1.47,0.521,2026-09-27T01:00:04.140474+00:00,down,up,0.0,-0.521,2026-09-27T01:18:16.821493+00:00
ETH,KXETH15M-26SEP262115-15,eth-updown-15m-1790470800,A,2026-09-27T01:00:00+00:00,2026-09-27T01:15:00Z,0.71,0.71,1.3,2026-09-27T01:01:05.519469+00:00,up,up,1.0,0.29,2026-09-27T01:18:16.821493+00:00
BTC,KXBTC15M-26SEP262100-00,btc-updown-15m-1790470800,B,2026-09-27T01:00:00+00:00,2026-09-27T01:00:00Z,0.511,1.48,0.511,2026-09-27T01:00:04.140474+00:00,down,up,0.0,-0.511,2026-09-27T01:21:08.082288+00:00
BTC,KXBTC15M-26SEP262115-15,btc-updown-15m-1790470800,B,2026-09-27T01:00:00+00:00,2026-09-27T01:15:00Z,0.79,1.21,0.79,2026-09-27T01:07:13.296210+00:00,up,up,1.0,0.21,2026-09-27T01:21:08.082288+00:00
ETH,KXETH15M-26SEP262130-30,eth-updown-15m-1790471700,A,2026-09-27T01:15:00+00:00,2026-09-27T01:30:00Z,0.73,0.73,1.27,2026-09-27T01:16:56.879302+00:00,down,down,1.0,0.27,2026-09-27T01:32:29.451642+00:00
ETH,KXETH15M-26SEP262145-45,eth-updown-15m-1790472600,A,2026-09-27T01:30:00+00:00,2026-09-27T01:45:00Z,0.76,0.76,1.26,2026-09-27T01:33:51.788809+00:00,up,up,1.0,0.24,2026-09-27T01:48:09.780296+00:00
BTC,KXBTC15M-26SEP262130-30,btc-updown-15m-1790472600,B,2026-09-27T01:30:00+00:00,2026-09-27T01:30:00Z,0.541,1.45,0.541,2026-09-27T01:30:00.413024+00:00,down,up,0.0,-0.541,2026-09-27T01:51:36.891068+00:00
BTC,KXBTC15M-26SEP262145-45,btc-updown-15m-1790472600,A,2026-09-27T01:30:00+00:00,2026-09-27T01:45:00Z,0.78,0.78,1.22,2026-09-27T01:33:57.309218+00:00,up,up,1.0,0.22,2026-09-27T01:51:36.891068+00:00
ETH,KXETH15M-26SEP262200-00,eth-updown-15m-1790474400,A,2026-09-27T02:00:00+00:00,2026-09-27T02:00:00Z,0.451,0.451,1.53,2026-09-27T02:00:19.838097+00:00,up,down,0.0,-0.451,2026-09-27T02:18:31.455786+00:00
ETH,KXETH15M-26SEP262215-15,eth-updown-15m-1790474400,B,2026-09-27T02:00:00+00:00,2026-09-27T02:15:00Z,0.74,1.26,0.74,2026-09-27T02:09:02.513353+00:00,down,down,1.0,0.26,2026-09-27T02:18:31.455786+00:00
BTC,KXBTC15M-26SEP262200-00,btc-updown-15m-1790474400,A,2026-09-27T02:00:00+00:00,2026-09-27T02:00:00Z,0.511,0.511,1.48,2026-09-27T02:00:19.838097+00:00,up,down,0.0,-0.511,2026-09-27T02:22:00.901927+00:00
BTC,KXBTC15M-26SEP262215-15,btc-updown-15m-1790474400,B,2026-09-27T02:00:00+00:00,2026-09-27T02:15:00Z,0.79,1.21,0.79,2026-09-27T02:07:03.202162+00:00,down,down,1.0,0.21,2026-09-27T02:22:00.901927+00:00
BTC,KXBTC15M-26SEP262230-30,btc-updown-15m-1790475300,B,2026-09-27T02:15:00+00:00,2026-09-27T02:30:00Z,0.78,1.22,0.78,2026-09-27T02:19:33.623797+00:00,up,up,1.0,0.22,2026-09-27T02:35:44.277992+00:00
BTC,KXBTC15M-26SEP262245-45,btc-updown-15m-1790477100,B,2026-09-27T02:45:00+00:00,2026-09-27T02:45:00Z,0.521,1.47,0.521,2026-09-27T02:45:01.166426+00:00,down,down,1.0,0.479,2026-09-27T03:02:24.628563+00:00
BTC,KXBTC15M-26SEP262300-00,btc-updown-15m-1790477100,A,2026-09-27T02:45:00+00:00,2026-09-27T03:00:00Z,0.76,0.76,1.24,2026-09-27T02:52:02.901474+00:00,down,down,1.0,0.24,2026-09-27T03:02:24.628563+00:00
ETH,KXETH15M-26SEP262245-45,eth-updown-15m-1790477100,B,2026-09-27T02:45:00+00:00,2026-09-27T02:45:00Z,0.541,1.45,0.541,2026-09-27T02:45:01.166426+00:00,down,down,1.0,0.459,2026-09-27T03:03:30.764051+00:00
ETH,KXETH15M-26SEP262300-00,eth-updown-15m-1790477100,A,2026-09-27T02:45:00+00:00,2026-09-27T03:00:00Z,0.79,0.79,1.21,2026-09-27T02:52:02.901474+00:00,down,down,1.0,0.21,2026-09-27T03:03:30.764051+00:00
BTC,KXBTC15M-26SEP262315-15,btc-updown-15m-1790478000,A,2026-09-27T03:00:00+00:00,2026-09-27T03:15:00Z,0.787,0.787,1.204,2026-09-27T03:10:15.869472+00:00,up,up,1.0,0.213,2026-09-27T03:20:00.043213+00:00
ETH,KXETH15M-26SEP262315-15,eth-updown-15m-1790478900,A,2026-09-27T03:15:00+00:00,2026-09-27T03:15:00Z,0.511,0.511,1.48,2026-09-27T03:15:02.780993+00:00,up,down,0.0,-0.511,2026-09-27T03:34:54.258725+00:00
BTC,KXBTC15M-26SEP262330-30,btc-updown-15m-1790479800,B,2026-09-27T03:30:00+00:00,2026-09-27T03:30:00Z,0.421,1.57,0.421,2026-09-27T03:30:01.957776+00:00,down,up,0.0,-0.421,2026-09-27T03:48:33.083889+00:00
BTC,KXBTC15M-26SEP262345-45,btc-updown-15m-1790479800,B,2026-09-27T03:30:00+00:00,2026-09-27T03:45:00Z,0.77,1.23,0.77,2026-09-27T03:40:30.282209+00:00,up,up,1.0,0.23,2026-09-27T03:48:33.083889+00:00
ETH,KXETH15M-26SEP262330-30,eth-updown-15m-1790479800,B,2026-09-27T03:30:00+00:00,2026-09-27T03:30:00Z,0.491,1.5,0.491,2026-09-27T03:30:01.957776+00:00,down,up,0.0,-0.491,2026-09-27T03:50:35.938124+00:00
BTC,KXBTC15M-26SEP270000-00,btc-updown-15m-1790480700,B,2026-09-27T03:45:00+00:00,2026-09-27T04:00:00Z,0.73,1.27,0.73,2026-09-27T03:55:22.061833+00:00,down,up,0.0,-0.73,2026-09-27T04:04:45.842432+00:00
ETH,KXETH15M-26SEP262345-45,eth-updown-15m-1790480700,A,2026-09-27T03:45:00+00:00,2026-09-27T03:45:00Z,0.502,0.502,1.479,2026-09-27T03:45:03.785675+00:00,up,down,0.0,-0.502,2026-09-27T04:06:16.826952+00:00
ETH,KXETH15M-26SEP270000-00,eth-updown-15m-1790481600,B,2026-09-27T04:00:00+00:00,2026-09-27T04:00:00Z,0.621,1.33,0.621,2026-09-27T04:00:04.918317+00:00,down,up,0.0,-0.621,2026-09-27T04:17:11.606038+00:00
ETH,KXETH15M-26SEP270015-15,eth-updown-15m-1790481600,B,2026-09-27T04:00:00+00:00,2026-09-27T04:15:00Z,0.72,1.28,0.72,2026-09-27T04:07:34.632235+00:00,up,up,1.0,0.28,2026-09-27T04:17:11.606038+00:00
BTC,KXBTC15M-26SEP270015-15,btc-updown-15m-1790481600,B,2026-09-27T04:00:00+00:00,2026-09-27T04:15:00Z,0.77,1.23,0.77,2026-09-27T04:07:34.632235+00:00,up,up,1.0,0.23,2026-09-27T04:20:18.130102+00:00
ETH,KXETH15M-26SEP270030-30,eth-updown-15m-1790482500,B,2026-09-27T04:15:00+00:00,2026-09-27T04:30:00Z,0.72,1.27,0.72,2026-09-27T04:21:07.355112+00:00,down,down,1.0,0.28,2026-09-27T04:34:22.155757+00:00
BTC,KXBTC15M-26SEP270030-30,btc-updown-15m-1790482500,B,2026-09-27T04:15:00+00:00,2026-09-27T04:30:00Z,0.74,1.26,0.74,2026-09-27T04:21:07.355112+00:00,down,down,1.0,0.26,2026-09-27T04:35:34.363173+00:00
BTC,KXBTC15M-26SEP270045-45,btc-updown-15m-1790484300,B,2026-09-27T04:45:00+00:00,2026-09-27T04:45:00Z,0.491,1.5,0.491,2026-09-27T04:45:01.106793+00:00,down,up,0.0,-0.491,2026-09-27T05:02:17.379951+00:00
ETH,KXETH15M-26SEP270045-45,eth-updown-15m-1790484300,B,2026-09-27T04:45:00+00:00,2026-09-27T04:45:00Z,0.471,1.52,0.471,2026-09-27T04:45:01.106793+00:00,down,up,0.0,-0.471,2026-09-27T05:06:25.101025+00:00
BTC,KXBTC15M-26SEP270100-00,btc-updown-15m-1790485200,A,2026-09-27T05:00:00+00:00,2026-09-27T05:00:00Z,0.511,0.511,1.48,2026-09-27T05:00:02.178439+00:00,up,up,1.0,0.489,2026-09-27T05:17:40.684682+00:00
ETH,KXETH15M-26SEP270100-00,eth-updown-15m-1790485200,A,2026-09-27T05:00:00+00:00,2026-09-27T05:00:00Z,0.471,0.471,1.55,2026-09-27T05:00:02.178439+00:00,up,up,1.0,0.529,2026-09-27T05:18:37.208882+00:00
ETH,KXETH15M-26SEP270115-15,eth-updown-15m-1790485200,B,2026-09-27T05:00:00+00:00,2026-09-27T05:15:00Z,0.7,1.3,0.7,2026-09-27T05:02:16.305882+00:00,up,up,1.0,0.3,2026-09-27T05:18:37.208882+00:00
BTC,KXBTC15M-26SEP270115-15,btc-updown-15m-1790486100,A,2026-09-27T05:15:00+00:00,2026-09-27T05:15:00Z,0.571,0.571,1.42,2026-09-27T05:15:02.444381+00:00,up,up,1.0,0.429,2026-09-27T05:33:44.968238+00:00
ETH,KXETH15M-26SEP270130-30,eth-updown-15m-1790486100,B,2026-09-27T05:15:00+00:00,2026-09-27T05:30:00Z,0.78,1.22,0.78,2026-09-27T05:18:31.255269+00:00,up,up,1.0,0.22,2026-09-27T05:34:53.800927+00:00
BTC,KXBTC15M-26SEP270145-45,btc-updown-15m-1790487000,B,2026-09-27T05:30:00+00:00,2026-09-27T05:45:00Z,0.72,1.28,0.72,2026-09-27T05:30:59.777690+00:00,up,up,1.0,0.28,2026-09-27T05:50:49.684338+00:00
BTC,KXBTC15M-26SEP270200-00,btc-updown-15m-1790488800,B,2026-09-27T06:00:00+00:00,2026-09-27T06:00:00Z,0.611,1.38,0.611,2026-09-27T06:00:05.051526+00:00,down,up,0.0,-0.611,2026-09-27T06:17:08.408814+00:00
BTC,KXBTC15M-26SEP270215-15,btc-updown-15m-1790489700,A,2026-09-27T06:15:00+00:00,2026-09-27T06:15:00Z,0.491,0.491,1.5,2026-09-27T06:15:05.349754+00:00,up,up,1.0,0.509,2026-09-27T06:33:06.139399+00:00
BTC,KXBTC15M-26SEP270230-30,btc-updown-15m-1790489700,A,2026-09-27T06:15:00+00:00,2026-09-27T06:30:00Z,0.79,0.79,1.21,2026-09-27T06:16:50.853248+00:00,up,up,1.0,0.21,2026-09-27T06:33:06.139399+00:00
ETH,KXETH15M-26SEP270215-15,eth-updown-15m-1790489700,A,2026-09-27T06:15:00+00:00,2026-09-27T06:15:00Z,0.401,0.401,1.59,2026-09-27T06:15:05.349754+00:00,up,up,1.0,0.599,2026-09-27T06:34:59.823070+00:00
ETH,KXETH15M-26SEP270230-30,eth-updown-15m-1790489700,A,2026-09-27T06:15:00+00:00,2026-09-27T06:30:00Z,0.73,0.73,1.27,2026-09-27T06:21:40.333226+00:00,up,up,1.0,0.27,2026-09-27T06:34:59.823070+00:00
ETH,KXETH15M-26SEP270245-45,eth-updown-15m-1790490600,A,2026-09-27T06:30:00+00:00,2026-09-27T06:45:00Z,0.79,0.79,1.21,2026-09-27T06:31:54.965854+00:00,down,down,1.0,0.21,2026-09-27T06:50:36.915462+00:00
BTC,KXBTC15M-26SEP270245-45,btc-updown-15m-1790491500,B,2026-09-27T06:45:00+00:00,2026-09-27T06:45:00Z,0.441,1.55,0.441,2026-09-27T06:45:02.608010+00:00,down,up,0.0,-0.441,2026-09-27T07:05:48.523433+00:00
BTC,KXBTC15M-26SEP270300-00,btc-updown-15m-1790491500,A,2026-09-27T06:45:00+00:00,2026-09-27T07:00:00Z,0.75,0.75,1.25,2026-09-27T06:55:15.282500+00:00,up,up,1.0,0.25,2026-09-27T07:05:48.523433+00:00
ETH,KXETH15M-26SEP270300-00,eth-updown-15m-1790491500,B,2026-09-27T06:45:00+00:00,2026-09-27T07:00:00Z,0.74,1.26,0.74,2026-09-27T06:52:21.957444+00:00,down,down,1.0,0.26,2026-09-27T07:05:59.490763+00:00
BTC,KXBTC15M-26SEP270315-15,btc-updown-15m-1790492400,A,2026-09-27T07:00:00+00:00,2026-09-27T07:15:00Z,0.76,0.76,1.24,2026-09-27T07:12:04.955119+00:00,up,up,1.0,0.24,2026-09-27T07:20:13.253149+00:00
ETH,KXETH15M-26SEP270315-15,eth-updown-15m-1790492400,B,2026-09-27T07:00:00+00:00,2026-09-27T07:15:00Z,0.79,1.22,0.79,2026-09-27T07:00:49.839156+00:00,down,down,1.0,0.21,2026-09-27T07:22:16.561724+00:00
ETH,KXETH15M-26SEP270330-30,eth-updown-15m-1790493300,A,2026-09-27T07:15:00+00:00,2026-09-27T07:30:00Z,0.78,0.78,1.21,2026-09-27T07:17:50.909894+00:00,up,up,1.0,0.22,2026-09-27T07:36:18.339796+00:00
BTC,KXBTC15M-26SEP270330-30,btc-updown-15m-1790493300,B,2026-09-27T07:15:00+00:00,2026-09-27T07:30:00Z,0.42,1.49,0.42,2026-09-27T07:28:56.022681+00:00,up,up,1.0,0.58,2026-09-27T07:36:40.763288+00:00
BTC,KXBTC15M-26SEP270345-45,btc-updown-15m-1790494200,B,2026-09-27T07:30:00+00:00,2026-09-27T07:45:00Z,0.79,1.2,0.79,2026-09-27T07:33:08.465610+00:00,up,up,1.0,0.21,2026-09-27T07:51:26.783080+00:00
BTC,KXBTC15M-26SEP270400-00,btc-updown-15m-1790495100,B,2026-09-27T07:45:00+00:00,2026-09-27T08:00:00Z,0.65,1.35,0.65,2026-09-27T07:50:16.942285+00:00,up,up,1.0,0.35,2026-09-27T08:06:16.309024+00:00
BTC,KXBTC15M-26SEP270415-15,btc-updown-15m-1790496000,A,2026-09-27T08:00:00+00:00,2026-09-27T08:15:00Z,0.746,0.746,1.235,2026-09-27T08:12:40.603842+00:00,up,up,1.0,0.254,2026-09-27T08:18:23.813207+00:00
ETH,KXETH15M-26SEP270400-00,eth-updown-15m-1790496000,A,2026-09-27T08:00:00+00:00,2026-09-27T08:00:00Z,0.441,0.441,1.55,2026-09-27T08:00:03.913121+00:00,up,down,0.0,-0.441,2026-09-27T08:22:00.335440+00:00
ETH,KXETH15M-26SEP270415-15,eth-updown-15m-1790496000,B,2026-09-27T08:00:00+00:00,2026-09-27T08:15:00Z,0.79,1.2,0.79,2026-09-27T08:02:49.636939+00:00,down,down,1.0,0.21,2026-09-27T08:22:00.335440+00:00
BTC,KXBTC15M-26SEP270430-30,btc-updown-15m-1790496900,A,2026-09-27T08:15:00+00:00,2026-09-27T08:30:00Z,0.77,0.77,1.23,2026-09-27T08:22:10.907675+00:00,up,up,1.0,0.23,2026-09-27T08:33:07.767159+00:00
ETH,KXETH15M-26SEP270430-30,eth-updown-15m-1790496900,A,2026-09-27T08:15:00+00:00,2026-09-27T08:30:00Z,0.79,0.79,1.2,2026-09-27T08:18:29.118249+00:00,down,down,1.0,0.21,2026-09-27T08:35:09.443706+00:00
BTC,KXBTC15M-26SEP270445-45,btc-updown-15m-1790497800,A,2026-09-27T08:30:00+00:00,2026-09-27T08:45:00Z,0.78,0.78,1.21,2026-09-27T08:35:52.912905+00:00,down,down,1.0,0.22,2026-09-27T08:51:48.087488+00:00
ETH,KXETH15M-26SEP270445-45,eth-updown-15m-1790498700,B,2026-09-27T08:45:00+00:00,2026-09-27T08:45:00Z,0.401,1.58,0.401,2026-09-27T08:45:02.150018+00:00,down,down,1.0,0.599,2026-09-27T09:03:26.661652+00:00
ETH,KXETH15M-26SEP270500-00,eth-updown-15m-1790498700,A,2026-09-27T08:45:00+00:00,2026-09-27T09:00:00Z,0.65,0.65,1.35,2026-09-27T08:56:01.838082+00:00,down,down,1.0,0.35,2026-09-27T09:03:26.661652+00:00
ETH,KXETH15M-26SEP270515-15,eth-updown-15m-1790500500,B,2026-09-27T09:15:00+00:00,2026-09-27T09:15:00Z,0.481,1.5,0.481,2026-09-27T09:15:00.274910+00:00,down,up,0.0,-0.481,2026-09-27T09:32:51.898903+00:00
ETH,KXETH15M-26SEP270530-30,eth-updown-15m-1790500500,B,2026-09-27T09:15:00+00:00,2026-09-27T09:30:00Z,0.76,1.24,0.76,2026-09-27T09:18:29.278780+00:00,up,up,1.0,0.24,2026-09-27T09:32:51.898903+00:00
BTC,KXBTC15M-26SEP270515-15,btc-updown-15m-1790500500,B,2026-09-27T09:15:00+00:00,2026-09-27T09:15:00Z,0.561,1.43,0.561,2026-09-27T09:15:00.274910+00:00,down,up,0.0,-0.561,2026-09-27T09:36:54.431617+00:00
BTC,KXBTC15M-26SEP270530-30,btc-updown-15m-1790500500,B,2026-09-27T09:15:00+00:00,2026-09-27T09:30:00Z,0.79,1.19,0.79,2026-09-27T09:25:20.124136+00:00,up,up,1.0,0.21,2026-09-27T09:36:54.431617+00:00
ETH,KXETH15M-26SEP270545-45,eth-updown-15m-1790501400,B,2026-09-27T09:30:00+00:00,2026-09-27T09:45:00Z,0.77,1.23,0.77,2026-09-27T09:32:40.179075+00:00,up,up,1.0,0.23,2026-09-27T09:48:48.589539+00:00
BTC,KXBTC15M-26SEP270545-45,btc-updown-15m-1790501400,A,2026-09-27T09:30:00+00:00,2026-09-27T09:45:00Z,0.79,0.79,1.21,2026-09-27T09:34:07.971619+00:00,up,up,1.0,0.21,2026-09-27T09:51:18.932533+00:00
ETH,KXETH15M-26SEP270600-00,eth-updown-15m-1790502300,A,2026-09-27T09:45:00+00:00,2026-09-27T10:00:00Z,0.78,0.78,1.22,2026-09-27T09:55:10.734207+00:00,up,up,1.0,0.22,2026-09-27T10:03:51.457593+00:00
ETH,KXETH15M-26SEP270615-15,eth-updown-15m-1790503200,A,2026-09-27T10:00:00+00:00,2026-09-27T10:15:00Z,0.78,0.78,1.23,2026-09-27T10:01:08.027806+00:00,up,up,1.0,0.22,2026-09-27T10:22:05.592788+00:00
BTC,KXBTC15M-26SEP270600-00,btc-updown-15m-1790503200,A,2026-09-27T10:00:00+00:00,2026-09-27T10:00:00Z,0.541,0.541,1.45,2026-09-27T10:00:04.657612+00:00,up,up,1.0,0.459,2026-09-27T10:22:21.082764+00:00
BTC,KXBTC15M-26SEP270615-15,btc-updown-15m-1790503200,B,2026-09-27T10:00:00+00:00,2026-09-27T10:15:00Z,0.78,1.11,0.78,2026-09-27T10:01:24.919601+00:00,up,up,1.0,0.22,2026-09-27T10:22:21.082764+00:00
ETH,KXETH15M-26SEP270630-30,eth-updown-15m-1790504100,A,2026-09-27T10:15:00+00:00,2026-09-27T10:30:00Z,0.79,0.79,1.22,2026-09-27T10:19:14.343635+00:00,down,down,1.0,0.21,2026-09-27T10:33:40.616086+00:00
BTC,KXBTC15M-26SEP270630-30,btc-updown-15m-1790504100,A,2026-09-27T10:15:00+00:00,2026-09-27T10:30:00Z,0.78,0.78,1.22,2026-09-27T10:17:10.394145+00:00,down,down,1.0,0.22,2026-09-27T10:36:05.550918+00:00
BTC,KXBTC15M-26SEP270645-45,btc-updown-15m-1790505900,B,2026-09-27T10:45:00+00:00,2026-09-27T10:45:00Z,0.531,1.46,0.531,2026-09-27T10:45:04.319309+00:00,down,up,0.0,-0.531,2026-09-27T11:06:23.973296+00:00
ETH,KXETH15M-26SEP270645-45,eth-updown-15m-1790505900,B,2026-09-27T10:45:00+00:00,2026-09-27T10:45:00Z,0.471,1.52,0.471,2026-09-27T10:45:04.319309+00:00,down,up,0.0,-0.471,2026-09-27T11:06:23.973296+00:00
BTC,KXBTC15M-26SEP270700-00,btc-updown-15m-1790505900,A,2026-09-27T10:45:00+00:00,2026-09-27T11:00:00Z,0.79,0.79,1.21,2026-09-27T10:50:20.405867+00:00,up,up,1.0,0.21,2026-09-27T11:06:23.973296+00:00
ETH,KXETH15M-26SEP270700-00,eth-updown-15m-1790505900,B,2026-09-27T10:45:00+00:00,2026-09-27T11:00:00Z,0.71,1.29,0.71,2026-09-27T10:56:12.142918+00:00,up,up,1.0,0.29,2026-09-27T11:06:23.973296+00:00
ETH,KXETH15M-26SEP270715-15,eth-updown-15m-1790506800,A,2026-09-27T11:00:00+00:00,2026-09-27T11:15:00Z,0.766,0.766,1.216,2026-09-27T11:13:51.457008+00:00,up,up,1.0,0.234,2026-09-27T11:21:42.026329+00:00
BTC,KXBTC15M-26SEP270715-15,btc-updown-15m-1790507700,A,2026-09-27T11:15:00+00:00,2026-09-27T11:15:00Z,0.481,0.481,1.51,2026-09-27T11:15:01.123991+00:00,up,up,1.0,0.519,2026-09-27T11:32:59.506971+00:00
BTC,KXBTC15M-26SEP270730-30,btc-updown-15m-1790507700,B,2026-09-27T11:15:00+00:00,2026-09-27T11:30:00Z,0.79,1.21,0.79,2026-09-27T11:22:39.527455+00:00,down,up,0.0,-0.79,2026-09-27T11:32:59.506971+00:00
ETH,KXETH15M-26SEP270730-30,eth-updown-15m-1790507700,B,2026-09-27T11:15:00+00:00,2026-09-27T11:30:00Z,0.71,1.29,0.71,2026-09-27T11:26:53.087288+00:00,down,down,1.0,0.29,2026-09-27T11:34:44.058552+00:00
BTC,KXBTC15M-26SEP270745-45,btc-updown-15m-1790508600,A,2026-09-27T11:30:00+00:00,2026-09-27T11:45:00Z,0.78,0.78,1.22,2026-09-27T11:33:16.402096+00:00,down,down,1.0,0.22,2026-09-27T11:51:40.128092+00:00
ETH,KXETH15M-26SEP270745-45,eth-updown-15m-1790509500,B,2026-09-27T11:45:00+00:00,2026-09-27T11:45:00Z,0.421,1.57,0.421,2026-09-27T11:45:04.578387+00:00,down,up,0.0,-0.421,2026-09-27T12:03:57.482894+00:00
ETH,KXETH15M-26SEP270800-00,eth-updown-15m-1790509500,B,2026-09-27T11:45:00+00:00,2026-09-27T12:00:00Z,0.78,1.22,0.78,2026-09-27T11:52:41.696446+00:00,up,up,1.0,0.22,2026-09-27T12:03:57.482894+00:00
BTC,KXBTC15M-26SEP270800-00,btc-updown-15m-1790509500,B,2026-09-27T11:45:00+00:00,2026-09-27T12:00:00Z,0.78,1.22,0.78,2026-09-27T11:55:17.890895+00:00,down,down,1.0,0.22,2026-09-27T12:07:22.021297+00:00
ETH,KXETH15M-26SEP270815-15,eth-updown-15m-1790511300,A,2026-09-27T12:15:00+00:00,2026-09-27T12:15:00Z,0.451,0.451,1.53,2026-09-27T12:15:01.573955+00:00,up,down,0.0,-0.451,2026-09-27T12:32:14.670421+00:00
BTC,KXBTC15M-26SEP270815-15,btc-updown-15m-1790511300,A,2026-09-27T12:15:00+00:00,2026-09-27T12:15:00Z,0.542,0.542,1.449,2026-09-27T12:15:01.573955+00:00,up,down,0.0,-0.542,2026-09-27T12:32:48.960769+00:00
ETH,KXETH15M-26SEP270830-30,eth-updown-15m-1790512200,B,2026-09-27T12:30:00+00:00,2026-09-27T12:30:00Z,0.491,1.5,0.491,2026-09-27T12:30:03.441660+00:00,down,up,0.0,-0.491,2026-09-27T12:47:20.638999+00:00
ETH,KXETH15M-26SEP270845-45,eth-updown-15m-1790512200,A,2026-09-27T12:30:00+00:00,2026-09-27T12:45:00Z,0.79,0.79,1.21,2026-09-27T12:37:53.986208+00:00,up,up,1.0,0.21,2026-09-27T12:47:20.638999+00:00
BTC,KXBTC15M-26SEP270830-30,btc-updown-15m-1790512200,B,2026-09-27T12:30:00+00:00,2026-09-27T12:30:00Z,0.431,1.56,0.431,2026-09-27T12:30:03.441660+00:00,down,up,0.0,-0.431,2026-09-27T12:51:00.751944+00:00
BTC,KXBTC15M-26SEP270845-45,btc-updown-15m-1790513100,A,2026-09-27T12:45:00+00:00,2026-09-27T12:45:00Z,0.411,0.411,1.57,2026-09-27T12:45:01.617216+00:00,up,down,0.0,-0.411,2026-09-27T13:04:24.793016+00:00
BTC,KXBTC15M-26SEP270915-15,btc-updown-15m-1790514900,B,2026-09-27T13:15:00+00:00,2026-09-27T13:15:00Z,0.551,1.44,0.551,2026-09-27T13:15:00.295963+00:00,down,up,0.0,-0.551,2026-09-27T13:33:28.983541+00:00
ETH,KXETH15M-26SEP270915-15,eth-updown-15m-1790514900,B,2026-09-27T13:15:00+00:00,2026-09-27T13:15:00Z,0.441,1.55,0.441,2026-09-27T13:15:00.295963+00:00,down,up,0.0,-0.441,2026-09-27T13:35:23.734149+00:00
ETH,KXETH15M-26SEP270930-30,eth-updown-15m-1790515800,A,2026-09-27T13:30:00+00:00,2026-09-27T13:30:00Z,0.511,0.511,1.48,2026-09-27T13:30:03.008362+00:00,up,down,0.0,-0.511,2026-09-27T13:48:54.718302+00:00
ETH,KXETH15M-26SEP270945-45,eth-updown-15m-1790515800,A,2026-09-27T13:30:00+00:00,2026-09-27T13:45:00Z,0.782,0.782,1.208,2026-09-27T13:34:51.379624+00:00,down,down,1.0,0.218,2026-09-27T13:48:54.718302+00:00
BTC,KXBTC15M-26SEP270945-45,btc-updown-15m-1790515800,B,2026-09-27T13:30:00+00:00,2026-09-27T13:45:00Z,0.75,1.25,0.75,2026-09-27T13:38:12.966597+00:00,down,down,1.0,0.25,2026-09-27T13:50:57.745282+00:00
ETH,KXETH15M-26SEP271000-00,eth-updown-15m-1790516700,B,2026-09-27T13:45:00+00:00,2026-09-27T14:00:00Z,0.78,1.22,0.78,2026-09-27T13:45:43.846400+00:00,up,up,1.0,0.22,2026-09-27T14:03:36.399274+00:00
BTC,KXBTC15M-26SEP271000-00,btc-updown-15m-1790517600,A,2026-09-27T14:00:00+00:00,2026-09-27T14:00:00Z,0.511,0.511,1.46,2026-09-27T14:00:02.048405+00:00,up,down,0.0,-0.511,2026-09-27T14:17:21.048501+00:00
BTC,KXBTC15M-26SEP271015-15,btc-updown-15m-1790517600,A,2026-09-27T14:00:00+00:00,2026-09-27T14:15:00Z,0.69,0.69,1.31,2026-09-27T14:10:48.780252+00:00,down,down,1.0,0.31,2026-09-27T14:17:21.048501+00:00
ETH,KXETH15M-26SEP271015-15,eth-updown-15m-1790517600,A,2026-09-27T14:00:00+00:00,2026-09-27T14:15:00Z,0.74,0.74,1.28,2026-09-27T14:02:02.260247+00:00,down,down,1.0,0.26,2026-09-27T14:19:52.382779+00:00
BTC,KXBTC15M-26SEP271030-30,btc-updown-15m-1790519400,B,2026-09-27T14:30:00+00:00,2026-09-27T14:30:00Z,0.491,1.5,0.491,2026-09-27T14:30:01.051376+00:00,down,up,0.0,-0.491,2026-09-27T14:47:41.255880+00:00
BTC,KXBTC15M-26SEP271045-45,btc-updown-15m-1790519400,B,2026-09-27T14:30:00+00:00,2026-09-27T14:45:00Z,0.77,1.22,0.77,2026-09-27T14:36:06.365320+00:00,up,up,1.0,0.23,2026-09-27T14:47:41.255880+00:00
ETH,KXETH15M-26SEP271045-45,eth-updown-15m-1790519400,A,2026-09-27T14:30:00+00:00,2026-09-27T14:45:00Z,0.79,0.79,1.21,2026-09-27T14:35:49.298062+00:00,up,up,1.0,0.21,2026-09-27T14:48:14.298345+00:00
BTC,KXBTC15M-26SEP271100-00,btc-updown-15m-1790521200,B,2026-09-27T15:00:00+00:00,2026-09-27T15:00:00Z,0.511,1.46,0.511,2026-09-27T15:00:01.152485+00:00,down,down,1.0,0.489,2026-09-27T15:21:15.120163+00:00
ETH,KXETH15M-26SEP271100-00,eth-updown-15m-1790521200,B,2026-09-27T15:00:00+00:00,2026-09-27T15:00:00Z,0.441,1.55,0.441,2026-09-27T15:00:01.152485+00:00,down,down,1.0,0.559,2026-09-27T15:21:21.286443+00:00
ETH,KXETH15M-26SEP271115-15,eth-updown-15m-1790521200,A,2026-09-27T15:00:00+00:00,2026-09-27T15:15:00Z,0.78,0.78,1.22,2026-09-27T15:02:05.221519+00:00,down,down,1.0,0.22,2026-09-27T15:21:21.286443+00:00
ETH,KXETH15M-26SEP271130-30,eth-updown-15m-1790522100,A,2026-09-27T15:15:00+00:00,2026-09-27T15:30:00Z,0.74,0.74,1.26,2026-09-27T15:26:45.893449+00:00,up,up,1.0,0.26,2026-09-27T15:34:16.283197+00:00
BTC,KXBTC15M-26SEP271115-15,btc-updown-15m-1790522100,B,2026-09-27T15:15:00+00:00,2026-09-27T15:15:00Z,0.431,1.56,0.431,2026-09-27T15:15:00.418643+00:00,down,up,0.0,-0.431,2026-09-27T15:36:08.523692+00:00
BTC,KXBTC15M-26SEP271130-30,btc-updown-15m-1790522100,A,2026-09-27T15:15:00+00:00,2026-09-27T15:30:00Z,0.78,0.78,1.23,2026-09-27T15:27:14.167772+00:00,up,up,1.0,0.22,2026-09-27T15:36:08.523692+00:00
BTC,KXBTC15M-26SEP271145-45,btc-updown-15m-1790523000,A,2026-09-27T15:30:00+00:00,2026-09-27T15:45:00Z,0.79,0.79,1.21,2026-09-27T15:31:32.776009+00:00,down,down,1.0,0.21,2026-09-27T15:49:16.310544+00:00
BTC,KXBTC15M-26SEP271200-00,btc-updown-15m-1790523900,A,2026-09-27T15:45:00+00:00,2026-09-27T16:00:00Z,0.74,0.74,1.26,2026-09-27T15:53:07.282186+00:00,up,up,1.0,0.26,2026-09-27T16:04:29.734778+00:00
ETH,KXETH15M-26SEP271145-45,eth-updown-15m-1790523900,B,2026-09-27T15:45:00+00:00,2026-09-27T15:45:00Z,0.512,1.479,0.512,2026-09-27T15:45:01.036186+00:00,down,up,0.0,-0.512,2026-09-27T16:06:57.741250+00:00
ETH,KXETH15M-26SEP271200-00,eth-updown-15m-1790524800,A,2026-09-27T16:00:00+00:00,2026-09-27T16:00:00Z,0.451,0.451,1.54,2026-09-27T16:00:02.712056+00:00,up,up,1.0,0.549,2026-09-27T16:21:43.611480+00:00
ETH,KXETH15M-26SEP271215-15,eth-updown-15m-1790524800,A,2026-09-27T16:00:00+00:00,2026-09-27T16:15:00Z,0.77,0.77,1.2,2026-09-27T16:10:50.113350+00:00,up,up,1.0,0.23,2026-09-27T16:21:43.611480+00:00
BTC,KXBTC15M-26SEP271215-15,btc-updown-15m-1790525700,A,2026-09-27T16:15:00+00:00,2026-09-27T16:15:00Z,0.501,0.501,1.49,2026-09-27T16:15:04.034990+00:00,up,up,1.0,0.499,2026-09-27T16:32:30.732428+00:00
ETH,KXETH15M-26SEP271230-30,eth-updown-15m-1790525700,A,2026-09-27T16:15:00+00:00,2026-09-27T16:30:00Z,0.78,0.78,1.22,2026-09-27T16:27:41.103403+00:00,down,down,1.0,0.22,2026-09-27T16:37:06.008096+00:00
BTC,KXBTC15M-26SEP271230-30,btc-updown-15m-1790526600,A,2026-09-27T16:30:00+00:00,2026-09-27T16:30:00Z,0.331,0.331,1.66,2026-09-27T16:30:19.518141+00:00,up,down,0.0,-0.331,2026-09-27T16:51:37.544749+00:00
ETH,KXETH15M-26SEP271245-45,eth-updown-15m-1790527500,B,2026-09-27T16:45:00+00:00,2026-09-27T16:45:00Z,0.431,1.53,0.431,2026-09-27T16:45:00.876602+00:00,down,up,0.0,-0.431,2026-09-27T17:02:03.155958+00:00
ETH,KXETH15M-26SEP271300-00,eth-updown-15m-1790527500,A,2026-09-27T16:45:00+00:00,2026-09-27T17:00:00Z,0.77,0.77,1.21,2026-09-27T16:56:20.360183+00:00,up,up,1.0,0.23,2026-09-27T17:02:03.155958+00:00
BTC,KXBTC15M-26SEP271245-45,btc-updown-15m-1790527500,B,2026-09-27T16:45:00+00:00,2026-09-27T16:45:00Z,0.431,1.56,0.431,2026-09-27T16:45:00.876602+00:00,down,up,0.0,-0.431,2026-09-27T17:04:29.647469+00:00
ETH,KXETH15M-26SEP271315-15,eth-updown-15m-1790528400,B,2026-09-27T17:00:00+00:00,2026-09-27T17:15:00Z,0.75,1.25,0.75,2026-09-27T17:02:25.079044+00:00,up,up,1.0,0.25,2026-09-27T17:17:41.422100+00:00
BTC,KXBTC15M-26SEP271315-15,btc-updown-15m-1790528400,A,2026-09-27T17:00:00+00:00,2026-09-27T17:15:00Z,0.77,0.77,1.15,2026-09-27T17:02:57.680408+00:00,down,down,1.0,0.23,2026-09-27T17:19:34.482085+00:00
ETH,KXETH15M-26SEP271330-30,eth-updown-15m-1790529300,A,2026-09-27T17:15:00+00:00,2026-09-27T17:30:00Z,0.7,0.7,1.23,2026-09-27T17:24:08.543191+00:00,down,down,1.0,0.3,2026-09-27T17:35:36.619540+00:00
BTC,KXBTC15M-26SEP271330-30,btc-updown-15m-1790530200,A,2026-09-27T17:30:00+00:00,2026-09-27T17:30:00Z,0.501,0.501,1.49,2026-09-27T17:30:04.339832+00:00,up,up,1.0,0.499,2026-09-27T17:48:55.515582+00:00
ETH,KXETH15M-26SEP271345-45,eth-updown-15m-1790530200,A,2026-09-27T17:30:00+00:00,2026-09-27T17:45:00Z,0.795,0.795,1.176,2026-09-27T17:36:59.979542+00:00,up,up,1.0,0.205,2026-09-27T17:49:19.325189+00:00
BTC,KXBTC15M-26SEP271345-45,btc-updown-15m-1790531100,A,2026-09-27T17:45:00+00:00,2026-09-27T17:45:00Z,0.591,0.591,1.38,2026-09-27T17:45:00.696210+00:00,up,up,1.0,0.409,2026-09-27T18:05:04.294462+00:00
BTC,KXBTC15M-26SEP271400-00,btc-updown-15m-1790532000,A,2026-09-27T18:00:00+00:00,2026-09-27T18:00:00Z,0.521,0.521,1.49,2026-09-27T18:00:04.537589+00:00,up,up,1.0,0.479,2026-09-27T18:19:38.580891+00:00
BTC,KXBTC15M-26SEP271415-15,btc-updown-15m-1790532000,B,2026-09-27T18:00:00+00:00,2026-09-27T18:15:00Z,0.78,1.22,0.78,2026-09-27T18:05:27.485533+00:00,up,up,1.0,0.22,2026-09-27T18:19:38.580891+00:00
ETH,KXETH15M-26SEP271400-00,eth-updown-15m-1790532000,A,2026-09-27T18:00:00+00:00,2026-09-27T18:00:00Z,0.421,0.421,1.57,2026-09-27T18:00:04.537589+00:00,up,up,1.0,0.579,2026-09-27T18:21:04.488720+00:00
ETH,KXETH15M-26SEP271415-15,eth-updown-15m-1790532000,B,2026-09-27T18:00:00+00:00,2026-09-27T18:15:00Z,0.7,1.32,0.7,2026-09-27T18:11:52.973387+00:00,up,up,1.0,0.3,2026-09-27T18:21:04.488720+00:00
BTC,KXBTC15M-26SEP271445-45,btc-updown-15m-1790533800,B,2026-09-27T18:30:00+00:00,2026-09-27T18:45:00Z,0.75,1.23,0.75,2026-09-27T18:31:41.784038+00:00,up,up,1.0,0.25,2026-09-27T18:50:17.300469+00:00
ETH,KXETH15M-26SEP271430-30,eth-updown-15m-1790533800,A,2026-09-27T18:30:00+00:00,2026-09-27T18:30:00Z,0.491,0.491,1.5,2026-09-27T18:30:04.363691+00:00,up,up,1.0,0.509,2026-09-27T18:51:56.897224+00:00
ETH,KXETH15M-26SEP271445-45,eth-updown-15m-1790533800,B,2026-09-27T18:30:00+00:00,2026-09-27T18:45:00Z,0.679,1.31,0.679,2026-09-27T18:42:21.048165+00:00,up,up,1.0,0.321,2026-09-27T18:51:56.897224+00:00
BTC,KXBTC15M-26SEP271500-00,btc-updown-15m-1790534700,B,2026-09-27T18:45:00+00:00,2026-09-27T19:00:00Z,0.77,1.24,0.77,2026-09-27T18:56:14.051626+00:00,up,up,1.0,0.23,2026-09-27T19:02:22.724921+00:00
ETH,KXETH15M-26SEP271500-00,eth-updown-15m-1790534700,A,2026-09-27T18:45:00+00:00,2026-09-27T19:00:00Z,0.7,0.7,1.3,2026-09-27T18:51:22.214480+00:00,up,up,1.0,0.3,2026-09-27T19:03:10.007104+00:00
BTC,KXBTC15M-26SEP271515-15,btc-updown-15m-1790535600,B,2026-09-27T19:00:00+00:00,2026-09-27T19:15:00Z,0.786,1.205,0.786,2026-09-27T19:12:55.954752+00:00,down,down,1.0,0.214,2026-09-27T19:18:19.736630+00:00
BTC,KXBTC15M-26SEP271530-30,btc-updown-15m-1790536500,A,2026-09-27T19:15:00+00:00,2026-09-27T19:30:00Z,0.75,0.75,1.25,2026-09-27T19:20:52.817254+00:00,down,down,1.0,0.25,2026-09-27T19:32:55.356805+00:00
ETH,KXETH15M-26SEP271515-15,eth-updown-15m-1790536500,B,2026-09-27T19:15:00+00:00,2026-09-27T19:15:00Z,0.501,1.49,0.501,2026-09-27T19:15:03.746232+00:00,down,down,1.0,0.499,2026-09-27T19:35:32.729603+00:00
ETH,KXETH15M-26SEP271530-30,eth-updown-15m-1790536500,A,2026-09-27T19:15:00+00:00,2026-09-27T19:30:00Z,0.76,0.76,1.21,2026-09-27T19:20:52.817254+00:00,down,down,1.0,0.24,2026-09-27T19:35:32.729603+00:00
ETH,KXETH15M-26SEP271545-45,eth-updown-15m-1790537400,B,2026-09-27T19:30:00+00:00,2026-09-27T19:45:00Z,0.51,1.48,0.51,2026-09-27T19:37:17.054514+00:00,up,up,1.0,0.49,2026-09-27T19:49:29.570074+00:00
BTC,KXBTC15M-26SEP271545-45,btc-updown-15m-1790537400,B,2026-09-27T19:30:00+00:00,2026-09-27T19:45:00Z,0.76,1.24,0.76,2026-09-27T19:37:17.054514+00:00,up,up,1.0,0.24,2026-09-27T19:52:09.312063+00:00
BTC,KXBTC15M-26SEP271600-00,btc-updown-15m-1790538300,A,2026-09-27T19:45:00+00:00,2026-09-27T20:00:00Z,0.78,0.78,1.22,2026-09-27T19:51:11.905224+00:00,down,down,1.0,0.22,2026-09-27T20:03:13.084724+00:00
ETH,KXETH15M-26SEP271600-00,eth-updown-15m-1790538300,B,2026-09-27T19:45:00+00:00,2026-09-27T20:00:00Z,0.79,1.22,0.79,2026-09-27T19:54:27.514665+00:00,down,down,1.0,0.21,2026-09-27T20:06:14.709648+00:00
BTC,KXBTC15M-26SEP271615-15,btc-updown-15m-1790540100,A,2026-09-27T20:15:00+00:00,2026-09-27T20:15:00Z,0.481,0.481,1.51,2026-09-27T20:15:00.629547+00:00,up,down,0.0,-0.481,2026-09-27T20:33:20.667313+00:00
ETH,KXETH15M-26SEP271615-15,eth-updown-15m-1790540100,A,2026-09-27T20:15:00+00:00,2026-09-27T20:15:00Z,0.471,0.471,1.52,2026-09-27T20:15:00.629547+00:00,up,down,0.0,-0.471,2026-09-27T20:36:54.522051+00:00
ETH,KXETH15M-26SEP271630-30,eth-updown-15m-1790541000,B,2026-09-27T20:30:00+00:00,2026-09-27T20:30:00Z,0.471,1.52,0.471,2026-09-27T20:30:01.870737+00:00,down,up,0.0,-0.471,2026-09-27T20:49:26.956818+00:00
BTC,KXBTC15M-26SEP271630-30,btc-updown-15m-1790541000,B,2026-09-27T20:30:00+00:00,2026-09-27T20:30:00Z,0.481,1.5,0.481,2026-09-27T20:30:01.870737+00:00,down,up,0.0,-0.481,2026-09-27T20:51:25.061288+00:00
BTC,KXBTC15M-26SEP271645-45,btc-updown-15m-1790541000,B,2026-09-27T20:30:00+00:00,2026-09-27T20:45:00Z,0.77,1.23,0.77,2026-09-27T20:43:30.878680+00:00,up,up,1.0,0.23,2026-09-27T20:51:25.061288+00:00
ETH,KXETH15M-26SEP271645-45,eth-updown-15m-1790541900,A,2026-09-27T20:45:00+00:00,2026-09-27T20:45:00Z,0.501,0.501,1.44,2026-09-27T20:45:01.294358+00:00,up,down,0.0,-0.501,2026-09-27T21:03:43.831133+00:00
ETH,KXETH15M-26SEP271700-00,eth-updown-15m-1790541900,A,2026-09-27T20:45:00+00:00,2026-09-27T21:00:00Z,0.79,0.79,1.21,2026-09-27T20:47:32.292524+00:00,down,down,1.0,0.21,2026-09-27T21:03:43.831133+00:00
BTC,KXBTC15M-26SEP271700-00,btc-updown-15m-1790541900,A,2026-09-27T20:45:00+00:00,2026-09-27T21:00:00Z,0.79,0.79,1.21,2026-09-27T20:47:08.964760+00:00,down,down,1.0,0.21,2026-09-27T21:04:04.695048+00:00
ETH,KXETH15M-26SEP271715-15,eth-updown-15m-1790542800,B,2026-09-27T21:00:00+00:00,2026-09-27T21:15:00Z,0.76,1.24,0.76,2026-09-27T21:03:16.122519+00:00,up,up,1.0,0.24,2026-09-27T21:17:52.291059+00:00
BTC,KXBTC15M-26SEP271715-15,btc-updown-15m-1790542800,B,2026-09-27T21:00:00+00:00,2026-09-27T21:15:00Z,0.79,1.21,0.79,2026-09-27T21:03:22.102570+00:00,up,up,1.0,0.21,2026-09-27T21:20:15.686656+00:00
BTC,KXBTC15M-26SEP271730-30,btc-updown-15m-1790543700,A,2026-09-27T21:15:00+00:00,2026-09-27T21:30:00Z,0.75,0.75,1.25,2026-09-27T21:16:23.827742+00:00,down,down,1.0,0.25,2026-09-27T21:33:37.768271+00:00
ETH,KXETH15M-26SEP271730-30,eth-updown-15m-1790543700,A,2026-09-27T21:15:00+00:00,2026-09-27T21:30:00Z,0.7,0.7,1.31,2026-09-27T21:16:23.827742+00:00,down,down,1.0,0.3,2026-09-27T21:36:28.594552+00:00
ETH,KXETH15M-26SEP271745-45,eth-updown-15m-1790545500,B,2026-09-27T21:45:00+00:00,2026-09-27T21:45:00Z,0.471,1.49,0.471,2026-09-27T21:45:00.072763+00:00,down,up,0.0,-0.471,2026-09-27T22:02:37.044989+00:00
BTC,KXBTC15M-26SEP271745-45,btc-updown-15m-1790545500,B,2026-09-27T21:45:00+00:00,2026-09-27T21:45:00Z,0.471,1.52,0.471,2026-09-27T21:45:00.072763+00:00,down,up,0.0,-0.471,2026-09-27T22:04:36.425495+00:00
ETH,KXETH15M-26SEP271800-00,eth-updown-15m-1790546400,A,2026-09-27T22:00:00+00:00,2026-09-27T22:00:00Z,0.521,0.521,1.47,2026-09-27T22:00:03.040818+00:00,up,down,0.0,-0.521,2026-09-27T22:18:14.005201+00:00
ETH,KXETH15M-26SEP271815-15,eth-updown-15m-1790546400,A,2026-09-27T22:00:00+00:00,2026-09-27T22:15:00Z,0.69,0.69,1.31,2026-09-27T22:00:52.047710+00:00,down,down,1.0,0.31,2026-09-27T22:18:14.005201+00:00
BTC,KXBTC15M-26SEP271800-00,btc-updown-15m-1790546400,A,2026-09-27T22:00:00+00:00,2026-09-27T22:00:00Z,0.541,0.541,1.45,2026-09-27T22:00:03.040818+00:00,up,down,0.0,-0.541,2026-09-27T22:20:17.161705+00:00
BTC,KXBTC15M-26SEP271815-15,btc-updown-15m-1790546400,A,2026-09-27T22:00:00+00:00,2026-09-27T22:15:00Z,0.67,0.67,1.33,2026-09-27T22:00:52.047710+00:00,down,down,1.0,0.33,2026-09-27T22:20:17.161705+00:00
BTC,KXBTC15M-26SEP271830-30,btc-updown-15m-1790548200,A,2026-09-27T22:30:00+00:00,2026-09-27T22:30:00Z,0.401,0.401,1.59,2026-09-27T22:30:05.283318+00:00,up,down,0.0,-0.401,2026-09-27T22:50:43.829783+00:00
ETH,KXETH15M-26SEP271830-30,eth-updown-15m-1790548200,A,2026-09-27T22:30:00+00:00,2026-09-27T22:30:00Z,0.481,0.481,1.51,2026-09-27T22:30:05.283318+00:00,up,down,0.0,-0.481,2026-09-27T22:52:24.763709+00:00
ETH,KXETH15M-26SEP271845-45,eth-updown-15m-1790548200,A,2026-09-27T22:30:00+00:00,2026-09-27T22:45:00Z,0.79,0.79,1.21,2026-09-27T22:31:06.124796+00:00,down,down,1.0,0.21,2026-09-27T22:52:24.763709+00:00
ETH,KXETH15M-26SEP271900-00,eth-updown-15m-1790549100,B,2026-09-27T22:45:00+00:00,2026-09-27T23:00:00Z,0.79,1.2,0.79,2026-09-27T22:52:18.877733+00:00,up,up,1.0,0.21,2026-09-27T23:05:42.466107+00:00
BTC,KXBTC15M-26SEP271845-45,btc-updown-15m-1790549100,B,2026-09-27T22:45:00+00:00,2026-09-27T22:45:00Z,0.481,1.51,0.481,2026-09-27T22:45:00.781443+00:00,down,up,0.0,-0.481,2026-09-27T23:06:16.484155+00:00
ETH,KXETH15M-26SEP271915-15,eth-updown-15m-1790550000,A,2026-09-27T23:00:00+00:00,2026-09-27T23:15:00Z,0.78,0.78,1.22,2026-09-27T23:06:15.955296+00:00,up,up,1.0,0.22,2026-09-27T23:19:01.763324+00:00
BTC,KXBTC15M-26SEP271900-00,btc-updown-15m-1790550000,A,2026-09-27T23:00:00+00:00,2026-09-27T23:00:00Z,0.461,0.461,1.53,2026-09-27T23:00:02.339622+00:00,up,up,1.0,0.539,2026-09-27T23:21:30.578277+00:00
BTC,KXBTC15M-26SEP271915-15,btc-updown-15m-1790550000,B,2026-09-27T23:00:00+00:00,2026-09-27T23:15:00Z,0.67,1.33,0.67,2026-09-27T23:13:09.483142+00:00,up,up,1.0,0.33,2026-09-27T23:21:30.578277+00:00
ETH,KXETH15M-26SEP271945-45,eth-updown-15m-1790551800,A,2026-09-27T23:30:00+00:00,2026-09-27T23:45:00Z,0.78,0.78,1.22,2026-09-27T23:35:29.467758+00:00,down,down,1.0,0.22,2026-09-27T23:47:49.577450+00:00
BTC,KXBTC15M-26SEP271945-45,btc-updown-15m-1790551800,A,2026-09-27T23:30:00+00:00,2026-09-27T23:45:00Z,0.7,0.7,1.26,2026-09-27T23:35:29.467758+00:00,down,down,1.0,0.3,2026-09-27T23:48:15.288269+00:00
BTC,KXBTC15M-26SEP272000-00,btc-updown-15m-1790552700,B,2026-09-27T23:45:00+00:00,2026-09-28T00:00:00Z,0.78,1.22,0.78,2026-09-27T23:46:45.210786+00:00,up,up,1.0,0.22,2026-09-28T00:03:30.715598+00:00
ETH,KXETH15M-26SEP272000-00,eth-updown-15m-1790552700,B,2026-09-27T23:45:00+00:00,2026-09-28T00:00:00Z,0.78,1.23,0.78,2026-09-27T23:47:54.673370+00:00,up,up,1.0,0.22,2026-09-28T00:05:06.172888+00:00
ETH,KXETH15M-26SEP272015-15,eth-updown-15m-1790553600,A,2026-09-28T00:00:00+00:00,2026-09-28T00:15:00Z,0.79,0.79,1.21,2026-09-28T00:09:33.405515+00:00,down,down,1.0,0.21,2026-09-28T00:18:12.622424+00:00
BTC,KXBTC15M-26SEP272015-15,btc-updown-15m-1790553600,A,2026-09-28T00:00:00+00:00,2026-09-28T00:15:00Z,0.73,0.73,1.27,2026-09-28T00:07:41.403251+00:00,down,down,1.0,0.27,2026-09-28T00:20:26.091484+00:00
BTC,KXBTC15M-26SEP272030-30,btc-updown-15m-1790554500,B,2026-09-28T00:15:00+00:00,2026-09-28T00:30:00Z,0.79,1.21,0.79,2026-09-28T00:16:19.023554+00:00,up,up,1.0,0.21,2026-09-28T00:33:16.855661+00:00
ETH,KXETH15M-26SEP272030-30,eth-updown-15m-1790555400,A,2026-09-28T00:30:00+00:00,2026-09-28T00:30:00Z,0.501,0.501,1.49,2026-09-28T00:30:01.108762+00:00,up,down,0.0,-0.501,2026-09-28T00:48:13.524035+00:00
BTC,KXBTC15M-26SEP272045-45,btc-updown-15m-1790556300,B,2026-09-28T00:45:00+00:00,2026-09-28T00:45:00Z,0.421,1.57,0.421,2026-09-28T00:45:04.274893+00:00,down,down,1.0,0.579,2026-09-28T01:02:07.096441+00:00
BTC,KXBTC15M-26SEP272100-00,btc-updown-15m-1790556300,A,2026-09-28T00:45:00+00:00,2026-09-28T01:00:00Z,0.778,0.778,1.222,2026-09-28T00:55:04.964726+00:00,down,down,1.0,0.222,2026-09-28T01:02:07.096441+00:00
ETH,KXETH15M-26SEP272045-45,eth-updown-15m-1790556300,B,2026-09-28T00:45:00+00:00,2026-09-28T00:45:00Z,0.381,1.61,0.381,2026-09-28T00:45:04.274893+00:00,down,down,1.0,0.619,2026-09-28T01:06:41.970941+00:00
ETH,KXETH15M-26SEP272100-00,eth-updown-15m-1790556300,A,2026-09-28T00:45:00+00:00,2026-09-28T01:00:00Z,0.797,0.797,1.2,2026-09-28T00:55:55.093272+00:00,down,down,1.0,0.203,2026-09-28T01:06:41.970941+00:00
ETH,KXETH15M-26SEP272115-15,eth-updown-15m-1790557200,B,2026-09-28T01:00:00+00:00,2026-09-28T01:15:00Z,0.78,1.22,0.78,2026-09-28T01:07:04.114306+00:00,down,down,1.0,0.22,2026-09-28T01:20:01.949211+00:00
BTC,KXBTC15M-26SEP272115-15,btc-updown-15m-1790557200,A,2026-09-28T01:00:00+00:00,2026-09-28T01:15:00Z,0.75,0.75,1.25,2026-09-28T01:09:24.061189+00:00,down,down,1.0,0.25,2026-09-28T01:20:57.051455+00:00
BTC,KXBTC15M-26SEP272130-30,btc-updown-15m-1790558100,A,2026-09-28T01:15:00+00:00,2026-09-28T01:30:00Z,0.79,0.79,1.21,2026-09-28T01:23:03.969863+00:00,up,up,1.0,0.21,2026-09-28T01:37:30.975841+00:00
ETH,KXETH15M-26SEP272130-30,eth-updown-15m-1790559000,A,2026-09-28T01:30:00+00:00,2026-09-28T01:30:00Z,0.471,0.471,1.5,2026-09-28T01:30:03.819207+00:00,up,down,0.0,-0.471,2026-09-28T01:48:02.800998+00:00
ETH,KXETH15M-26SEP272145-45,eth-updown-15m-1790559000,A,2026-09-28T01:30:00+00:00,2026-09-28T01:45:00Z,0.77,0.77,1.23,2026-09-28T01:35:10.686800+00:00,down,down,1.0,0.23,2026-09-28T01:48:02.800998+00:00
BTC,KXBTC15M-26SEP272145-45,btc-updown-15m-1790559000,A,2026-09-28T01:30:00+00:00,2026-09-28T01:45:00Z,0.73,0.73,1.27,2026-09-28T01:35:10.686800+00:00,down,down,1.0,0.27,2026-09-28T01:51:22.377048+00:00
BTC,KXBTC15M-26SEP272200-00,btc-updown-15m-1790559900,A,2026-09-28T01:45:00+00:00,2026-09-28T02:00:00Z,0.77,0.77,1.23,2026-09-28T01:49:12.296975+00:00,down,down,1.0,0.23,2026-09-28T02:03:02.401584+00:00
ETH,KXETH15M-26SEP272200-00,eth-updown-15m-1790559900,A,2026-09-28T01:45:00+00:00,2026-09-28T02:00:00Z,0.79,0.79,1.2,2026-09-28T01:48:49.592079+00:00,down,down,1.0,0.21,2026-09-28T02:05:22.118477+00:00
ETH,KXETH15M-26SEP272215-15,eth-updown-15m-1790560800,B,2026-09-28T02:00:00+00:00,2026-09-28T02:15:00Z,0.78,1.21,0.78,2026-09-28T02:04:25.751442+00:00,up,up,1.0,0.22,2026-09-28T02:17:11.297796+00:00
BTC,KXBTC15M-26SEP272215-15,btc-updown-15m-1790560800,B,2026-09-28T02:00:00+00:00,2026-09-28T02:15:00Z,0.79,1.21,0.79,2026-09-28T02:13:13.555197+00:00,up,up,1.0,0.21,2026-09-28T02:18:47.679220+00:00
ETH,KXETH15M-26SEP272245-45,eth-updown-15m-1790562600,A,2026-09-28T02:30:00+00:00,2026-09-28T02:45:00Z,0.78,0.78,1.22,2026-09-28T02:37:08.581408+00:00,down,down,1.0,0.22,2026-09-28T02:47:24.064251+00:00
ETH,KXETH15M-26SEP272300-00,eth-updown-15m-1790563500,B,2026-09-28T02:45:00+00:00,2026-09-28T03:00:00Z,0.61,1.376,0.61,2026-09-28T02:58:20.670239+00:00,down,down,1.0,0.39,2026-09-28T03:03:31.860618+00:00
BTC,KXBTC15M-26SEP272245-45,btc-updown-15m-1790563500,B,2026-09-28T02:45:00+00:00,2026-09-28T02:45:00Z,0.471,1.54,0.471,2026-09-28T02:45:00.046559+00:00,down,down,1.0,0.529,2026-09-28T03:04:28.031031+00:00
BTC,KXBTC15M-26SEP272315-15,btc-updown-15m-1790564400,B,2026-09-28T03:00:00+00:00,2026-09-28T03:15:00Z,0.77,1.23,0.77,2026-09-28T03:00:34.614857+00:00,up,up,1.0,0.23,2026-09-28T03:17:41.137216+00:00
ETH,KXETH15M-26SEP272315-15,eth-updown-15m-1790564400,B,2026-09-28T03:00:00+00:00,2026-09-28T03:15:00Z,0.76,1.245,0.76,2026-09-28T03:13:10.820120+00:00,up,up,1.0,0.24,2026-09-28T03:21:31.922326+00:00
ETH,KXETH15M-26SEP272330-30,eth-updown-15m-1790565300,A,2026-09-28T03:15:00+00:00,2026-09-28T03:30:00Z,0.76,0.76,1.24,2026-09-28T03:18:39.191694+00:00,down,down,1.0,0.24,2026-09-28T03:34:41.760319+00:00
BTC,KXBTC15M-26SEP272330-30,btc-updown-15m-1790565300,A,2026-09-28T03:15:00+00:00,2026-09-28T03:30:00Z,0.79,0.79,1.21,2026-09-28T03:22:20.654443+00:00,down,down,1.0,0.21,2026-09-28T03:37:11.234673+00:00
ETH,KXETH15M-26SEP272345-45,eth-updown-15m-1790566200,B,2026-09-28T03:30:00+00:00,2026-09-28T03:45:00Z,0.79,1.21,0.79,2026-09-28T03:34:41.021035+00:00,up,up,1.0,0.21,2026-09-28T03:47:37.316527+00:00
BTC,KXBTC15M-26SEP272345-45,btc-updown-15m-1790566200,B,2026-09-28T03:30:00+00:00,2026-09-28T03:45:00Z,0.79,1.21,0.79,2026-09-28T03:35:36.726962+00:00,up,up,1.0,0.21,2026-09-28T03:51:37.302802+00:00
BTC,KXBTC15M-26SEP280000-00,btc-updown-15m-1790567100,B,2026-09-28T03:45:00+00:00,2026-09-28T04:00:00Z,0.79,1.21,0.79,2026-09-28T03:49:44.822057+00:00,down,down,1.0,0.21,2026-09-28T04:04:19.437864+00:00
ETH,KXETH15M-26SEP280000-00,eth-updown-15m-1790567100,B,2026-09-28T03:45:00+00:00,2026-09-28T04:00:00Z,0.79,1.21,0.79,2026-09-28T03:53:12.364139+00:00,down,down,1.0,0.21,2026-09-28T04:05:18.614180+00:00
BTC,KXBTC15M-26SEP280015-15,btc-updown-15m-1790568000,B,2026-09-28T04:00:00+00:00,2026-09-28T04:15:00Z,0.77,1.23,0.77,2026-09-28T04:07:05.055534+00:00,up,up,1.0,0.23,2026-09-28T04:17:35.776060+00:00
ETH,KXETH15M-26SEP280015-15,eth-updown-15m-1790568000,A,2026-09-28T04:00:00+00:00,2026-09-28T04:15:00Z,0.78,0.78,1.22,2026-09-28T04:00:42.206079+00:00,up,up,1.0,0.22,2026-09-28T04:18:18.942378+00:00
BTC,KXBTC15M-26SEP280030-30,btc-updown-15m-1790568900,B,2026-09-28T04:15:00+00:00,2026-09-28T04:30:00Z,0.78,1.21,0.78,2026-09-28T04:17:24.307001+00:00,up,up,1.0,0.22,2026-09-28T04:32:18.048372+00:00
ETH,KXETH15M-26SEP280030-30,eth-updown-15m-1790569800,A,2026-09-28T04:30:00+00:00,2026-09-28T04:30:00Z,0.421,0.421,1.57,2026-09-28T04:30:04.548948+00:00,up,up,1.0,0.579,2026-09-28T04:47:17.647962+00:00
ETH,KXETH15M-26SEP280045-45,eth-updown-15m-1790569800,B,2026-09-28T04:30:00+00:00,2026-09-28T04:45:00Z,0.63,1.37,0.63,2026-09-28T04:42:29.081689+00:00,up,up,1.0,0.37,2026-09-28T04:47:17.647962+00:00
BTC,KXBTC15M-26SEP280045-45,btc-updown-15m-1790569800,B,2026-09-28T04:30:00+00:00,2026-09-28T04:45:00Z,0.75,1.25,0.75,2026-09-28T04:42:12.071488+00:00,up,up,1.0,0.25,2026-09-28T04:49:26.897782+00:00
ETH,KXETH15M-26SEP280100-00,eth-updown-15m-1790570700,B,2026-09-28T04:45:00+00:00,2026-09-28T05:00:00Z,0.73,1.27,0.73,2026-09-28T04:57:47.351155+00:00,up,down,2.0,1.27,2026-09-28T05:02:46.051213+00:00
BTC,KXBTC15M-26SEP280115-15,btc-updown-15m-1790571600,A,2026-09-28T05:00:00+00:00,2026-09-28T05:15:00Z,0.76,0.76,1.24,2026-09-28T05:02:40.692888+00:00,down,down,1.0,0.24,2026-09-28T05:17:20.956677+00:00
ETH,KXETH15M-26SEP280115-15,eth-updown-15m-1790571600,A,2026-09-28T05:00:00+00:00,2026-09-28T05:15:00Z,0.74,0.74,1.26,2026-09-28T05:02:19.148661+00:00,down,down,1.0,0.26,2026-09-28T05:20:17.533233+00:00
ETH,KXETH15M-26SEP280130-30,eth-updown-15m-1790572500,B,2026-09-28T05:15:00+00:00,2026-09-28T05:30:00Z,0.77,1.23,0.77,2026-09-28T05:28:10.637811+00:00,down,down,1.0,0.23,2026-09-28T05:35:05.011669+00:00
BTC,KXBTC15M-26SEP280130-30,btc-updown-15m-1790573400,B,2026-09-28T05:30:00+00:00,2026-09-28T05:30:00Z,0.551,1.44,0.551,2026-09-28T05:30:02.104749+00:00,down,up,0.0,-0.551,2026-09-28T05:48:16.108837+00:00
BTC,KXBTC15M-26SEP280145-45,btc-updown-15m-1790573400,A,2026-09-28T05:30:00+00:00,2026-09-28T05:45:00Z,0.781,0.781,1.249,2026-09-28T05:43:14.468648+00:00,up,up,1.0,0.219,2026-09-28T05:48:16.108837+00:00
ETH,KXETH15M-26SEP280145-45,eth-updown-15m-1790573400,A,2026-09-28T05:30:00+00:00,2026-09-28T05:45:00Z,0.75,0.75,1.24,2026-09-28T05:43:14.468648+00:00,up,up,1.0,0.25,2026-09-28T05:48:16.108837+00:00
ETH,KXETH15M-26SEP280200-00,eth-updown-15m-1790574300,B,2026-09-28T05:45:00+00:00,2026-09-28T06:00:00Z,0.76,1.24,0.76,2026-09-28T05:54:35.480949+00:00,up,up,1.0,0.24,2026-09-28T06:06:19.069243+00:00
BTC,KXBTC15M-26SEP280200-00,btc-updown-15m-1790574300,B,2026-09-28T05:45:00+00:00,2026-09-28T06:00:00Z,0.78,1.21,0.78,2026-09-28T05:46:43.133561+00:00,up,up,1.0,0.22,2026-09-28T06:07:07.606935+00:00
ETH,KXETH15M-26SEP280215-15,eth-updown-15m-1790575200,A,2026-09-28T06:00:00+00:00,2026-09-28T06:15:00Z,0.79,0.79,1.21,2026-09-28T06:03:52.214234+00:00,up,up,1.0,0.21,2026-09-28T06:18:23.092198+00:00
BTC,KXBTC15M-26SEP280215-15,btc-updown-15m-1790576100,A,2026-09-28T06:15:00+00:00,2026-09-28T06:15:00Z,0.461,0.461,1.53,2026-09-28T06:15:01.898297+00:00,up,down,0.0,-0.461,2026-09-28T06:33:19.586130+00:00
BTC,KXBTC15M-26SEP280245-45,btc-updown-15m-1790577900,A,2026-09-28T06:45:00+00:00,2026-09-28T06:45:00Z,0.421,0.421,1.57,2026-09-28T06:45:04.185074+00:00,up,down,0.0,-0.421,2026-09-28T07:03:28.887536+00:00
ETH,KXETH15M-26SEP280245-45,eth-updown-15m-1790577900,A,2026-09-28T06:45:00+00:00,2026-09-28T06:45:00Z,0.381,0.381,1.61,2026-09-28T06:45:04.185074+00:00,up,down,0.0,-0.381,2026-09-28T07:04:16.967283+00:00
ETH,KXETH15M-26SEP280315-15,eth-updown-15m-1790578800,A,2026-09-28T07:00:00+00:00,2026-09-28T07:15:00Z,0.77,0.77,1.24,2026-09-28T07:10:51.087275+00:00,down,down,1.0,0.23,2026-09-28T07:17:20.895829+00:00
BTC,KXBTC15M-26SEP280300-00,btc-updown-15m-1790578800,B,2026-09-28T07:00:00+00:00,2026-09-28T07:00:00Z,0.431,1.56,0.431,2026-09-28T07:00:01.663541+00:00,down,down,1.0,0.569,2026-09-28T07:17:42.350315+00:00
BTC,KXBTC15M-26SEP280315-15,btc-updown-15m-1790578800,B,2026-09-28T07:00:00+00:00,2026-09-28T07:15:00Z,0.79,1.21,0.79,2026-09-28T07:10:11.703279+00:00,down,down,1.0,0.21,2026-09-28T07:17:42.350315+00:00
BTC,KXBTC15M-26SEP280330-30,btc-updown-15m-1790579700,B,2026-09-28T07:15:00+00:00,2026-09-28T07:30:00Z,0.78,1.22,0.78,2026-09-28T07:16:10.091778+00:00,down,down,1.0,0.22,2026-09-28T07:33:05.545898+00:00
ETH,KXETH15M-26SEP280330-30,eth-updown-15m-1790580600,B,2026-09-28T07:30:00+00:00,2026-09-28T07:30:00Z,0.471,1.52,0.471,2026-09-28T07:30:00.131018+00:00,down,down,1.0,0.529,2026-09-28T07:48:51.800603+00:00
ETH,KXETH15M-26SEP280345-45,eth-updown-15m-1790580600,B,2026-09-28T07:30:00+00:00,2026-09-28T07:45:00Z,0.77,1.23,0.77,2026-09-28T07:40:44.493265+00:00,down,down,1.0,0.23,2026-09-28T07:48:51.800603+00:00
BTC,KXBTC15M-26SEP280345-45,btc-updown-15m-1790580600,A,2026-09-28T07:30:00+00:00,2026-09-28T07:45:00Z,0.74,0.74,1.26,2026-09-28T07:38:41.132495+00:00,down,down,1.0,0.26,2026-09-28T07:49:03.058278+00:00
BTC,KXBTC15M-26SEP280400-00,btc-updown-15m-1790581500,A,2026-09-28T07:45:00+00:00,2026-09-28T08:00:00Z,0.741,0.741,1.251,2026-09-28T07:58:04.805174+00:00,up,up,1.0,0.259,2026-09-28T08:05:56.433900+00:00
ETH,KXETH15M-26SEP280400-00,eth-updown-15m-1790582400,A,2026-09-28T08:00:00+00:00,2026-09-28T08:00:00Z,0.381,0.381,1.58,2026-09-28T08:00:00.591856+00:00,up,up,1.0,0.619,2026-09-28T08:19:40.524004+00:00
ETH,KXETH15M-26SEP280415-15,eth-updown-15m-1790582400,B,2026-09-28T08:00:00+00:00,2026-09-28T08:15:00Z,0.76,1.22,0.76,2026-09-28T08:01:22.672973+00:00,up,up,1.0,0.24,2026-09-28T08:19:40.524004+00:00
BTC,KXBTC15M-26SEP280415-15,btc-updown-15m-1790582400,B,2026-09-28T08:00:00+00:00,2026-09-28T08:15:00Z,0.77,1.23,0.77,2026-09-28T08:08:23.648906+00:00,up,up,1.0,0.23,2026-09-28T08:20:33.959522+00:00
BTC,KXBTC15M-26SEP280430-30,btc-updown-15m-1790584200,B,2026-09-28T08:30:00+00:00,2026-09-28T08:30:00Z,0.451,1.54,0.451,2026-09-28T08:30:05.323797+00:00,down,up,0.0,-0.451,2026-09-28T08:50:19.601669+00:00
ETH,KXETH15M-26SEP280430-30,eth-updown-15m-1790584200,B,2026-09-28T08:30:00+00:00,2026-09-28T08:30:00Z,0.411,1.58,0.411,2026-09-28T08:30:05.323797+00:00,down,down,1.0,0.589,2026-09-28T08:50:19.601669+00:00
ETH,KXETH15M-26SEP280445-45,eth-updown-15m-1790584200,A,2026-09-28T08:30:00+00:00,2026-09-28T08:45:00Z,0.76,0.76,1.23,2026-09-28T08:36:19.784467+00:00,down,down,1.0,0.24,2026-09-28T08:50:19.601669+00:00
BTC,KXBTC15M-26SEP280445-45,btc-updown-15m-1790584200,A,2026-09-28T08:30:00+00:00,2026-09-28T08:45:00Z,0.78,0.78,1.22,2026-09-28T08:38:02.235617+00:00,up,up,1.0,0.22,2026-09-28T08:50:19.601669+00:00
ETH,KXETH15M-26SEP280500-00,eth-updown-15m-1790586000,A,2026-09-28T09:00:00+00:00,2026-09-28T09:00:00Z,0.461,0.461,1.53,2026-09-28T09:00:03.185319+00:00,up,down,0.0,-0.461,2026-09-28T09:20:46.414314+00:00
BTC,KXBTC15M-26SEP280500-00,btc-updown-15m-1790586000,A,2026-09-28T09:00:00+00:00,2026-09-28T09:00:00Z,0.471,0.471,1.52,2026-09-28T09:00:03.185319+00:00,up,down,0.0,-0.471,2026-09-28T09:21:47.432409+00:00
ETH,KXETH15M-26SEP280515-15,eth-updown-15m-1790586900,B,2026-09-28T09:15:00+00:00,2026-09-28T09:15:00Z,0.361,1.61,0.361,2026-09-28T09:15:02.626791+00:00,down,up,0.0,-0.361,2026-09-28T09:32:45.913190+00:00
ETH,KXETH15M-26SEP280530-30,eth-updown-15m-1790586900,A,2026-09-28T09:15:00+00:00,2026-09-28T09:30:00Z,0.78,0.78,1.22,2026-09-28T09:27:05.143217+00:00,up,up,1.0,0.22,2026-09-28T09:32:45.913190+00:00
BTC,KXBTC15M-26SEP280515-15,btc-updown-15m-1790586900,B,2026-09-28T09:15:00+00:00,2026-09-28T09:15:00Z,0.431,1.56,0.431,2026-09-28T09:15:02.626791+00:00,down,down,1.0,0.569,2026-09-28T09:34:44.116505+00:00
BTC,KXBTC15M-26SEP280530-30,btc-updown-15m-1790587800,B,2026-09-28T09:30:00+00:00,2026-09-28T09:30:00Z,0.421,1.57,0.421,2026-09-28T09:30:01.324324+00:00,down,down,1.0,0.579,2026-09-28T09:51:20.093455+00:00
BTC,KXBTC15M-26SEP280545-45,btc-updown-15m-1790588700,B,2026-09-28T09:45:00+00:00,2026-09-28T09:45:00Z,0.471,1.52,0.471,2026-09-28T09:45:03.558798+00:00,down,up,0.0,-0.471,2026-09-28T10:02:14.992328+00:00
BTC,KXBTC15M-26SEP280600-00,btc-updown-15m-1790588700,A,2026-09-28T09:45:00+00:00,2026-09-28T10:00:00Z,0.74,0.74,1.26,2026-09-28T09:55:02.160980+00:00,up,up,1.0,0.26,2026-09-28T10:02:14.992328+00:00
ETH,KXETH15M-26SEP280545-45,eth-updown-15m-1790588700,B,2026-09-28T09:45:00+00:00,2026-09-28T09:45:00Z,0.471,1.5,0.471,2026-09-28T09:45:03.558798+00:00,down,up,0.0,-0.471,2026-09-28T10:05:47.666863+00:00
ETH,KXETH15M-26SEP280600-00,eth-updown-15m-1790588700,A,2026-09-28T09:45:00+00:00,2026-09-28T10:00:00Z,0.79,0.79,1.19,2026-09-28T09:54:56.617439+00:00,up,up,1.0,0.21,2026-09-28T10:05:47.666863+00:00
ETH,KXETH15M-26SEP280615-15,eth-updown-15m-1790590500,A,2026-09-28T10:15:00+00:00,2026-09-28T10:15:00Z,0.621,0.621,1.37,2026-09-28T10:15:03.023860+00:00,up,up,1.0,0.379,2026-09-28T10:35:24.184677+00:00
BTC,KXBTC15M-26SEP280615-15,btc-updown-15m-1790590500,A,2026-09-28T10:15:00+00:00,2026-09-28T10:15:00Z,0.661,0.661,1.33,2026-09-28T10:15:03.023860+00:00,up,up,1.0,0.339,2026-09-28T10:35:54.469589+00:00
ETH,KXETH15M-26SEP280630-30,eth-updown-15m-1790591400,A,2026-09-28T10:30:00+00:00,2026-09-28T10:30:00Z,0.501,0.501,1.48,2026-09-28T10:30:00.408318+00:00,up,up,1.0,0.499,2026-09-28T10:48:53.864786+00:00
BTC,KXBTC15M-26SEP280630-30,btc-updown-15m-1790591400,A,2026-09-28T10:30:00+00:00,2026-09-28T10:30:00Z,0.551,0.551,1.42,2026-09-28T10:30:00.408318+00:00,up,up,1.0,0.449,2026-09-28T10:50:06.799101+00:00
ETH,KXETH15M-26SEP280645-45,eth-updown-15m-1790592300,A,2026-09-28T10:45:00+00:00,2026-09-28T10:45:00Z,0.441,0.441,1.55,2026-09-28T10:45:01.386999+00:00,up,up,1.0,0.559,2026-09-28T11:06:37.517923+00:00
ETH,KXETH15M-26SEP280700-00,eth-updown-15m-1790592300,B,2026-09-28T10:45:00+00:00,2026-09-28T11:00:00Z,0.79,1.22,0.79,2026-09-28T10:52:52.558130+00:00,up,up,1.0,0.21,2026-09-28T11:06:37.517923+00:00
BTC,KXBTC15M-26SEP280645-45,btc-updown-15m-1790592300,A,2026-09-28T10:45:00+00:00,2026-09-28T10:45:00Z,0.491,0.491,1.5,2026-09-28T10:45:01.386999+00:00,up,up,1.0,0.509,2026-09-28T11:08:35.820856+00:00
BTC,KXBTC15M-26SEP280700-00,btc-updown-15m-1790592300,B,2026-09-28T10:45:00+00:00,2026-09-28T11:00:00Z,0.7,1.28,0.7,2026-09-28T10:52:20.133040+00:00,up,up,1.0,0.3,2026-09-28T11:08:35.820856+00:00
ETH,KXETH15M-26SEP280715-15,eth-updown-15m-1790593200,B,2026-09-28T11:00:00+00:00,2026-09-28T11:15:00Z,0.79,1.21,0.79,2026-09-28T11:00:21.750490+00:00,up,up,1.0,0.21,2026-09-28T11:18:42.681127+00:00
BTC,KXBTC15M-26SEP280715-15,btc-updown-15m-1790594100,A,2026-09-28T11:15:00+00:00,2026-09-28T11:15:00Z,0.491,0.491,1.5,2026-09-28T11:15:03.703028+00:00,up,up,1.0,0.509,2026-09-28T11:32:43.940150+00:00
BTC,KXBTC15M-26SEP280730-30,btc-updown-15m-1790594100,A,2026-09-28T11:15:00+00:00,2026-09-28T11:30:00Z,0.75,0.75,1.25,2026-09-28T11:19:05.460609+00:00,up,up,1.0,0.25,2026-09-28T11:32:43.940150+00:00
ETH,KXETH15M-26SEP280730-30,eth-updown-15m-1790594100,A,2026-09-28T11:15:00+00:00,2026-09-28T11:30:00Z,0.78,0.78,1.22,2026-09-28T11:19:11.312476+00:00,up,up,1.0,0.22,2026-09-28T11:35:40.289913+00:00
ETH,KXETH15M-26SEP280745-45,eth-updown-15m-1790595000,A,2026-09-28T11:30:00+00:00,2026-09-28T11:45:00Z,0.785,0.785,1.209,2026-09-28T11:40:26.460914+00:00,up,up,1.0,0.215,2026-09-28T11:50:03.613437+00:00
BTC,KXBTC15M-26SEP280745-45,btc-updown-15m-1790595900,A,2026-09-28T11:45:00+00:00,2026-09-28T11:45:00Z,0.431,0.431,1.56,2026-09-28T11:45:03.722418+00:00,up,up,1.0,0.569,2026-09-28T12:03:32.019922+00:00
BTC,KXBTC15M-26SEP280800-00,btc-updown-15m-1790595900,B,2026-09-28T11:45:00+00:00,2026-09-28T12:00:00Z,0.74,1.26,0.74,2026-09-28T11:57:32.562564+00:00,up,up,1.0,0.26,2026-09-28T12:03:32.019922+00:00
ETH,KXETH15M-26SEP280800-00,eth-updown-15m-1790595900,B,2026-09-28T11:45:00+00:00,2026-09-28T12:00:00Z,0.64,1.36,0.64,2026-09-28T11:56:43.703731+00:00,up,up,1.0,0.36,2026-09-28T12:04:43.894412+00:00
ETH,KXETH15M-26SEP280815-15,eth-updown-15m-1790596800,B,2026-09-28T12:00:00+00:00,2026-09-28T12:15:00Z,0.73,1.27,0.73,2026-09-28T12:04:11.100684+00:00,up,up,1.0,0.27,2026-09-28T12:22:30.000379+00:00
BTC,KXBTC15M-26SEP280815-15,btc-updown-15m-1790597700,A,2026-09-28T12:15:00+00:00,2026-09-28T12:15:00Z,0.501,0.501,1.49,2026-09-28T12:15:05.085320+00:00,up,up,1.0,0.499,2026-09-28T12:36:23.191157+00:00
BTC,KXBTC15M-26SEP280830-30,btc-updown-15m-1790597700,B,2026-09-28T12:15:00+00:00,2026-09-28T12:30:00Z,0.78,1.22,0.78,2026-09-28T12:24:09.868727+00:00,up,up,1.0,0.22,2026-09-28T12:36:23.191157+00:00
ETH,KXETH15M-26SEP280830-30,eth-updown-15m-1790597700,A,2026-09-28T12:15:00+00:00,2026-09-28T12:30:00Z,0.77,0.77,1.22,2026-09-28T12:25:44.763593+00:00,down,down,1.0,0.23,2026-09-28T12:36:47.136103+00:00
BTC,KXBTC15M-26SEP280845-45,btc-updown-15m-1790598600,A,2026-09-28T12:30:00+00:00,2026-09-28T12:45:00Z,0.79,0.79,1.21,2026-09-28T12:38:13.359768+00:00,down,down,1.0,0.21,2026-09-28T12:47:42.879722+00:00
ETH,KXETH15M-26SEP280900-00,eth-updown-15m-1790600400,A,2026-09-28T13:00:00+00:00,2026-09-28T13:00:00Z,0.451,0.451,1.54,2026-09-28T13:00:01.726867+00:00,up,down,0.0,-0.451,2026-09-28T13:20:00.405001+00:00
BTC,KXBTC15M-26SEP280900-00,btc-updown-15m-1790600400,A,2026-09-28T13:00:00+00:00,2026-09-28T13:00:00Z,0.471,0.471,1.51,2026-09-28T13:00:01.726867+00:00,up,down,0.0,-0.471,2026-09-28T13:20:11.699998+00:00
ETH,KXETH15M-26SEP280915-15,eth-updown-15m-1790601300,B,2026-09-28T13:15:00+00:00,2026-09-28T13:15:00Z,0.501,1.49,0.501,2026-09-28T13:15:02.396784+00:00,down,up,0.0,-0.501,2026-09-28T13:35:10.641819+00:00
ETH,KXETH15M-26SEP280930-30,eth-updown-15m-1790601300,B,2026-09-28T13:15:00+00:00,2026-09-28T13:30:00Z,0.76,1.24,0.76,2026-09-28T13:26:02.971316+00:00,up,up,1.0,0.24,2026-09-28T13:35:10.641819+00:00
BTC,KXBTC15M-26SEP280915-15,btc-updown-15m-1790601300,B,2026-09-28T13:15:00+00:00,2026-09-28T13:15:00Z,0.441,1.53,0.441,2026-09-28T13:15:02.396784+00:00,down,up,0.0,-0.441,2026-09-28T13:35:47.995161+00:00
ETH,KXETH15M-26SEP280945-45,eth-updown-15m-1790602200,A,2026-09-28T13:30:00+00:00,2026-09-28T13:45:00Z,0.75,0.75,1.25,2026-09-28T13:31:00.722036+00:00,up,up,1.0,0.25,2026-09-28T13:48:42.340714+00:00
BTC,KXBTC15M-26SEP280930-30,btc-updown-15m-1790602200,A,2026-09-28T13:30:00+00:00,2026-09-28T13:30:00Z,0.541,0.541,1.45,2026-09-28T13:30:04.839853+00:00,up,up,1.0,0.459,2026-09-28T13:51:40.797398+00:00
BTC,KXBTC15M-26SEP280945-45,btc-updown-15m-1790602200,A,2026-09-28T13:30:00+00:00,2026-09-28T13:45:00Z,0.79,0.79,1.21,2026-09-28T13:31:00.722036+00:00,up,up,1.0,0.21,2026-09-28T13:51:40.797398+00:00
BTC,KXBTC15M-26SEP281000-00,btc-updown-15m-1790603100,A,2026-09-28T13:45:00+00:00,2026-09-28T14:00:00Z,0.75,0.75,1.25,2026-09-28T13:56:04.698546+00:00,down,down,1.0,0.25,2026-09-28T14:04:59.544309+00:00
ETH,KXETH15M-26SEP281000-00,eth-updown-15m-1790603100,A,2026-09-28T13:45:00+00:00,2026-09-28T14:00:00Z,0.78,0.78,1.23,2026-09-28T13:49:16.899631+00:00,down,down,1.0,0.22,2026-09-28T14:06:06.719101+00:00
BTC,KXBTC15M-26SEP281015-15,btc-updown-15m-1790604900,B,2026-09-28T14:15:00+00:00,2026-09-28T14:15:00Z,0.511,1.48,0.511,2026-09-28T14:15:02.091608+00:00,down,down,1.0,0.489,2026-09-28T14:34:38.581983+00:00
BTC,KXBTC15M-26SEP281030-30,btc-updown-15m-1790604900,A,2026-09-28T14:15:00+00:00,2026-09-28T14:30:00Z,0.75,0.75,1.25,2026-09-28T14:28:22.748002+00:00,down,down,1.0,0.25,2026-09-28T14:34:38.581983+00:00
ETH,KXETH15M-26SEP281015-15,eth-updown-15m-1790604900,B,2026-09-28T14:15:00+00:00,2026-09-28T14:15:00Z,0.491,1.49,0.491,2026-09-28T14:15:02.091608+00:00,down,down,1.0,0.509,2026-09-28T14:35:46.390771+00:00
ETH,KXETH15M-26SEP281030-30,eth-updown-15m-1790604900,A,2026-09-28T14:15:00+00:00,2026-09-28T14:30:00Z,0.78,0.78,1.202,2026-09-28T14:26:24.918911+00:00,down,down,1.0,0.22,2026-09-28T14:35:46.390771+00:00
ETH,KXETH15M-26SEP281045-45,eth-updown-15m-1790605800,B,2026-09-28T14:30:00+00:00,2026-09-28T14:45:00Z,0.65,1.329,0.65,2026-09-28T14:42:26.758811+00:00,down,down,1.0,0.35,2026-09-28T14:49:55.789835+00:00
BTC,KXBTC15M-26SEP281045-45,btc-updown-15m-1790606700,B,2026-09-28T14:45:00+00:00,2026-09-28T14:45:00Z,0.421,1.54,0.421,2026-09-28T14:45:00.853203+00:00,down,up,0.0,-0.421,2026-09-28T15:05:00.747718+00:00
BTC,KXBTC15M-26SEP281100-00,btc-updown-15m-1790606700,A,2026-09-28T14:45:00+00:00,2026-09-28T15:00:00Z,0.78,0.78,1.22,2026-09-28T14:51:59.551373+00:00,up,up,1.0,0.22,2026-09-28T15:05:00.747718+00:00
ETH,KXETH15M-26SEP281100-00,eth-updown-15m-1790606700,A,2026-09-28T14:45:00+00:00,2026-09-28T15:00:00Z,0.75,0.75,1.26,2026-09-28T14:51:59.551373+00:00,up,up,1.0,0.25,2026-09-28T15:05:00.747718+00:00
ETH,KXETH15M-26SEP281115-15,eth-updown-15m-1790607600,A,2026-09-28T15:00:00+00:00,2026-09-28T15:15:00Z,0.753,0.753,1.221,2026-09-28T15:11:20.158280+00:00,down,down,1.0,0.247,2026-09-28T15:17:08.437177+00:00
BTC,KXBTC15M-26SEP281115-15,btc-updown-15m-1790607600,A,2026-09-28T15:00:00+00:00,2026-09-28T15:15:00Z,0.7,0.7,1.329,2026-09-28T15:11:58.844514+00:00,up,up,1.0,0.3,2026-09-28T15:17:37.966256+00:00
BTC,KXBTC15M-26SEP281130-30,btc-updown-15m-1790608500,B,2026-09-28T15:15:00+00:00,2026-09-28T15:30:00Z,0.79,1.21,0.79,2026-09-28T15:24:27.692317+00:00,up,up,1.0,0.21,2026-09-28T15:33:01.203765+00:00
ETH,KXETH15M-26SEP281130-30,eth-updown-15m-1790608500,B,2026-09-28T15:15:00+00:00,2026-09-28T15:30:00Z,0.76,1.23,0.76,2026-09-28T15:24:27.692317+00:00,up,up,1.0,0.24,2026-09-28T15:35:09.113628+00:00
BTC,KXBTC15M-26SEP281145-45,btc-updown-15m-1790610300,A,2026-09-28T15:45:00+00:00,2026-09-28T15:45:00Z,0.511,0.511,1.48,2026-09-28T15:45:05.021696+00:00,up,up,1.0,0.489,2026-09-28T16:06:22.558372+00:00
ETH,KXETH15M-26SEP281145-45,eth-updown-15m-1790610300,A,2026-09-28T15:45:00+00:00,2026-09-28T15:45:00Z,0.512,0.512,1.48,2026-09-28T15:45:05.021696+00:00,up,up,1.0,0.488,2026-09-28T16:06:22.558372+00:00
BTC,KXBTC15M-26SEP281200-00,btc-updown-15m-1790611200,A,2026-09-28T16:00:00+00:00,2026-09-28T16:00:00Z,0.451,0.451,1.54,2026-09-28T16:00:03.028359+00:00,up,up,1.0,0.549,2026-09-28T16:20:28.290241+00:00
ETH,KXETH15M-26SEP281200-00,eth-updown-15m-1790611200,A,2026-09-28T16:00:00+00:00,2026-09-28T16:00:00Z,0.451,0.451,1.53,2026-09-28T16:00:03.028359+00:00,up,down,0.0,-0.451,2026-09-28T16:20:28.290241+00:00
BTC,KXBTC15M-26SEP281215-15,btc-updown-15m-1790611200,B,2026-09-28T16:00:00+00:00,2026-09-28T16:15:00Z,0.79,1.21,0.79,2026-09-28T16:07:39.751796+00:00,up,up,1.0,0.21,2026-09-28T16:20:28.290241+00:00
ETH,KXETH15M-26SEP281215-15,eth-updown-15m-1790611200,B,2026-09-28T16:00:00+00:00,2026-09-28T16:15:00Z,0.77,1.2,0.77,2026-09-28T16:10:01.018418+00:00,down,down,1.0,0.23,2026-09-28T16:20:28.290241+00:00
BTC,KXBTC15M-26SEP281230-30,btc-updown-15m-1790612100,B,2026-09-28T16:15:00+00:00,2026-09-28T16:30:00Z,0.79,1.21,0.79,2026-09-28T16:16:46.870206+00:00,up,up,1.0,0.21,2026-09-28T16:35:59.730533+00:00
ETH,KXETH15M-26SEP281230-30,eth-updown-15m-1790612100,B,2026-09-28T16:15:00+00:00,2026-09-28T16:30:00Z,0.75,1.25,0.75,2026-09-28T16:16:46.870206+00:00,up,up,1.0,0.25,2026-09-28T16:36:10.973669+00:00
BTC,KXBTC15M-26SEP281245-45,btc-updown-15m-1790613900,B,2026-09-28T16:45:00+00:00,2026-09-28T16:45:00Z,0.501,1.49,0.501,2026-09-28T16:45:02.705982+00:00,down,down,1.0,0.499,2026-09-28T17:03:09.785990+00:00
BTC,KXBTC15M-26SEP281300-00,btc-updown-15m-1790613900,B,2026-09-28T16:45:00+00:00,2026-09-28T17:00:00Z,0.78,1.22,0.78,2026-09-28T16:54:07.008442+00:00,down,down,1.0,0.22,2026-09-28T17:03:09.785990+00:00
ETH,KXETH15M-26SEP281245-45,eth-updown-15m-1790613900,B,2026-09-28T16:45:00+00:00,2026-09-28T16:45:00Z,0.501,1.49,0.501,2026-09-28T16:45:02.705982+00:00,down,up,0.0,-0.501,2026-09-28T17:06:06.795781+00:00
ETH,KXETH15M-26SEP281300-00,eth-updown-15m-1790613900,B,2026-09-28T16:45:00+00:00,2026-09-28T17:00:00Z,0.77,1.23,0.77,2026-09-28T16:52:47.391118+00:00,up,up,1.0,0.23,2026-09-28T17:06:06.795781+00:00
ETH,KXETH15M-26SEP281315-15,eth-updown-15m-1790614800,A,2026-09-28T17:00:00+00:00,2026-09-28T17:15:00Z,0.76,0.76,1.26,2026-09-28T17:03:43.386313+00:00,up,up,1.0,0.24,2026-09-28T17:17:08.061875+00:00
BTC,KXBTC15M-26SEP281315-15,btc-updown-15m-1790614800,B,2026-09-28T17:00:00+00:00,2026-09-28T17:15:00Z,0.79,1.21,0.79,2026-09-28T17:02:34.192044+00:00,up,up,1.0,0.21,2026-09-28T17:18:42.932148+00:00
BTC,KXBTC15M-26SEP281330-30,btc-updown-15m-1790615700,A,2026-09-28T17:15:00+00:00,2026-09-28T17:30:00Z,0.79,0.79,1.21,2026-09-28T17:17:59.028455+00:00,down,down,1.0,0.21,2026-09-28T17:35:54.036051+00:00
ETH,KXETH15M-26SEP281345-45,eth-updown-15m-1790616600,B,2026-09-28T17:30:00+00:00,2026-09-28T17:45:00Z,0.75,1.24,0.75,2026-09-28T17:41:22.099666+00:00,up,up,1.0,0.25,2026-09-28T17:50:24.950860+00:00
BTC,KXBTC15M-26SEP281345-45,btc-updown-15m-1790616600,B,2026-09-28T17:30:00+00:00,2026-09-28T17:45:00Z,0.77,1.23,0.77,2026-09-28T17:38:53.444623+00:00,up,up,1.0,0.23,2026-09-28T17:51:59.409034+00:00
ETH,KXETH15M-26SEP281400-00,eth-updown-15m-1790618400,B,2026-09-28T18:00:00+00:00,2026-09-28T18:00:00Z,0.641,1.35,0.641,2026-09-28T18:00:23.886345+00:00,down,up,0.0,-0.641,2026-09-28T18:17:30.745386+00:00
ETH,KXETH15M-26SEP281415-15,eth-updown-15m-1790618400,B,2026-09-28T18:00:00+00:00,2026-09-28T18:15:00Z,0.79,1.21,0.79,2026-09-28T18:08:41.286079+00:00,up,up,1.0,0.21,2026-09-28T18:17:30.745386+00:00
BTC,KXBTC15M-26SEP281400-00,btc-updown-15m-1790618400,B,2026-09-28T18:00:00+00:00,2026-09-28T18:00:00Z,0.591,1.4,0.591,2026-09-28T18:00:23.886345+00:00,down,up,0.0,-0.591,2026-09-28T18:19:54.319377+00:00
ETH,KXETH15M-26SEP281430-30,eth-updown-15m-1790619300,A,2026-09-28T18:15:00+00:00,2026-09-28T18:30:00Z,0.76,0.76,1.24,2026-09-28T18:23:49.995016+00:00,down,down,1.0,0.24,2026-09-28T18:35:20.261776+00:00
BTC,KXBTC15M-26SEP281415-15,btc-updown-15m-1790619300,A,2026-09-28T18:15:00+00:00,2026-09-28T18:15:00Z,0.501,0.501,1.49,2026-09-28T18:15:03.188770+00:00,up,down,0.0,-0.501,2026-09-28T18:37:14.543907+00:00
BTC,KXBTC15M-26SEP281430-30,btc-updown-15m-1790619300,B,2026-09-28T18:15:00+00:00,2026-09-28T18:30:00Z,0.79,1.21,0.79,2026-09-28T18:27:05.625774+00:00,down,down,1.0,0.21,2026-09-28T18:37:14.543907+00:00
BTC,KXBTC15M-26SEP281445-45,btc-updown-15m-1790621100,B,2026-09-28T18:45:00+00:00,2026-09-28T18:45:00Z,0.561,1.43,0.561,2026-09-28T18:45:03.986228+00:00,down,up,0.0,-0.561,2026-09-28T19:03:57.801798+00:00
ETH,KXETH15M-26SEP281445-45,eth-updown-15m-1790621100,B,2026-09-28T18:45:00+00:00,2026-09-28T18:45:00Z,0.481,1.51,0.481,2026-09-28T18:45:03.986228+00:00,down,up,0.0,-0.481,2026-09-28T19:04:10.183302+00:00
BTC,KXBTC15M-26SEP281500-00,btc-updown-15m-1790622000,A,2026-09-28T19:00:00+00:00,2026-09-28T19:00:00Z,0.481,0.481,1.51,2026-09-28T19:00:00.059289+00:00,up,down,0.0,-0.481,2026-09-28T19:17:48.938828+00:00
ETH,KXETH15M-26SEP281500-00,eth-updown-15m-1790622000,A,2026-09-28T19:00:00+00:00,2026-09-28T19:00:00Z,0.471,0.471,1.48,2026-09-28T19:00:00.059289+00:00,up,down,0.0,-0.471,2026-09-28T19:20:14.378560+00:00
ETH,KXETH15M-26SEP281515-15,eth-updown-15m-1790622900,B,2026-09-28T19:15:00+00:00,2026-09-28T19:15:00Z,0.581,1.41,0.581,2026-09-28T19:15:05.122972+00:00,down,down,1.0,0.419,2026-09-28T19:32:14.767208+00:00
BTC,KXBTC15M-26SEP281515-15,btc-updown-15m-1790622900,B,2026-09-28T19:15:00+00:00,2026-09-28T19:15:00Z,0.541,1.45,0.541,2026-09-28T19:15:05.122972+00:00,down,down,1.0,0.459,2026-09-28T19:32:37.276577+00:00
BTC,KXBTC15M-26SEP281530-30,btc-updown-15m-1790623800,B,2026-09-28T19:30:00+00:00,2026-09-28T19:30:00Z,0.491,1.5,0.491,2026-09-28T19:30:04.966183+00:00,down,down,1.0,0.509,2026-09-28T19:51:02.051210+00:00
ETH,KXETH15M-26SEP281530-30,eth-updown-15m-1790623800,B,2026-09-28T19:30:00+00:00,2026-09-28T19:30:00Z,0.451,1.54,0.451,2026-09-28T19:30:04.966183+00:00,down,down,1.0,0.549,2026-09-28T19:52:23.621423+00:00
ETH,KXETH15M-26SEP281545-45,eth-updown-15m-1790623800,A,2026-09-28T19:30:00+00:00,2026-09-28T19:45:00Z,0.79,0.79,1.21,2026-09-28T19:33:10.300413+00:00,down,down,1.0,0.21,2026-09-28T19:52:23.621423+00:00
BTC,KXBTC15M-26SEP281545-45,btc-updown-15m-1790624700,B,2026-09-28T19:45:00+00:00,2026-09-28T19:45:00Z,0.461,1.53,0.461,2026-09-28T19:45:00.859386+00:00,down,up,0.0,-0.461,2026-09-28T20:07:12.983586+00:00
BTC,KXBTC15M-26SEP281600-00,btc-updown-15m-1790625600,A,2026-09-28T20:00:00+00:00,2026-09-28T20:00:00Z,0.451,0.451,1.54,2026-09-28T20:00:01.252260+00:00,up,up,1.0,0.549,2026-09-28T20:20:17.691237+00:00
BTC,KXBTC15M-26SEP281615-15,btc-updown-15m-1790625600,A,2026-09-28T20:00:00+00:00,2026-09-28T20:15:00Z,0.77,0.77,1.24,2026-09-28T20:01:43.409317+00:00,up,up,1.0,0.23,2026-09-28T20:20:17.691237+00:00
ETH,KXETH15M-26SEP281600-00,eth-updown-15m-1790625600,A,2026-09-28T20:00:00+00:00,2026-09-28T20:00:00Z,0.511,0.511,1.48,2026-09-28T20:00:01.252260+00:00,up,up,1.0,0.489,2026-09-28T20:21:20.277267+00:00
ETH,KXETH15M-26SEP281615-15,eth-updown-15m-1790626500,A,2026-09-28T20:15:00+00:00,2026-09-28T20:15:00Z,0.431,0.431,1.52,2026-09-28T20:15:00.889069+00:00,up,down,0.0,-0.431,2026-09-28T20:33:16.754466+00:00
BTC,KXBTC15M-26SEP281630-30,btc-updown-15m-1790627400,B,2026-09-28T20:30:00+00:00,2026-09-28T20:30:00Z,0.611,1.38,0.611,2026-09-28T20:30:02.292071+00:00,down,down,1.0,0.389,2026-09-28T20:51:50.935861+00:00
BTC,KXBTC15M-26SEP281645-45,btc-updown-15m-1790627400,A,2026-09-28T20:30:00+00:00,2026-09-28T20:45:00Z,0.73,0.73,1.28,2026-09-28T20:43:00.853820+00:00,down,down,1.0,0.27,2026-09-28T20:51:50.935861+00:00
ETH,KXETH15M-26SEP281630-30,eth-updown-15m-1790627400,B,2026-09-28T20:30:00+00:00,2026-09-28T20:30:00Z,0.531,1.44,0.531,2026-09-28T20:30:02.292071+00:00,down,down,1.0,0.469,2026-09-28T20:52:19.086571+00:00
ETH,KXETH15M-26SEP281645-45,eth-updown-15m-1790627400,B,2026-09-28T20:30:00+00:00,2026-09-28T20:45:00Z,0.77,1.22,0.77,2026-09-28T20:41:18.196271+00:00,down,down,1.0,0.23,2026-09-28T20:52:19.086571+00:00
ETH,KXETH15M-26SEP281700-00,eth-updown-15m-1790628300,B,2026-09-28T20:45:00+00:00,2026-09-28T21:00:00Z,0.77,1.23,0.77,2026-09-28T20:54:20.157666+00:00,up,up,1.0,0.23,2026-09-28T21:03:46.722461+00:00
BTC,KXBTC15M-26SEP281700-00,btc-updown-15m-1790629200,A,2026-09-28T21:00:00+00:00,2026-09-28T21:00:00Z,0.561,0.561,1.43,2026-09-28T21:00:05.308112+00:00,up,up,1.0,0.439,2026-09-28T21:17:57.286032+00:00
ETH,KXETH15M-26SEP281715-15,eth-updown-15m-1790630100,A,2026-09-28T21:15:00+00:00,2026-09-28T21:15:00Z,0.441,0.441,1.54,2026-09-28T21:15:02.369352+00:00,up,down,0.0,-0.441,2026-09-28T21:32:50.415069+00:00
ETH,KXETH15M-26SEP281745-45,eth-updown-15m-1790631900,B,2026-09-28T21:45:00+00:00,2026-09-28T21:45:00Z,0.472,1.519,0.472,2026-09-28T21:45:01.243040+00:00,down,down,1.0,0.528,2026-09-28T22:04:06.959688+00:00
BTC,KXBTC15M-26SEP281745-45,btc-updown-15m-1790631900,B,2026-09-28T21:45:00+00:00,2026-09-28T21:45:00Z,0.471,1.52,0.471,2026-09-28T21:45:01.243040+00:00,down,down,1.0,0.529,2026-09-28T22:06:30.797969+00:00
BTC,KXBTC15M-26SEP281800-00,btc-updown-15m-1790632800,B,2026-09-28T22:00:00+00:00,2026-09-28T22:00:00Z,0.441,1.55,0.441,2026-09-28T22:00:05.303523+00:00,down,down,1.0,0.559,2026-09-28T22:18:32.117093+00:00
BTC,KXBTC15M-26SEP281815-15,btc-updown-15m-1790632800,A,2026-09-28T22:00:00+00:00,2026-09-28T22:15:00Z,0.79,0.79,1.21,2026-09-28T22:13:47.210278+00:00,down,down,1.0,0.21,2026-09-28T22:18:32.117093+00:00
ETH,KXETH15M-26SEP281800-00,eth-updown-15m-1790632800,B,2026-09-28T22:00:00+00:00,2026-09-28T22:00:00Z,0.451,1.54,0.451,2026-09-28T22:00:05.303523+00:00,down,down,1.0,0.549,2026-09-28T22:21:17.010910+00:00
ETH,KXETH15M-26SEP281815-15,eth-updown-15m-1790632800,B,2026-09-28T22:00:00+00:00,2026-09-28T22:15:00Z,0.76,1.24,0.76,2026-09-28T22:03:32.640285+00:00,down,down,1.0,0.24,2026-09-28T22:21:17.010910+00:00
BTC,KXBTC15M-26SEP281830-30,btc-updown-15m-1790634600,A,2026-09-28T22:30:00+00:00,2026-09-28T22:30:00Z,0.501,0.501,1.49,2026-09-28T22:30:02.142888+00:00,up,up,1.0,0.499,2026-09-28T22:49:04.728490+00:00
ETH,KXETH15M-26SEP281830-30,eth-updown-15m-1790634600,A,2026-09-28T22:30:00+00:00,2026-09-28T22:30:00Z,0.491,0.491,1.49,2026-09-28T22:30:02.142888+00:00,up,up,1.0,0.509,2026-09-28T22:49:04.728490+00:00
ETH,KXETH15M-26SEP281845-45,eth-updown-15m-1790635500,A,2026-09-28T22:45:00+00:00,2026-09-28T22:45:00Z,0.471,0.471,1.52,2026-09-28T22:45:04.376572+00:00,up,up,1.0,0.529,2026-09-28T23:04:22.605931+00:00
BTC,KXBTC15M-26SEP281845-45,btc-updown-15m-1790635500,A,2026-09-28T22:45:00+00:00,2026-09-28T22:45:00Z,0.511,0.511,1.48,2026-09-28T22:45:04.376572+00:00,up,up,1.0,0.489,2026-09-28T23:05:59.378860+00:00
ETH,KXETH15M-26SEP281900-00,eth-updown-15m-1790636400,A,2026-09-28T23:00:00+00:00,2026-09-28T23:00:00Z,0.491,0.491,1.5,2026-09-28T23:00:04.104315+00:00,up,down,0.0,-0.491,2026-09-28T23:19:51.653709+00:00
ETH,KXETH15M-26SEP281915-15,eth-updown-15m-1790636400,B,2026-09-28T23:00:00+00:00,2026-09-28T23:15:00Z,0.78,1.22,0.78,2026-09-28T23:02:55.224139+00:00,down,down,1.0,0.22,2026-09-28T23:19:51.653709+00:00
BTC,KXBTC15M-26SEP281915-15,btc-updown-15m-1790637300,B,2026-09-28T23:15:00+00:00,2026-09-28T23:15:00Z,0.481,1.51,0.481,2026-09-28T23:15:00.941370+00:00,down,up,0.0,-0.481,2026-09-28T23:34:42.209993+00:00
ETH,KXETH15M-26SEP281930-30,eth-updown-15m-1790638200,A,2026-09-28T23:30:00+00:00,2026-09-28T23:30:00Z,0.471,0.471,1.52,2026-09-28T23:30:01.039548+00:00,up,up,1.0,0.529,2026-09-28T23:48:57.759474+00:00
BTC,KXBTC15M-26SEP281930-30,btc-updown-15m-1790638200,A,2026-09-28T23:30:00+00:00,2026-09-28T23:30:00Z,0.521,0.521,1.43,2026-09-28T23:30:01.039548+00:00,up,up,1.0,0.479,2026-09-28T23:52:08.088092+00:00
BTC,KXBTC15M-26SEP281945-45,btc-updown-15m-1790638200,B,2026-09-28T23:30:00+00:00,2026-09-28T23:45:00Z,0.69,1.31,0.69,2026-09-28T23:43:51.049662+00:00,up,up,1.0,0.31,2026-09-28T23:52:08.088092+00:00
ETH,KXETH15M-26SEP281945-45,eth-updown-15m-1790639100,A,2026-09-28T23:45:00+00:00,2026-09-28T23:45:00Z,0.481,0.481,1.51,2026-09-28T23:45:01.848669+00:00,up,down,0.0,-0.481,2026-09-29T00:03:05.840794+00:00
BTC,KXBTC15M-26SEP282000-00,btc-updown-15m-1790640000,B,2026-09-29T00:00:00+00:00,2026-09-29T00:00:00Z,0.611,1.38,0.611,2026-09-29T00:00:02.760201+00:00,down,up,0.0,-0.611,2026-09-29T00:18:18.570746+00:00
BTC,KXBTC15M-26SEP282015-15,btc-updown-15m-1790640000,A,2026-09-29T00:00:00+00:00,2026-09-29T00:15:00Z,0.76,0.76,1.24,2026-09-29T00:06:20.604915+00:00,up,up,1.0,0.24,2026-09-29T00:18:18.570746+00:00
ETH,KXETH15M-26SEP282000-00,eth-updown-15m-1790640000,B,2026-09-29T00:00:00+00:00,2026-09-29T00:00:00Z,0.601,1.38,0.601,2026-09-29T00:00:02.760201+00:00,down,up,0.0,-0.601,2026-09-29T00:21:34.455794+00:00
ETH,KXETH15M-26SEP282015-15,eth-updown-15m-1790640000,B,2026-09-29T00:00:00+00:00,2026-09-29T00:15:00Z,0.79,1.22,0.79,2026-09-29T00:01:32.411871+00:00,up,up,1.0,0.21,2026-09-29T00:21:34.455794+00:00
ETH,KXETH15M-26SEP282030-30,eth-updown-15m-1790640900,A,2026-09-29T00:15:00+00:00,2026-09-29T00:30:00Z,0.78,0.78,1.22,2026-09-29T00:16:08.411565+00:00,down,down,1.0,0.22,2026-09-29T00:33:49.168483+00:00
BTC,KXBTC15M-26SEP282030-30,btc-updown-15m-1790640900,B,2026-09-29T00:15:00+00:00,2026-09-29T00:30:00Z,0.601,1.421,0.601,2026-09-29T00:28:44.460978+00:00,up,up,1.0,0.399,2026-09-29T00:36:08.933203+00:00
BTC,KXBTC15M-26SEP282045-45,btc-updown-15m-1790641800,B,2026-09-29T00:30:00+00:00,2026-09-29T00:45:00Z,0.76,1.24,0.76,2026-09-29T00:33:08.711681+00:00,down,down,1.0,0.24,2026-09-29T00:48:05.270508+00:00
ETH,KXETH15M-26SEP282045-45,eth-updown-15m-1790641800,A,2026-09-29T00:30:00+00:00,2026-09-29T00:45:00Z,0.78,0.78,1.21,2026-09-29T00:41:21.803015+00:00,up,up,1.0,0.22,2026-09-29T00:51:20.798008+00:00
ETH,KXETH15M-26SEP282100-00,eth-updown-15m-1790643600,B,2026-09-29T01:00:00+00:00,2026-09-29T01:00:00Z,0.611,1.38,0.611,2026-09-29T01:00:19.605099+00:00,down,down,1.0,0.389,2026-09-29T01:20:14.800641+00:00
ETH,KXETH15M-26SEP282115-15,eth-updown-15m-1790644500,B,2026-09-29T01:15:00+00:00,2026-09-29T01:15:00Z,0.581,1.41,0.581,2026-09-29T01:15:04.226785+00:00,down,down,1.0,0.419,2026-09-29T01:32:31.880165+00:00
BTC,KXBTC15M-26SEP282115-15,btc-updown-15m-1790644500,B,2026-09-29T01:15:00+00:00,2026-09-29T01:15:00Z,0.571,1.44,0.571,2026-09-29T01:15:04.226785+00:00,down,down,1.0,0.429,2026-09-29T01:32:43.244895+00:00
BTC,KXBTC15M-26SEP282130-30,btc-updown-15m-1790644500,A,2026-09-29T01:15:00+00:00,2026-09-29T01:30:00Z,0.78,0.78,1.22,2026-09-29T01:23:45.905710+00:00,down,down,1.0,0.22,2026-09-29T01:32:43.244895+00:00
ETH,KXETH15M-26SEP282130-30,eth-updown-15m-1790645400,B,2026-09-29T01:30:00+00:00,2026-09-29T01:30:00Z,0.511,1.48,0.511,2026-09-29T01:30:04.115455+00:00,down,up,0.0,-0.511,2026-09-29T01:48:03.106143+00:00
ETH,KXETH15M-26SEP282145-45,eth-updown-15m-1790645400,A,2026-09-29T01:30:00+00:00,2026-09-29T01:45:00Z,0.77,0.77,1.22,2026-09-29T01:36:17.300893+00:00,up,up,1.0,0.23,2026-09-29T01:48:03.106143+00:00
BTC,KXBTC15M-26SEP282145-45,btc-updown-15m-1790645400,B,2026-09-29T01:30:00+00:00,2026-09-29T01:45:00Z,0.77,1.23,0.77,2026-09-29T01:32:53.962535+00:00,up,up,1.0,0.23,2026-09-29T01:50:19.458023+00:00
BTC,KXBTC15M-26SEP282200-00,btc-updown-15m-1790646300,B,2026-09-29T01:45:00+00:00,2026-09-29T02:00:00Z,0.79,1.21,0.79,2026-09-29T01:52:33.611724+00:00,up,up,1.0,0.21,2026-09-29T02:04:53.853054+00:00
BTC,KXBTC15M-26SEP282215-15,btc-updown-15m-1790647200,B,2026-09-29T02:00:00+00:00,2026-09-29T02:15:00Z,0.748,1.203,0.748,2026-09-29T02:12:54.454332+00:00,down,down,1.0,0.252,2026-09-29T02:17:51.102723+00:00
ETH,KXETH15M-26SEP282200-00,eth-updown-15m-1790647200,A,2026-09-29T02:00:00+00:00,2026-09-29T02:00:00Z,0.561,0.561,1.45,2026-09-29T02:00:04.960371+00:00,up,down,0.0,-0.561,2026-09-29T02:19:04.785645+00:00
BTC,KXBTC15M-26SEP282230-30,btc-updown-15m-1790648100,A,2026-09-29T02:15:00+00:00,2026-09-29T02:30:00Z,0.78,0.78,1.22,2026-09-29T02:22:02.763732+00:00,down,down,1.0,0.22,2026-09-29T02:36:18.052664+00:00
ETH,KXETH15M-26SEP282215-15,eth-updown-15m-1790648100,B,2026-09-29T02:15:00+00:00,2026-09-29T02:15:00Z,0.561,1.42,0.561,2026-09-29T02:15:04.240667+00:00,down,down,1.0,0.439,2026-09-29T02:38:18.789140+00:00
ETH,KXETH15M-26SEP282230-30,eth-updown-15m-1790648100,A,2026-09-29T02:15:00+00:00,2026-09-29T02:30:00Z,0.78,0.78,1.22,2026-09-29T02:21:56.851006+00:00,down,down,1.0,0.22,2026-09-29T02:38:18.789140+00:00
BTC,KXBTC15M-26SEP282245-45,btc-updown-15m-1790649000,A,2026-09-29T02:30:00+00:00,2026-09-29T02:45:00Z,0.79,0.79,1.21,2026-09-29T02:41:02.993699+00:00,up,up,1.0,0.21,2026-09-29T02:47:34.540862+00:00
ETH,KXETH15M-26SEP282245-45,eth-updown-15m-1790649900,A,2026-09-29T02:45:00+00:00,2026-09-29T02:45:00Z,0.521,0.521,1.45,2026-09-29T02:45:01.490817+00:00,up,down,0.0,-0.521,2026-09-29T03:02:14.276016+00:00
BTC,KXBTC15M-26SEP282300-00,btc-updown-15m-1790650800,B,2026-09-29T03:00:00+00:00,2026-09-29T03:00:00Z,0.441,1.55,0.441,2026-09-29T03:00:00.484010+00:00,down,down,1.0,0.559,2026-09-29T03:20:53.666367+00:00
ETH,KXETH15M-26SEP282300-00,eth-updown-15m-1790650800,B,2026-09-29T03:00:00+00:00,2026-09-29T03:00:00Z,0.451,1.51,0.451,2026-09-29T03:00:00.484010+00:00,down,up,0.0,-0.451,2026-09-29T03:20:53.666367+00:00
ETH,KXETH15M-26SEP282315-15,eth-updown-15m-1790650800,B,2026-09-29T03:00:00+00:00,2026-09-29T03:15:00Z,0.79,1.21,0.79,2026-09-29T03:00:52.247029+00:00,up,up,1.0,0.21,2026-09-29T03:20:53.666367+00:00
BTC,KXBTC15M-26SEP282315-15,btc-updown-15m-1790651700,B,2026-09-29T03:15:00+00:00,2026-09-29T03:15:00Z,0.501,1.49,0.501,2026-09-29T03:15:00.799856+00:00,down,up,0.0,-0.501,2026-09-29T03:35:00.683884+00:00
ETH,KXETH15M-26SEP282330-30,eth-updown-15m-1790652600,A,2026-09-29T03:30:00+00:00,2026-09-29T03:30:00Z,0.511,0.511,1.48,2026-09-29T03:30:00.851483+00:00,up,down,0.0,-0.511,2026-09-29T03:48:18.539617+00:00
ETH,KXETH15M-26SEP282345-45,eth-updown-15m-1790652600,B,2026-09-29T03:30:00+00:00,2026-09-29T03:45:00Z,0.79,1.23,0.79,2026-09-29T03:42:51.761421+00:00,down,down,1.0,0.21,2026-09-29T03:48:18.539617+00:00
BTC,KXBTC15M-26SEP282330-30,btc-updown-15m-1790652600,A,2026-09-29T03:30:00+00:00,2026-09-29T03:30:00Z,0.491,0.491,1.5,2026-09-29T03:30:00.851483+00:00,up,down,0.0,-0.491,2026-09-29T03:50:11.357813+00:00
ETH,KXETH15M-26SEP290000-00,eth-updown-15m-1790653500,B,2026-09-29T03:45:00+00:00,2026-09-29T04:00:00Z,0.71,1.29,0.71,2026-09-29T03:53:12.118092+00:00,down,down,1.0,0.29,2026-09-29T04:04:13.200602+00:00
BTC,KXBTC15M-26SEP290000-00,btc-updown-15m-1790653500,B,2026-09-29T03:45:00+00:00,2026-09-29T04:00:00Z,0.78,1.22,0.78,2026-09-29T03:53:06.283960+00:00,down,down,1.0,0.22,2026-09-29T04:06:41.861984+00:00
ETH,KXETH15M-26SEP290015-15,eth-updown-15m-1790654400,A,2026-09-29T04:00:00+00:00,2026-09-29T04:15:00Z,0.78,0.78,1.22,2026-09-29T04:08:21.792811+00:00,up,up,1.0,0.22,2026-09-29T04:18:31.699163+00:00
BTC,KXBTC15M-26SEP290015-15,btc-updown-15m-1790654400,A,2026-09-29T04:00:00+00:00,2026-09-29T04:15:00Z,0.79,0.79,1.21,2026-09-29T04:03:35.378303+00:00,up,up,1.0,0.21,2026-09-29T04:20:56.643135+00:00
BTC,KXBTC15M-26SEP290045-45,btc-updown-15m-1790657100,B,2026-09-29T04:45:00+00:00,2026-09-29T04:45:00Z,0.551,1.44,0.551,2026-09-29T04:45:03.536005+00:00,down,up,0.0,-0.551,2026-09-29T05:03:13.398395+00:00
ETH,KXETH15M-26SEP290045-45,eth-updown-15m-1790657100,B,2026-09-29T04:45:00+00:00,2026-09-29T04:45:00Z,0.501,1.49,0.501,2026-09-29T04:45:03.536005+00:00,down,up,0.0,-0.501,2026-09-29T05:05:55.957477+00:00
ETH,KXETH15M-26SEP290100-00,eth-updown-15m-1790657100,B,2026-09-29T04:45:00+00:00,2026-09-29T05:00:00Z,0.65,1.34,0.65,2026-09-29T04:51:57.746331+00:00,up,up,1.0,0.35,2026-09-29T05:05:55.957477+00:00
BTC,KXBTC15M-26SEP290115-15,btc-updown-15m-1790658000,B,2026-09-29T05:00:00+00:00,2026-09-29T05:15:00Z,0.78,1.22,0.78,2026-09-29T05:10:10.675307+00:00,up,up,1.0,0.22,2026-09-29T05:17:19.606693+00:00
ETH,KXETH15M-26SEP290115-15,eth-updown-15m-1790658000,B,2026-09-29T05:00:00+00:00,2026-09-29T05:15:00Z,0.75,1.25,0.75,2026-09-29T05:11:11.283133+00:00,up,up,1.0,0.25,2026-09-29T05:18:51.041531+00:00
ETH,KXETH15M-26SEP290130-30,eth-updown-15m-1790658900,B,2026-09-29T05:15:00+00:00,2026-09-29T05:30:00Z,0.79,1.2,0.79,2026-09-29T05:18:14.571672+00:00,up,up,1.0,0.21,2026-09-29T05:32:40.375683+00:00
BTC,KXBTC15M-26SEP290130-30,btc-updown-15m-1790658900,B,2026-09-29T05:15:00+00:00,2026-09-29T05:30:00Z,0.72,1.28,0.72,2026-09-29T05:18:20.091700+00:00,up,up,1.0,0.28,2026-09-29T05:33:04.199272+00:00
BTC,KXBTC15M-26SEP290145-45,btc-updown-15m-1790659800,B,2026-09-29T05:30:00+00:00,2026-09-29T05:45:00Z,0.685,1.306,0.685,2026-09-29T05:44:05.363259+00:00,down,down,1.0,0.315,2026-09-29T05:47:54.066284+00:00
ETH,KXETH15M-26SEP290145-45,eth-updown-15m-1790660700,B,2026-09-29T05:45:00+00:00,2026-09-29T05:45:00Z,0.521,1.43,0.521,2026-09-29T05:45:00.745573+00:00,down,up,0.0,-0.521,2026-09-29T06:03:16.838584+00:00
ETH,KXETH15M-26SEP290200-00,eth-updown-15m-1790660700,B,2026-09-29T05:45:00+00:00,2026-09-29T06:00:00Z,0.78,1.22,0.78,2026-09-29T05:48:22.972596+00:00,up,up,1.0,0.22,2026-09-29T06:03:16.838584+00:00
BTC,KXBTC15M-26SEP290200-00,btc-updown-15m-1790661600,A,2026-09-29T06:00:00+00:00,2026-09-29T06:00:00Z,0.551,0.551,1.45,2026-09-29T06:00:01.144292+00:00,up,up,1.0,0.449,2026-09-29T06:19:25.745370+00:00
ETH,KXETH15M-26SEP290230-30,eth-updown-15m-1790662500,A,2026-09-29T06:15:00+00:00,2026-09-29T06:30:00Z,0.77,0.77,1.23,2026-09-29T06:27:38.539187+00:00,up,up,1.0,0.23,2026-09-29T06:34:39.127066+00:00
BTC,KXBTC15M-26SEP290215-15,btc-updown-15m-1790662500,A,2026-09-29T06:15:00+00:00,2026-09-29T06:15:00Z,0.551,0.551,1.44,2026-09-29T06:15:03.675718+00:00,up,up,1.0,0.449,2026-09-29T06:37:09.864953+00:00
BTC,KXBTC15M-26SEP290230-30,btc-updown-15m-1790662500,B,2026-09-29T06:15:00+00:00,2026-09-29T06:30:00Z,0.61,1.38,0.61,2026-09-29T06:29:09.478533+00:00,up,up,1.0,0.39,2026-09-29T06:37:09.864953+00:00
ETH,KXETH15M-26SEP290245-45,eth-updown-15m-1790664300,A,2026-09-29T06:45:00+00:00,2026-09-29T06:45:00Z,0.421,0.421,1.56,2026-09-29T06:45:00.961593+00:00,up,up,1.0,0.579,2026-09-29T07:03:51.982145+00:00
BTC,KXBTC15M-26SEP290245-45,btc-updown-15m-1790664300,A,2026-09-29T06:45:00+00:00,2026-09-29T06:45:00Z,0.522,0.522,1.469,2026-09-29T06:45:00.961593+00:00,up,up,1.0,0.478,2026-09-29T07:06:19.989959+00:00
BTC,KXBTC15M-26SEP290300-00,btc-updown-15m-1790665200,A,2026-09-29T07:00:00+00:00,2026-09-29T07:00:00Z,0.471,0.471,1.52,2026-09-29T07:00:02.295310+00:00,up,down,0.0,-0.471,2026-09-29T07:17:39.995126+00:00
BTC,KXBTC15M-26SEP290315-15,btc-updown-15m-1790665200,A,2026-09-29T07:00:00+00:00,2026-09-29T07:15:00Z,0.73,0.73,1.27,2026-09-29T07:10:08.769483+00:00,down,down,1.0,0.27,2026-09-29T07:17:39.995126+00:00
BTC,KXBTC15M-26SEP290330-30,btc-updown-15m-1790666100,A,2026-09-29T07:15:00+00:00,2026-09-29T07:30:00Z,0.77,0.77,1.23,2026-09-29T07:18:50.144042+00:00,up,up,1.0,0.23,2026-09-29T07:35:41.520411+00:00
ETH,KXETH15M-26SEP290315-15,eth-updown-15m-1790666100,A,2026-09-29T07:15:00+00:00,2026-09-29T07:15:00Z,0.491,0.491,1.5,2026-09-29T07:15:03.638730+00:00,up,up,1.0,0.509,2026-09-29T07:37:30.707937+00:00
ETH,KXETH15M-26SEP290330-30,eth-updown-15m-1790667000,A,2026-09-29T07:30:00+00:00,2026-09-29T07:30:00Z,0.411,0.411,1.55,2026-09-29T07:30:00.430533+00:00,up,down,0.0,-0.411,2026-09-29T07:49:36.008533+00:00
ETH,KXETH15M-26SEP290345-45,eth-updown-15m-1790667000,B,2026-09-29T07:30:00+00:00,2026-09-29T07:45:00Z,0.77,1.23,0.77,2026-09-29T07:39:12.266437+00:00,down,down,1.0,0.23,2026-09-29T07:49:36.008533+00:00
BTC,KXBTC15M-26SEP290345-45,btc-updown-15m-1790667900,A,2026-09-29T07:45:00+00:00,2026-09-29T07:45:00Z,0.525,0.525,1.459,2026-09-29T07:45:04.977392+00:00,up,down,0.0,-0.525,2026-09-29T08:03:11.071888+00:00
BTC,KXBTC15M-26SEP290400-00,btc-updown-15m-1790667900,A,2026-09-29T07:45:00+00:00,2026-09-29T08:00:00Z,0.76,0.76,1.24,2026-09-29T07:57:38.120359+00:00,down,down,1.0,0.24,2026-09-29T08:03:11.071888+00:00
ETH,KXETH15M-26SEP290400-00,eth-updown-15m-1790667900,A,2026-09-29T07:45:00+00:00,2026-09-29T08:00:00Z,0.76,0.76,1.24,2026-09-29T07:53:00.739949+00:00,down,down,1.0,0.24,2026-09-29T08:06:06.609063+00:00
BTC,KXBTC15M-26SEP290415-15,btc-updown-15m-1790668800,A,2026-09-29T08:00:00+00:00,2026-09-29T08:15:00Z,0.75,0.75,1.25,2026-09-29T08:07:58.111344+00:00,up,up,1.0,0.25,2026-09-29T08:20:33.335758+00:00
ETH,KXETH15M-26SEP290415-15,eth-updown-15m-1790669700,A,2026-09-29T08:15:00+00:00,2026-09-29T08:15:00Z,0.411,0.411,1.52,2026-09-29T08:15:00.164173+00:00,up,up,1.0,0.589,2026-09-29T08:33:54.274221+00:00
ETH,KXETH15M-26SEP290445-45,eth-updown-15m-1790671500,B,2026-09-29T08:45:00+00:00,2026-09-29T08:45:00Z,0.531,1.43,0.531,2026-09-29T08:45:01.609669+00:00,down,down,1.0,0.469,2026-09-29T09:02:20.741277+00:00
ETH,KXETH15M-26SEP290500-00,eth-updown-15m-1790671500,B,2026-09-29T08:45:00+00:00,2026-09-29T09:00:00Z,0.76,1.24,0.76,2026-09-29T08:48:50.277987+00:00,down,down,1.0,0.24,2026-09-29T09:02:20.741277+00:00
BTC,KXBTC15M-26SEP290445-45,btc-updown-15m-1790671500,B,2026-09-29T08:45:00+00:00,2026-09-29T08:45:00Z,0.561,1.43,0.561,2026-09-29T08:45:01.609669+00:00,down,down,1.0,0.439,2026-09-29T09:02:49.251843+00:00
BTC,KXBTC15M-26SEP290500-00,btc-updown-15m-1790671500,A,2026-09-29T08:45:00+00:00,2026-09-29T09:00:00Z,0.78,0.78,1.22,2026-09-29T08:59:31.784690+00:00,down,down,1.0,0.22,2026-09-29T09:02:49.251843+00:00
BTC,KXBTC15M-26SEP290515-15,btc-updown-15m-1790673300,B,2026-09-29T09:15:00+00:00,2026-09-29T09:15:00Z,0.521,1.47,0.521,2026-09-29T09:15:03.373757+00:00,down,up,0.0,-0.521,2026-09-29T09:33:27.243070+00:00
ETH,KXETH15M-26SEP290515-15,eth-updown-15m-1790673300,B,2026-09-29T09:15:00+00:00,2026-09-29T09:15:00Z,0.481,1.51,0.481,2026-09-29T09:15:03.373757+00:00,down,up,0.0,-0.481,2026-09-29T09:35:03.933940+00:00
ETH,KXETH15M-26SEP290530-30,eth-updown-15m-1790673300,B,2026-09-29T09:15:00+00:00,2026-09-29T09:30:00Z,0.76,1.24,0.76,2026-09-29T09:25:03.135436+00:00,up,up,1.0,0.24,2026-09-29T09:35:03.933940+00:00
ETH,KXETH15M-26SEP290545-45,eth-updown-15m-1790674200,B,2026-09-29T09:30:00+00:00,2026-09-29T09:45:00Z,0.76,1.24,0.76,2026-09-29T09:31:31.463958+00:00,up,up,1.0,0.24,2026-09-29T09:48:22.107177+00:00
BTC,KXBTC15M-26SEP290530-30,btc-updown-15m-1790674200,A,2026-09-29T09:30:00+00:00,2026-09-29T09:30:00Z,0.501,0.501,1.49,2026-09-29T09:30:01.090724+00:00,up,up,1.0,0.499,2026-09-29T09:51:51.308650+00:00
BTC,KXBTC15M-26SEP290545-45,btc-updown-15m-1790675100,A,2026-09-29T09:45:00+00:00,2026-09-29T09:45:00Z,0.621,0.621,1.37,2026-09-29T09:45:04.458185+00:00,up,up,1.0,0.379,2026-09-29T10:02:54.454351+00:00
BTC,KXBTC15M-26SEP290600-00,btc-updown-15m-1790675100,B,2026-09-29T09:45:00+00:00,2026-09-29T10:00:00Z,0.79,1.2,0.79,2026-09-29T09:47:52.685875+00:00,up,up,1.0,0.21,2026-09-29T10:02:54.454351+00:00
BTC,KXBTC15M-26SEP290615-15,btc-updown-15m-1790676000,B,2026-09-29T10:00:00+00:00,2026-09-29T10:15:00Z,0.75,1.25,0.75,2026-09-29T10:09:33.471516+00:00,down,down,1.0,0.25,2026-09-29T10:19:50.463290+00:00
ETH,KXETH15M-26SEP290600-00,eth-updown-15m-1790676000,A,2026-09-29T10:00:00+00:00,2026-09-29T10:00:00Z,0.461,0.461,1.53,2026-09-29T10:00:05.290659+00:00,up,down,0.0,-0.461,2026-09-29T10:21:09.304274+00:00
ETH,KXETH15M-26SEP290615-15,eth-updown-15m-1790676000,A,2026-09-29T10:00:00+00:00,2026-09-29T10:15:00Z,0.7,0.7,1.3,2026-09-29T10:12:40.704592+00:00,down,down,1.0,0.3,2026-09-29T10:21:09.304274+00:00
ETH,KXETH15M-26SEP290630-30,eth-updown-15m-1790677800,B,2026-09-29T10:30:00+00:00,2026-09-29T10:30:00Z,0.501,1.49,0.501,2026-09-29T10:30:02.071125+00:00,down,down,1.0,0.499,2026-09-29T10:48:42.121027+00:00
ETH,KXETH15M-26SEP290645-45,eth-updown-15m-1790677800,B,2026-09-29T10:30:00+00:00,2026-09-29T10:45:00Z,0.79,1.22,0.79,2026-09-29T10:40:28.603985+00:00,down,down,1.0,0.21,2026-09-29T10:48:42.121027+00:00
BTC,KXBTC15M-26SEP290630-30,btc-updown-15m-1790677800,B,2026-09-29T10:30:00+00:00,2026-09-29T10:30:00Z,0.471,1.52,0.471,2026-09-29T10:30:02.071125+00:00,down,down,1.0,0.529,2026-09-29T10:50:44.204058+00:00
BTC,KXBTC15M-26SEP290645-45,btc-updown-15m-1790678700,B,2026-09-29T10:45:00+00:00,2026-09-29T10:45:00Z,0.481,1.51,0.481,2026-09-29T10:45:04.496353+00:00,down,up,0.0,-0.481,2026-09-29T11:04:37.712162+00:00
ETH,KXETH15M-26SEP290700-00,eth-updown-15m-1790679600,A,2026-09-29T11:00:00+00:00,2026-09-29T11:00:00Z,0.501,0.501,1.49,2026-09-29T11:00:02.395563+00:00,up,up,1.0,0.499,2026-09-29T11:20:20.578550+00:00
BTC,KXBTC15M-26SEP290700-00,btc-updown-15m-1790679600,A,2026-09-29T11:00:00+00:00,2026-09-29T11:00:00Z,0.482,0.482,1.509,2026-09-29T11:00:02.395563+00:00,up,down,0.0,-0.482,2026-09-29T11:21:08.943225+00:00
BTC,KXBTC15M-26SEP290715-15,btc-updown-15m-1790679600,A,2026-09-29T11:00:00+00:00,2026-09-29T11:15:00Z,0.66,0.66,1.35,2026-09-29T11:10:57.196976+00:00,down,down,1.0,0.34,2026-09-29T11:21:08.943225+00:00
ETH,KXETH15M-26SEP290715-15,eth-updown-15m-1790680500,A,2026-09-29T11:15:00+00:00,2026-09-29T11:15:00Z,0.511,0.511,1.48,2026-09-29T11:15:04.084232+00:00,up,up,1.0,0.489,2026-09-29T11:32:36.040482+00:00
ETH,KXETH15M-26SEP290730-30,eth-updown-15m-1790680500,A,2026-09-29T11:15:00+00:00,2026-09-29T11:30:00Z,0.78,0.78,1.22,2026-09-29T11:20:14.693970+00:00,up,up,1.0,0.22,2026-09-29T11:32:36.040482+00:00
BTC,KXBTC15M-26SEP290730-30,btc-updown-15m-1790681400,A,2026-09-29T11:30:00+00:00,2026-09-29T11:30:00Z,0.451,0.451,1.54,2026-09-29T11:30:04.518743+00:00,up,up,1.0,0.549,2026-09-29T11:49:13.973079+00:00
ETH,KXETH15M-26SEP290745-45,eth-updown-15m-1790682300,A,2026-09-29T11:45:00+00:00,2026-09-29T11:45:00Z,0.631,0.631,1.36,2026-09-29T11:45:02.775772+00:00,up,up,1.0,0.369,2026-09-29T12:02:10.587969+00:00
BTC,KXBTC15M-26SEP290745-45,btc-updown-15m-1790682300,A,2026-09-29T11:45:00+00:00,2026-09-29T11:45:00Z,0.601,0.601,1.39,2026-09-29T11:45:02.775772+00:00,up,up,1.0,0.399,2026-09-29T12:05:30.751717+00:00
ETH,KXETH15M-26SEP290815-15,eth-updown-15m-1790684100,B,2026-09-29T12:15:00+00:00,2026-09-29T12:15:00Z,0.55,1.441,0.55,2026-09-29T12:15:01.442451+00:00,down,up,0.0,-0.55,2026-09-29T12:36:19.280249+00:00
ETH,KXETH15M-26SEP290830-30,eth-updown-15m-1790684100,B,2026-09-29T12:15:00+00:00,2026-09-29T12:30:00Z,0.75,1.25,0.75,2026-09-29T12:15:36.014376+00:00,up,up,1.0,0.25,2026-09-29T12:36:19.280249+00:00
BTC,KXBTC15M-26SEP290815-15,btc-updown-15m-1790684100,B,2026-09-29T12:15:00+00:00,2026-09-29T12:15:00Z,0.551,1.44,0.551,2026-09-29T12:15:01.442451+00:00,down,down,1.0,0.449,2026-09-29T12:36:37.876487+00:00
BTC,KXBTC15M-26SEP290830-30,btc-updown-15m-1790684100,A,2026-09-29T12:15:00+00:00,2026-09-29T12:30:00Z,0.79,0.79,1.21,2026-09-29T12:19:22.415017+00:00,down,down,1.0,0.21,2026-09-29T12:36:37.876487+00:00
BTC,KXBTC15M-26SEP290845-45,btc-updown-15m-1790685900,A,2026-09-29T12:45:00+00:00,2026-09-29T12:45:00Z,0.501,0.501,1.49,2026-09-29T12:45:02.266037+00:00,up,down,0.0,-0.501,2026-09-29T13:03:36.169607+00:00
BTC,KXBTC15M-26SEP290900-00,btc-updown-15m-1790685900,B,2026-09-29T12:45:00+00:00,2026-09-29T13:00:00Z,0.73,1.23,0.73,2026-09-29T12:56:36.822826+00:00,down,down,1.0,0.27,2026-09-29T13:03:36.169607+00:00
ETH,KXETH15M-26SEP290845-45,eth-updown-15m-1790685900,A,2026-09-29T12:45:00+00:00,2026-09-29T12:45:00Z,0.481,0.481,1.5,2026-09-29T12:45:02.266037+00:00,up,down,0.0,-0.481,2026-09-29T13:06:04.067372+00:00
BTC,KXBTC15M-26SEP290915-15,btc-updown-15m-1790686800,A,2026-09-29T13:00:00+00:00,2026-09-29T13:15:00Z,0.74,0.74,1.26,2026-09-29T13:01:09.650648+00:00,up,up,1.0,0.26,2026-09-29T13:17:23.523639+00:00
ETH,KXETH15M-26SEP290900-00,eth-updown-15m-1790686800,B,2026-09-29T13:00:00+00:00,2026-09-29T13:00:00Z,0.511,1.45,0.511,2026-09-29T13:00:00.030898+00:00,down,up,0.0,-0.511,2026-09-29T13:18:42.833931+00:00
ETH,KXETH15M-26SEP290915-15,eth-updown-15m-1790686800,A,2026-09-29T13:00:00+00:00,2026-09-29T13:15:00Z,0.79,0.79,1.22,2026-09-29T13:11:15.151583+00:00,down,up,2.0,1.21,2026-09-29T13:18:42.833931+00:00
ETH,KXETH15M-26SEP290930-30,eth-updown-15m-1790687700,A,2026-09-29T13:15:00+00:00,2026-09-29T13:30:00Z,0.79,0.79,1.21,2026-09-29T13:15:40.157622+00:00,up,up,1.0,0.21,2026-09-29T13:33:52.629756+00:00
BTC,KXBTC15M-26SEP290930-30,btc-updown-15m-1790687700,A,2026-09-29T13:15:00+00:00,2026-09-29T13:30:00Z,0.789,0.789,1.202,2026-09-29T13:25:42.504463+00:00,down,down,1.0,0.211,2026-09-29T13:35:50.629969+00:00
BTC,KXBTC15M-26SEP290945-45,btc-updown-15m-1790689500,B,2026-09-29T13:45:00+00:00,2026-09-29T13:45:00Z,0.481,1.51,0.481,2026-09-29T13:45:00.687201+00:00,down,up,0.0,-0.481,2026-09-29T14:02:40.479181+00:00
BTC,KXBTC15M-26SEP291000-00,btc-updown-15m-1790689500,B,2026-09-29T13:45:00+00:00,2026-09-29T14:00:00Z,0.79,1.21,0.79,2026-09-29T13:50:03.704585+00:00,up,up,1.0,0.21,2026-09-29T14:02:40.479181+00:00
ETH,KXETH15M-26SEP290945-45,eth-updown-15m-1790689500,B,2026-09-29T13:45:00+00:00,2026-09-29T13:45:00Z,0.461,1.5,0.461,2026-09-29T13:45:00.687201+00:00,down,up,0.0,-0.461,2026-09-29T14:02:46.242632+00:00
ETH,KXETH15M-26SEP291000-00,eth-updown-15m-1790689500,B,2026-09-29T13:45:00+00:00,2026-09-29T14:00:00Z,0.76,1.24,0.76,2026-09-29T13:52:27.407785+00:00,up,up,1.0,0.24,2026-09-29T14:02:46.242632+00:00
ETH,KXETH15M-26SEP291015-15,eth-updown-15m-1790690400,A,2026-09-29T14:00:00+00:00,2026-09-29T14:15:00Z,0.79,0.79,1.21,2026-09-29T14:01:43.061919+00:00,down,down,1.0,0.21,2026-09-29T14:20:22.070642+00:00
ETH,KXETH15M-26SEP291030-30,eth-updown-15m-1790691300,A,2026-09-29T14:15:00+00:00,2026-09-29T14:30:00Z,0.74,0.74,1.26,2026-09-29T14:20:51.021503+00:00,down,down,1.0,0.26,2026-09-29T14:32:56.454409+00:00
BTC,KXBTC15M-26SEP291015-15,btc-updown-15m-1790691300,B,2026-09-29T14:15:00+00:00,2026-09-29T14:15:00Z,0.511,1.48,0.511,2026-09-29T14:15:02.055014+00:00,down,up,0.0,-0.511,2026-09-29T14:34:39.463235+00:00
BTC,KXBTC15M-26SEP291030-30,btc-updown-15m-1790691300,A,2026-09-29T14:15:00+00:00,2026-09-29T14:30:00Z,0.78,0.78,1.22,2026-09-29T14:21:08.138028+00:00,up,up,1.0,0.22,2026-09-29T14:34:39.463235+00:00
BTC,KXBTC15M-26SEP291045-45,btc-updown-15m-1790692200,B,2026-09-29T14:30:00+00:00,2026-09-29T14:45:00Z,0.79,1.21,0.79,2026-09-29T14:41:56.265245+00:00,down,down,1.0,0.21,2026-09-29T14:48:21.506134+00:00
ETH,KXETH15M-26SEP291045-45,eth-updown-15m-1790692200,B,2026-09-29T14:30:00+00:00,2026-09-29T14:45:00Z,0.78,1.24,0.78,2026-09-29T14:40:28.012384+00:00,down,down,1.0,0.22,2026-09-29T14:49:32.068893+00:00
BTC,KXBTC15M-26SEP291100-00,btc-updown-15m-1790693100,A,2026-09-29T14:45:00+00:00,2026-09-29T15:00:00Z,0.77,0.77,1.23,2026-09-29T14:49:48.695569+00:00,down,down,1.0,0.23,2026-09-29T15:02:46.501991+00:00
ETH,KXETH15M-26SEP291100-00,eth-updown-15m-1790693100,B,2026-09-29T14:45:00+00:00,2026-09-29T15:00:00Z,0.78,1.22,0.78,2026-09-29T14:55:27.246403+00:00,down,down,1.0,0.22,2026-09-29T15:04:59.407930+00:00
BTC,KXBTC15M-26SEP291115-15,btc-updown-15m-1790694900,B,2026-09-29T15:15:00+00:00,2026-09-29T15:15:00Z,0.461,1.53,0.461,2026-09-29T15:15:01.133164+00:00,down,down,1.0,0.539,2026-09-29T15:33:23.018246+00:00
ETH,KXETH15M-26SEP291115-15,eth-updown-15m-1790694900,B,2026-09-29T15:15:00+00:00,2026-09-29T15:15:00Z,0.431,1.56,0.431,2026-09-29T15:15:01.133164+00:00,down,down,1.0,0.569,2026-09-29T15:36:38.081477+00:00
ETH,KXETH15M-26SEP291130-30,eth-updown-15m-1790695800,B,2026-09-29T15:30:00+00:00,2026-09-29T15:30:00Z,0.441,1.51,0.441,2026-09-29T15:30:02.538409+00:00,down,up,0.0,-0.441,2026-09-29T15:47:22.415723+00:00
ETH,KXETH15M-26SEP291145-45,eth-updown-15m-1790695800,A,2026-09-29T15:30:00+00:00,2026-09-29T15:45:00Z,0.776,0.776,1.187,2026-09-29T15:43:10.484308+00:00,up,up,1.0,0.224,2026-09-29T15:47:22.415723+00:00
BTC,KXBTC15M-26SEP291130-30,btc-updown-15m-1790695800,B,2026-09-29T15:30:00+00:00,2026-09-29T15:30:00Z,0.481,1.49,0.481,2026-09-29T15:30:02.538409+00:00,down,up,0.0,-0.481,2026-09-29T15:50:06.571114+00:00
BTC,KXBTC15M-26SEP291200-00,btc-updown-15m-1790696700,B,2026-09-29T15:45:00+00:00,2026-09-29T16:00:00Z,0.77,1.2,0.77,2026-09-29T15:47:21.372578+00:00,down,down,1.0,0.23,2026-09-29T16:05:15.708908+00:00
ETH,KXETH15M-26SEP291200-00,eth-updown-15m-1790696700,B,2026-09-29T15:45:00+00:00,2026-09-29T16:00:00Z,0.77,1.21,0.77,2026-09-29T15:47:21.372578+00:00,down,down,1.0,0.23,2026-09-29T16:05:27.010460+00:00
BTC,KXBTC15M-26SEP291215-15,btc-updown-15m-1790697600,B,2026-09-29T16:00:00+00:00,2026-09-29T16:15:00Z,0.75,1.25,0.75,2026-09-29T16:10:04.854748+00:00,down,down,1.0,0.25,2026-09-29T16:18:40.495321+00:00
ETH,KXETH15M-26SEP291215-15,eth-updown-15m-1790698500,A,2026-09-29T16:15:00+00:00,2026-09-29T16:15:00Z,0.561,0.561,1.43,2026-09-29T16:15:02.657434+00:00,up,up,1.0,0.439,2026-09-29T16:35:43.243436+00:00
ETH,KXETH15M-26SEP291230-30,eth-updown-15m-1790698500,B,2026-09-29T16:15:00+00:00,2026-09-29T16:30:00Z,0.79,1.21,0.79,2026-09-29T16:16:56.316654+00:00,up,up,1.0,0.21,2026-09-29T16:35:43.243436+00:00
ETH,KXETH15M-26SEP291245-45,eth-updown-15m-1790699400,B,2026-09-29T16:30:00+00:00,2026-09-29T16:45:00Z,0.75,1.25,0.75,2026-09-29T16:35:10.076485+00:00,down,down,1.0,0.25,2026-09-29T16:47:24.201116+00:00
BTC,KXBTC15M-26SEP291230-30,btc-updown-15m-1790699400,A,2026-09-29T16:30:00+00:00,2026-09-29T16:30:00Z,0.461,0.461,1.53,2026-09-29T16:30:04.396694+00:00,up,down,0.0,-0.461,2026-09-29T16:50:14.094918+00:00
ETH,KXETH15M-26SEP291300-00,eth-updown-15m-1790700300,B,2026-09-29T16:45:00+00:00,2026-09-29T17:00:00Z,0.79,1.21,0.79,2026-09-29T16:51:05.869011+00:00,up,up,1.0,0.21,2026-09-29T17:05:01.832439+00:00
BTC,KXBTC15M-26SEP291245-45,btc-updown-15m-1790700300,B,2026-09-29T16:45:00+00:00,2026-09-29T16:45:00Z,0.491,1.5,0.491,2026-09-29T16:45:01.775719+00:00,down,up,0.0,-0.491,2026-09-29T17:06:33.808799+00:00
BTC,KXBTC15M-26SEP291300-00,btc-updown-15m-1790700300,B,2026-09-29T16:45:00+00:00,2026-09-29T17:00:00Z,0.79,1.2,0.79,2026-09-29T16:51:05.869011+00:00,up,up,1.0,0.21,2026-09-29T17:06:33.808799+00:00
ETH,KXETH15M-26SEP291315-15,eth-updown-15m-1790701200,A,2026-09-29T17:00:00+00:00,2026-09-29T17:15:00Z,0.755,0.755,1.24,2026-09-29T17:12:05.370945+00:00,up,up,1.0,0.245,2026-09-29T17:18:32.841956+00:00
BTC,KXBTC15M-26SEP291315-15,btc-updown-15m-1790702100,A,2026-09-29T17:15:00+00:00,2026-09-29T17:15:00Z,0.541,0.541,1.4,2026-09-29T17:15:00.382315+00:00,up,down,0.0,-0.541,2026-09-29T17:32:38.099697+00:00
BTC,KXBTC15M-26SEP291330-30,btc-updown-15m-1790702100,A,2026-09-29T17:15:00+00:00,2026-09-29T17:30:00Z,0.79,0.79,1.21,2026-09-29T17:16:45.816486+00:00,up,down,0.0,-0.79,2026-09-29T17:32:38.099697+00:00
ETH,KXETH15M-26SEP291330-30,eth-updown-15m-1790702100,A,2026-09-29T17:15:00+00:00,2026-09-29T17:30:00Z,0.78,0.78,1.22,2026-09-29T17:16:45.816486+00:00,down,down,1.0,0.22,2026-09-29T17:34:12.527115+00:00
BTC,KXBTC15M-26SEP291345-45,btc-updown-15m-1790703000,B,2026-09-29T17:30:00+00:00,2026-09-29T17:45:00Z,0.79,1.21,0.79,2026-09-29T17:41:36.760029+00:00,up,up,1.0,0.21,2026-09-29T17:52:21.499407+00:00
ETH,KXETH15M-26SEP291345-45,eth-updown-15m-1790703000,A,2026-09-29T17:30:00+00:00,2026-09-29T17:45:00Z,0.77,0.77,1.23,2026-09-29T17:42:47.478382+00:00,down,down,1.0,0.23,2026-09-29T17:52:21.499407+00:00
BTC,KXBTC15M-26SEP291400-00,btc-updown-15m-1790704800,B,2026-09-29T18:00:00+00:00,2026-09-29T18:00:00Z,0.271,1.72,0.271,2026-09-29T18:00:04.370392+00:00,down,up,0.0,-0.271,2026-09-29T18:18:19.375834+00:00
BTC,KXBTC15M-26SEP291415-15,btc-updown-15m-1790705700,A,2026-09-29T18:15:00+00:00,2026-09-29T18:15:00Z,0.491,0.491,1.5,2026-09-29T18:15:04.066510+00:00,up,up,1.0,0.509,2026-09-29T18:34:38.800625+00:00
BTC,KXBTC15M-26SEP291430-30,btc-updown-15m-1790705700,A,2026-09-29T18:15:00+00:00,2026-09-29T18:30:00Z,0.77,0.77,1.23,2026-09-29T18:17:29.669371+00:00,up,up,1.0,0.23,2026-09-29T18:34:38.800625+00:00
ETH,KXETH15M-26SEP291430-30,eth-updown-15m-1790706600,A,2026-09-29T18:30:00+00:00,2026-09-29T18:30:00Z,0.431,0.431,1.55,2026-09-29T18:30:00.719574+00:00,up,up,1.0,0.569,2026-09-29T18:51:18.738199+00:00
BTC,KXBTC15M-26SEP291445-45,btc-updown-15m-1790707500,A,2026-09-29T18:45:00+00:00,2026-09-29T18:45:00Z,0.421,0.421,1.56,2026-09-29T18:45:01.779009+00:00,up,down,0.0,-0.421,2026-09-29T19:03:24.733113+00:00
ETH,KXETH15M-26SEP291445-45,eth-updown-15m-1790707500,A,2026-09-29T18:45:00+00:00,2026-09-29T18:45:00Z,0.451,0.451,1.54,2026-09-29T18:45:01.779009+00:00,up,down,0.0,-0.451,2026-09-29T19:06:27.976539+00:00
ETH,KXETH15M-26SEP291500-00,eth-updown-15m-1790707500,B,2026-09-29T18:45:00+00:00,2026-09-29T19:00:00Z,0.645,1.318,0.645,2026-09-29T18:59:24.862092+00:00,down,down,1.0,0.355,2026-09-29T19:06:27.976539+00:00
BTC,KXBTC15M-26SEP291500-00,btc-updown-15m-1790708400,B,2026-09-29T19:00:00+00:00,2026-09-29T19:00:00Z,0.481,1.51,0.481,2026-09-29T19:00:02.863687+00:00,down,down,1.0,0.519,2026-09-29T19:21:06.865197+00:00
BTC,KXBTC15M-26SEP291515-15,btc-updown-15m-1790708400,A,2026-09-29T19:00:00+00:00,2026-09-29T19:15:00Z,0.77,0.77,1.23,2026-09-29T19:11:53.375858+00:00,down,down,1.0,0.23,2026-09-29T19:21:06.865197+00:00
ETH,KXETH15M-26SEP291515-15,eth-updown-15m-1790709300,A,2026-09-29T19:15:00+00:00,2026-09-29T19:15:00Z,0.451,0.451,1.54,2026-09-29T19:15:03.185085+00:00,up,down,0.0,-0.451,2026-09-29T19:34:01.390982+00:00
ETH,KXETH15M-26SEP291530-30,eth-updown-15m-1790709300,A,2026-09-29T19:15:00+00:00,2026-09-29T19:30:00Z,0.79,0.79,1.22,2026-09-29T19:27:02.524367+00:00,down,down,1.0,0.21,2026-09-29T19:34:01.390982+00:00
ETH,KXETH15M-26SEP291545-45,eth-updown-15m-1790710200,B,2026-09-29T19:30:00+00:00,2026-09-29T19:45:00Z,0.79,1.21,0.79,2026-09-29T19:32:50.385012+00:00,down,down,1.0,0.21,2026-09-29T19:49:10.822327+00:00
BTC,KXBTC15M-26SEP291545-45,btc-updown-15m-1790710200,A,2026-09-29T19:30:00+00:00,2026-09-29T19:45:00Z,0.74,0.74,1.26,2026-09-29T19:40:14.299374+00:00,down,down,1.0,0.26,2026-09-29T19:50:07.229316+00:00
BTC,KXBTC15M-26SEP291600-00,btc-updown-15m-1790711100,B,2026-09-29T19:45:00+00:00,2026-09-29T20:00:00Z,0.77,1.23,0.77,2026-09-29T19:47:27.046600+00:00,up,up,1.0,0.23,2026-09-29T20:04:36.366889+00:00
ETH,KXETH15M-26SEP291600-00,eth-updown-15m-1790711100,B,2026-09-29T19:45:00+00:00,2026-09-29T20:00:00Z,0.72,1.28,0.72,2026-09-29T19:47:27.046600+00:00,down,down,1.0,0.28,2026-09-29T20:04:48.041116+00:00
ETH,KXETH15M-26SEP291615-15,eth-updown-15m-1790712000,B,2026-09-29T20:00:00+00:00,2026-09-29T20:15:00Z,0.77,1.23,0.77,2026-09-29T20:09:02.501637+00:00,down,down,1.0,0.23,2026-09-29T20:20:05.709264+00:00
BTC,KXBTC15M-26SEP291615-15,btc-updown-15m-1790712900,B,2026-09-29T20:15:00+00:00,2026-09-29T20:15:00Z,0.534,1.447,0.534,2026-09-29T20:15:03.244670+00:00,down,up,0.0,-0.534,2026-09-29T20:34:31.779230+00:00
ETH,KXETH15M-26SEP291630-30,eth-updown-15m-1790713800,A,2026-09-29T20:30:00+00:00,2026-09-29T20:30:00Z,0.481,0.481,1.51,2026-09-29T20:30:04.725253+00:00,up,up,1.0,0.519,2026-09-29T20:49:26.961012+00:00
ETH,KXETH15M-26SEP291645-45,eth-updown-15m-1790713800,B,2026-09-29T20:30:00+00:00,2026-09-29T20:45:00Z,0.68,1.32,0.68,2026-09-29T20:39:18.631899+00:00,up,up,1.0,0.32,2026-09-29T20:49:26.961012+00:00
BTC,KXBTC15M-26SEP291630-30,btc-updown-15m-1790713800,A,2026-09-29T20:30:00+00:00,2026-09-29T20:30:00Z,0.441,0.441,1.55,2026-09-29T20:30:04.725253+00:00,up,up,1.0,0.559,2026-09-29T20:50:52.028333+00:00
BTC,KXBTC15M-26SEP291645-45,btc-updown-15m-1790714700,A,2026-09-29T20:45:00+00:00,2026-09-29T20:45:00Z,0.475,0.475,1.516,2026-09-29T20:45:01.766977+00:00,up,down,0.0,-0.475,2026-09-29T21:02:40.214887+00:00
BTC,KXBTC15M-26SEP291700-00,btc-updown-15m-1790714700,A,2026-09-29T20:45:00+00:00,2026-09-29T21:00:00Z,0.79,0.79,1.21,2026-09-29T20:54:56.308228+00:00,down,down,1.0,0.21,2026-09-29T21:02:40.214887+00:00
ETH,KXETH15M-26SEP291700-00,eth-updown-15m-1790714700,A,2026-09-29T20:45:00+00:00,2026-09-29T21:00:00Z,0.78,0.78,1.22,2026-09-29T20:54:50.641978+00:00,down,down,1.0,0.22,2026-09-29T21:06:05.537588+00:00
ETH,KXETH15M-26SEP291715-15,eth-updown-15m-1790716500,B,2026-09-29T21:15:00+00:00,2026-09-29T21:15:00Z,0.462,1.52,0.462,2026-09-29T21:15:00.144975+00:00,down,down,1.0,0.538,2026-09-29T21:34:56.636389+00:00
BTC,KXBTC15M-26SEP291715-15,btc-updown-15m-1790716500,B,2026-09-29T21:15:00+00:00,2026-09-29T21:15:00Z,0.481,1.54,0.481,2026-09-29T21:15:00.144975+00:00,down,down,1.0,0.519,2026-09-29T21:36:18.404296+00:00
BTC,KXBTC15M-26SEP291730-30,btc-updown-15m-1790717400,B,2026-09-29T21:30:00+00:00,2026-09-29T21:30:00Z,0.431,1.56,0.431,2026-09-29T21:30:00.274671+00:00,down,up,0.0,-0.431,2026-09-29T21:50:20.475418+00:00
ETH,KXETH15M-26SEP291730-30,eth-updown-15m-1790717400,B,2026-09-29T21:30:00+00:00,2026-09-29T21:30:00Z,0.421,1.56,0.421,2026-09-29T21:30:00.274671+00:00,down,up,0.0,-0.421,2026-09-29T21:50:26.650156+00:00
ETH,KXETH15M-26SEP291745-45,eth-updown-15m-1790718300,A,2026-09-29T21:45:00+00:00,2026-09-29T21:45:00Z,0.451,0.451,1.53,2026-09-29T21:45:01.477877+00:00,up,down,0.0,-0.451,2026-09-29T22:04:21.785097+00:00
BTC,KXBTC15M-26SEP291745-45,btc-updown-15m-1790718300,A,2026-09-29T21:45:00+00:00,2026-09-29T21:45:00Z,0.401,0.401,1.59,2026-09-29T21:45:01.477877+00:00,up,down,0.0,-0.401,2026-09-29T22:07:26.091742+00:00
BTC,KXBTC15M-26SEP291800-00,btc-updown-15m-1790719200,B,2026-09-29T22:00:00+00:00,2026-09-29T22:00:00Z,0.631,1.36,0.631,2026-09-29T22:00:00.701753+00:00,down,up,0.0,-0.631,2026-09-29T22:18:17.294341+00:00
ETH,KXETH15M-26SEP291800-00,eth-updown-15m-1790719200,B,2026-09-29T22:00:00+00:00,2026-09-29T22:00:00Z,0.431,1.52,0.431,2026-09-29T22:00:00.701753+00:00,down,up,0.0,-0.431,2026-09-29T22:20:06.080478+00:00
ETH,KXETH15M-26SEP291815-15,eth-updown-15m-1790719200,B,2026-09-29T22:00:00+00:00,2026-09-29T22:15:00Z,0.77,1.23,0.77,2026-09-29T22:00:59.256360+00:00,up,up,1.0,0.23,2026-09-29T22:20:06.080478+00:00
ETH,KXETH15M-26SEP291830-30,eth-updown-15m-1790720100,B,2026-09-29T22:15:00+00:00,2026-09-29T22:30:00Z,0.78,1.181,0.78,2026-09-29T22:19:43.448963+00:00,down,down,1.0,0.22,2026-09-29T22:32:17.577937+00:00
BTC,KXBTC15M-26SEP291815-15,btc-updown-15m-1790720100,A,2026-09-29T22:15:00+00:00,2026-09-29T22:15:00Z,0.391,0.391,1.6,2026-09-29T22:15:03.431986+00:00,up,down,0.0,-0.391,2026-09-29T22:33:36.203763+00:00
BTC,KXBTC15M-26SEP291830-30,btc-updown-15m-1790720100,B,2026-09-29T22:15:00+00:00,2026-09-29T22:30:00Z,0.67,1.33,0.67,2026-09-29T22:26:03.134105+00:00,down,down,1.0,0.33,2026-09-29T22:33:36.203763+00:00
ETH,KXETH15M-26SEP291845-45,eth-updown-15m-1790721000,B,2026-09-29T22:30:00+00:00,2026-09-29T22:45:00Z,0.78,1.21,0.78,2026-09-29T22:41:35.803906+00:00,up,up,1.0,0.22,2026-09-29T22:47:21.104772+00:00
BTC,KXBTC15M-26SEP291845-45,btc-updown-15m-1790721000,B,2026-09-29T22:30:00+00:00,2026-09-29T22:45:00Z,0.79,1.21,0.79,2026-09-29T22:41:57.299015+00:00,up,up,1.0,0.21,2026-09-29T22:49:27.120190+00:00
BTC,KXBTC15M-26SEP291900-00,btc-updown-15m-1790721900,A,2026-09-29T22:45:00+00:00,2026-09-29T23:00:00Z,0.57,0.57,1.35,2026-09-29T22:59:02.606243+00:00,up,up,1.0,0.43,2026-09-29T23:04:37.297637+00:00
ETH,KXETH15M-26SEP291900-00,eth-updown-15m-1790721900,A,2026-09-29T22:45:00+00:00,2026-09-29T23:00:00Z,0.734,0.734,1.165,2026-09-29T22:59:02.606243+00:00,up,up,1.0,0.266,2026-09-29T23:05:53.112818+00:00
BTC,KXBTC15M-26SEP291915-15,btc-updown-15m-1790723700,A,2026-09-29T23:15:00+00:00,2026-09-29T23:15:00Z,0.461,0.461,1.53,2026-09-29T23:15:01.477519+00:00,up,down,0.0,-0.461,2026-09-29T23:35:16.249322+00:00
ETH,KXETH15M-26SEP291930-30,eth-updown-15m-1790724600,B,2026-09-29T23:30:00+00:00,2026-09-29T23:30:00Z,0.501,1.49,0.501,2026-09-29T23:30:05.553378+00:00,down,down,1.0,0.499,2026-09-29T23:50:27.928942+00:00
BTC,KXBTC15M-26SEP291930-30,btc-updown-15m-1790724600,B,2026-09-29T23:30:00+00:00,2026-09-29T23:30:00Z,0.441,1.55,0.441,2026-09-29T23:30:05.553378+00:00,down,down,1.0,0.559,2026-09-29T23:50:46.074810+00:00
ETH,KXETH15M-26SEP291945-45,eth-updown-15m-1790725500,B,2026-09-29T23:45:00+00:00,2026-09-29T23:45:00Z,0.381,1.59,0.381,2026-09-29T23:45:00.680221+00:00,down,up,0.0,-0.381,2026-09-30T00:03:32.769061+00:00
BTC,KXBTC15M-26SEP291945-45,btc-updown-15m-1790725500,B,2026-09-29T23:45:00+00:00,2026-09-29T23:45:00Z,0.451,1.53,0.451,2026-09-29T23:45:00.680221+00:00,down,up,0.0,-0.451,2026-09-30T00:06:47.679275+00:00
BTC,KXBTC15M-26SEP292000-00,btc-updown-15m-1790725500,B,2026-09-29T23:45:00+00:00,2026-09-30T00:00:00Z,0.78,1.22,0.78,2026-09-29T23:58:01.801127+00:00,up,up,1.0,0.22,2026-09-30T00:06:47.679275+00:00
BTC,KXBTC15M-26SEP292015-15,btc-updown-15m-1790726400,A,2026-09-30T00:00:00+00:00,2026-09-30T00:15:00Z,0.75,0.75,1.25,2026-09-30T00:04:29.924236+00:00,down,down,1.0,0.25,2026-09-30T00:19:07.912893+00:00
ETH,KXETH15M-26SEP292000-00,eth-updown-15m-1790726400,A,2026-09-30T00:00:00+00:00,2026-09-30T00:00:00Z,0.591,0.591,1.35,2026-09-30T00:00:01.895190+00:00,up,down,0.0,-0.591,2026-09-30T00:19:54.330663+00:00
ETH,KXETH15M-26SEP292015-15,eth-updown-15m-1790727300,B,2026-09-30T00:15:00+00:00,2026-09-30T00:15:00Z,0.441,1.55,0.441,2026-09-30T00:15:01.916029+00:00,down,up,0.0,-0.441,2026-09-30T00:34:56.843846+00:00
ETH,KXETH15M-26SEP292030-30,eth-updown-15m-1790727300,B,2026-09-30T00:15:00+00:00,2026-09-30T00:30:00Z,0.78,1.21,0.78,2026-09-30T00:27:32.991584+00:00,up,up,1.0,0.22,2026-09-30T00:34:56.843846+00:00
BTC,KXBTC15M-26SEP292030-30,btc-updown-15m-1790727300,B,2026-09-30T00:15:00+00:00,2026-09-30T00:30:00Z,0.75,1.25,0.75,2026-09-30T00:25:19.554412+00:00,up,up,1.0,0.25,2026-09-30T00:36:06.833114+00:00
BTC,KXBTC15M-26SEP292045-45,btc-updown-15m-1790728200,A,2026-09-30T00:30:00+00:00,2026-09-30T00:45:00Z,0.79,0.79,1.21,2026-09-30T00:35:40.805712+00:00,down,down,1.0,0.21,2026-09-30T00:48:29.492403+00:00
ETH,KXETH15M-26SEP292045-45,eth-updown-15m-1790728200,A,2026-09-30T00:30:00+00:00,2026-09-30T00:45:00Z,0.77,0.77,1.23,2026-09-30T00:35:40.805712+00:00,down,down,1.0,0.23,2026-09-30T00:50:55.611008+00:00
ETH,KXETH15M-26SEP292100-00,eth-updown-15m-1790729100,B,2026-09-30T00:45:00+00:00,2026-09-30T01:00:00Z,0.79,1.2,0.79,2026-09-30T00:55:18.266851+00:00,up,up,1.0,0.21,2026-09-30T01:07:11.546345+00:00
BTC,KXBTC15M-26SEP292100-00,btc-updown-15m-1790730000,B,2026-09-30T01:00:00+00:00,2026-09-30T01:00:00Z,0.481,1.52,0.481,2026-09-30T01:00:03.215530+00:00,down,down,1.0,0.519,2026-09-30T01:20:19.021837+00:00
ETH,KXETH15M-26SEP292115-15,eth-updown-15m-1790730000,B,2026-09-30T01:00:00+00:00,2026-09-30T01:15:00Z,0.72,1.25,0.72,2026-09-30T01:09:03.658489+00:00,up,down,2.0,1.28,2026-09-30T01:38:19.403041+00:00
BTC,KXBTC15M-26SEP292115-15,btc-updown-15m-1790730000,B,2026-09-30T01:00:00+00:00,2026-09-30T01:15:00Z,0.79,1.21,0.79,2026-09-30T01:09:09.603042+00:00,down,down,1.0,0.21,2026-09-30T01:38:19.403041+00:00
BTC,KXBTC15M-26SEP292130-30,btc-updown-15m-1790730900,B,2026-09-30T01:15:00+00:00,2026-09-30T01:30:00Z,0.77,1.23,0.77,2026-09-30T01:23:40.264053+00:00,up,up,1.0,0.23,2026-09-30T01:38:19.403041+00:00
ETH,KXETH15M-26SEP292130-30,eth-updown-15m-1790730900,B,2026-09-30T01:15:00+00:00,2026-09-30T01:30:00Z,0.78,1.22,0.78,2026-09-30T01:23:45.849119+00:00,up,up,1.0,0.22,2026-09-30T01:38:19.403041+00:00
ETH,KXETH15M-26SEP292145-45,eth-updown-15m-1790731800,B,2026-09-30T01:30:00+00:00,2026-09-30T01:45:00Z,0.76,1.24,0.76,2026-09-30T01:30:51.159089+00:00,down,down,1.0,0.24,2026-09-30T01:50:35.214891+00:00
BTC,KXBTC15M-26SEP292145-45,btc-updown-15m-1790732700,B,2026-09-30T01:45:00+00:00,2026-09-30T01:45:00Z,0.456,1.515,0.456,2026-09-30T01:45:00.023327+00:00,down,up,0.0,-0.456,2026-09-30T02:04:26.149274+00:00
BTC,KXBTC15M-26SEP292200-00,btc-updown-15m-1790732700,A,2026-09-30T01:45:00+00:00,2026-09-30T02:00:00Z,0.76,0.76,1.24,2026-09-30T01:55:28.042759+00:00,up,up,1.0,0.24,2026-09-30T02:04:26.149274+00:00
ETH,KXETH15M-26SEP292200-00,eth-updown-15m-1790732700,A,2026-09-30T01:45:00+00:00,2026-09-30T02:00:00Z,0.74,0.74,1.26,2026-09-30T01:55:28.042759+00:00,down,down,1.0,0.26,2026-09-30T02:06:50.112105+00:00
ETH,KXETH15M-26SEP292215-15,eth-updown-15m-1790733600,A,2026-09-30T02:00:00+00:00,2026-09-30T02:15:00Z,0.78,0.78,1.2,2026-09-30T02:10:45.087585+00:00,up,up,1.0,0.22,2026-09-30T02:20:19.583605+00:00
ETH,KXETH15M-26SEP292230-30,eth-updown-15m-1790734500,B,2026-09-30T02:15:00+00:00,2026-09-30T02:30:00Z,0.75,1.25,0.75,2026-09-30T02:23:08.451225+00:00,down,down,1.0,0.25,2026-09-30T02:32:54.210489+00:00
BTC,KXBTC15M-26SEP292230-30,btc-updown-15m-1790734500,B,2026-09-30T02:15:00+00:00,2026-09-30T02:30:00Z,0.79,1.21,0.79,2026-09-30T02:21:59.016969+00:00,down,down,1.0,0.21,2026-09-30T02:34:51.326519+00:00
ETH,KXETH15M-26SEP292245-45,eth-updown-15m-1790735400,B,2026-09-30T02:30:00+00:00,2026-09-30T02:45:00Z,0.78,1.22,0.78,2026-09-30T02:37:09.325715+00:00,up,up,1.0,0.22,2026-09-30T02:48:25.830286+00:00
BTC,KXBTC15M-26SEP292245-45,btc-updown-15m-1790735400,B,2026-09-30T02:30:00+00:00,2026-09-30T02:45:00Z,0.73,1.27,0.73,2026-09-30T02:40:36.430012+00:00,down,down,1.0,0.27,2026-09-30T02:48:54.604113+00:00
BTC,KXBTC15M-26SEP292300-00,btc-updown-15m-1790736300,A,2026-09-30T02:45:00+00:00,2026-09-30T03:00:00Z,0.74,0.74,1.26,2026-09-30T02:56:50.354154+00:00,down,down,1.0,0.26,2026-09-30T03:06:45.314476+00:00
ETH,KXETH15M-26SEP292300-00,eth-updown-15m-1790737200,A,2026-09-30T03:00:00+00:00,2026-09-30T03:00:00Z,0.591,0.591,1.4,2026-09-30T03:00:02.711983+00:00,up,down,0.0,-0.591,2026-09-30T03:22:12.612624+00:00
ETH,KXETH15M-26SEP292315-15,eth-updown-15m-1790737200,B,2026-09-30T03:00:00+00:00,2026-09-30T03:15:00Z,0.78,1.22,0.78,2026-09-30T03:04:09.198929+00:00,down,down,1.0,0.22,2026-09-30T03:22:12.612624+00:00
ETH,KXETH15M-26SEP292330-30,eth-updown-15m-1790738100,B,2026-09-30T03:15:00+00:00,2026-09-30T03:30:00Z,0.78,1.22,0.78,2026-09-30T03:22:11.966784+00:00,down,down,1.0,0.22,2026-09-30T03:35:26.148096+00:00
BTC,KXBTC15M-26SEP292315-15,btc-updown-15m-1790738100,B,2026-09-30T03:15:00+00:00,2026-09-30T03:15:00Z,0.481,1.51,0.481,2026-09-30T03:15:05.220679+00:00,down,down,1.0,0.519,2026-09-30T03:36:16.283399+00:00
BTC,KXBTC15M-26SEP292330-30,btc-updown-15m-1790738100,B,2026-09-30T03:15:00+00:00,2026-09-30T03:30:00Z,0.775,1.216,0.775,2026-09-30T03:28:19.068747+00:00,down,down,1.0,0.225,2026-09-30T03:36:16.283399+00:00
ETH,KXETH15M-26SEP292345-45,eth-updown-15m-1790739000,B,2026-09-30T03:30:00+00:00,2026-09-30T03:45:00Z,0.76,1.25,0.76,2026-09-30T03:36:54.355237+00:00,up,up,1.0,0.24,2026-09-30T03:48:24.687130+00:00
BTC,KXBTC15M-26SEP292345-45,btc-updown-15m-1790739000,B,2026-09-30T03:30:00+00:00,2026-09-30T03:45:00Z,0.79,1.21,0.79,2026-09-30T03:36:54.355237+00:00,up,up,1.0,0.21,2026-09-30T03:51:45.536360+00:00
ETH,KXETH15M-26SEP300000-00,eth-updown-15m-1790740800,B,2026-09-30T04:00:00+00:00,2026-09-30T04:00:00Z,0.581,1.41,0.581,2026-09-30T04:00:01.300694+00:00,down,up,0.0,-0.581,2026-09-30T04:20:08.875880+00:00
ETH,KXETH15M-26SEP300015-15,eth-updown-15m-1790740800,B,2026-09-30T04:00:00+00:00,2026-09-30T04:15:00Z,0.79,1.21,0.79,2026-09-30T04:02:36.330623+00:00,up,up,1.0,0.21,2026-09-30T04:20:08.875880+00:00
BTC,KXBTC15M-26SEP300000-00,btc-updown-15m-1790740800,B,2026-09-30T04:00:00+00:00,2026-09-30T04:00:00Z,0.491,1.5,0.491,2026-09-30T04:00:01.300694+00:00,down,up,0.0,-0.491,2026-09-30T04:22:23.004261+00:00
ETH,KXETH15M-26SEP300030-30,eth-updown-15m-1790741700,A,2026-09-30T04:15:00+00:00,2026-09-30T04:30:00Z,0.79,0.79,1.2,2026-09-30T04:19:39.188307+00:00,down,down,1.0,0.21,2026-09-30T04:32:42.809220+00:00
BTC,KXBTC15M-26SEP300015-15,btc-updown-15m-1790741700,A,2026-09-30T04:15:00+00:00,2026-09-30T04:15:00Z,0.471,0.471,1.51,2026-09-30T04:15:00.119961+00:00,up,down,0.0,-0.471,2026-09-30T04:33:42.597771+00:00
BTC,KXBTC15M-26SEP300030-30,btc-updown-15m-1790741700,A,2026-09-30T04:15:00+00:00,2026-09-30T04:30:00Z,0.79,0.79,1.21,2026-09-30T04:24:52.185159+00:00,down,down,1.0,0.21,2026-09-30T04:33:42.597771+00:00
ETH,KXETH15M-26SEP300045-45,eth-updown-15m-1790742600,B,2026-09-30T04:30:00+00:00,2026-09-30T04:45:00Z,0.67,1.33,0.67,2026-09-30T04:36:16.540059+00:00,down,down,1.0,0.33,2026-09-30T04:50:22.928526+00:00
BTC,KXBTC15M-26SEP300045-45,btc-updown-15m-1790742600,B,2026-09-30T04:30:00+00:00,2026-09-30T04:45:00Z,0.77,1.23,0.77,2026-09-30T04:36:38.581754+00:00,down,down,1.0,0.23,2026-09-30T04:52:09.346596+00:00
ETH,KXETH15M-26SEP300100-00,eth-updown-15m-1790744400,B,2026-09-30T05:00:00+00:00,2026-09-30T05:00:00Z,0.471,1.52,0.471,2026-09-30T05:00:02.496168+00:00,down,down,1.0,0.529,2026-09-30T05:19:38.174731+00:00
ETH,KXETH15M-26SEP300115-15,eth-updown-15m-1790744400,B,2026-09-30T05:00:00+00:00,2026-09-30T05:15:00Z,0.76,1.24,0.76,2026-09-30T05:00:43.547893+00:00,down,down,1.0,0.24,2026-09-30T05:19:38.174731+00:00
BTC,KXBTC15M-26SEP300100-00,btc-updown-15m-1790744400,B,2026-09-30T05:00:00+00:00,2026-09-30T05:00:00Z,0.461,1.53,0.461,2026-09-30T05:00:02.496168+00:00,down,up,0.0,-0.461,2026-09-30T05:22:29.108357+00:00
BTC,KXBTC15M-26SEP300115-15,btc-updown-15m-1790745300,A,2026-09-30T05:15:00+00:00,2026-09-30T05:15:00Z,0.431,0.431,1.54,2026-09-30T05:15:01.856482+00:00,up,up,1.0,0.569,2026-09-30T05:35:07.628800+00:00
ETH,KXETH15M-26SEP300130-30,eth-updown-15m-1790745300,B,2026-09-30T05:15:00+00:00,2026-09-30T05:30:00Z,0.79,1.21,0.79,2026-09-30T05:23:08.019809+00:00,up,up,1.0,0.21,2026-09-30T05:35:43.171592+00:00
BTC,KXBTC15M-26SEP300130-30,btc-updown-15m-1790746200,A,2026-09-30T05:30:00+00:00,2026-09-30T05:30:00Z,0.491,0.491,1.5,2026-09-30T05:30:03.055483+00:00,up,up,1.0,0.509,2026-09-30T05:50:24.642886+00:00
BTC,KXBTC15M-26SEP300145-45,btc-updown-15m-1790747100,A,2026-09-30T05:45:00+00:00,2026-09-30T05:45:00Z,0.441,0.441,1.55,2026-09-30T05:45:02.413052+00:00,up,down,0.0,-0.441,2026-09-30T06:05:36.996693+00:00
ETH,KXETH15M-26SEP300145-45,eth-updown-15m-1790747100,A,2026-09-30T05:45:00+00:00,2026-09-30T05:45:00Z,0.451,0.451,1.54,2026-09-30T05:45:02.413052+00:00,up,down,0.0,-0.451,2026-09-30T06:05:36.996693+00:00
BTC,KXBTC15M-26SEP300215-15,btc-updown-15m-1790748900,B,2026-09-30T06:15:00+00:00,2026-09-30T06:15:00Z,0.531,1.46,0.531,2026-09-30T06:15:01.302118+00:00,down,down,1.0,0.469,2026-09-30T06:33:54.569266+00:00
BTC,KXBTC15M-26SEP300230-30,btc-updown-15m-1790748900,B,2026-09-30T06:15:00+00:00,2026-09-30T06:30:00Z,0.771,1.22,0.771,2026-09-30T06:28:23.553812+00:00,down,down,1.0,0.229,2026-09-30T06:33:54.569266+00:00
ETH,KXETH15M-26SEP300215-15,eth-updown-15m-1790748900,B,2026-09-30T06:15:00+00:00,2026-09-30T06:15:00Z,0.511,1.48,0.511,2026-09-30T06:15:01.302118+00:00,down,down,1.0,0.489,2026-09-30T06:36:23.824112+00:00
ETH,KXETH15M-26SEP300230-30,eth-updown-15m-1790748900,B,2026-09-30T06:15:00+00:00,2026-09-30T06:30:00Z,0.67,1.28,0.67,2026-09-30T06:28:39.762455+00:00,down,down,1.0,0.33,2026-09-30T06:36:23.824112+00:00
BTC,KXBTC15M-26SEP300245-45,btc-updown-15m-1790750700,B,2026-09-30T06:45:00+00:00,2026-09-30T06:45:00Z,0.551,1.44,0.551,2026-09-30T06:45:04.861643+00:00,down,down,1.0,0.449,2026-09-30T07:05:08.622323+00:00
BTC,KXBTC15M-26SEP300300-00,btc-updown-15m-1790750700,A,2026-09-30T06:45:00+00:00,2026-09-30T07:00:00Z,0.443,0.443,1.358,2026-09-30T06:59:35.579300+00:00,down,down,1.0,0.557,2026-09-30T07:05:08.622323+00:00
ETH,KXETH15M-26SEP300245-45,eth-updown-15m-1790750700,B,2026-09-30T06:45:00+00:00,2026-09-30T06:45:00Z,0.531,1.46,0.531,2026-09-30T06:45:04.861643+00:00,down,up,0.0,-0.531,2026-09-30T07:05:14.096344+00:00
ETH,KXETH15M-26SEP300300-00,eth-updown-15m-1790750700,B,2026-09-30T06:45:00+00:00,2026-09-30T07:00:00Z,0.79,1.2,0.79,2026-09-30T06:52:54.950981+00:00,up,up,1.0,0.21,2026-09-30T07:05:14.096344+00:00
ETH,KXETH15M-26SEP300315-15,eth-updown-15m-1790751600,B,2026-09-30T07:00:00+00:00,2026-09-30T07:15:00Z,0.77,1.23,0.77,2026-09-30T07:01:29.810097+00:00,down,down,1.0,0.23,2026-09-30T07:20:17.696883+00:00
BTC,KXBTC15M-26SEP300315-15,btc-updown-15m-1790752500,B,2026-09-30T07:15:00+00:00,2026-09-30T07:15:00Z,0.461,1.53,0.461,2026-09-30T07:15:04.493374+00:00,down,up,0.0,-0.461,2026-09-30T07:36:27.124225+00:00
BTC,KXBTC15M-26SEP300330-30,btc-updown-15m-1790753400,A,2026-09-30T07:30:00+00:00,2026-09-30T07:30:00Z,0.541,0.541,1.45,2026-09-30T07:30:00.500148+00:00,up,up,1.0,0.459,2026-09-30T07:49:01.634881+00:00
ETH,KXETH15M-26SEP300330-30,eth-updown-15m-1790753400,A,2026-09-30T07:30:00+00:00,2026-09-30T07:30:00Z,0.511,0.511,1.46,2026-09-30T07:30:00.500148+00:00,up,up,1.0,0.489,2026-09-30T07:49:07.341342+00:00
BTC,KXBTC15M-26SEP300345-45,btc-updown-15m-1790754300,A,2026-09-30T07:45:00+00:00,2026-09-30T07:45:00Z,0.521,0.521,1.47,2026-09-30T07:45:03.378474+00:00,up,down,0.0,-0.521,2026-09-30T08:04:15.802634+00:00
BTC,KXBTC15M-26SEP300400-00,btc-updown-15m-1790754300,A,2026-09-30T07:45:00+00:00,2026-09-30T08:00:00Z,0.7,0.7,1.3,2026-09-30T07:54:56.027894+00:00,down,down,1.0,0.3,2026-09-30T08:04:15.802634+00:00
ETH,KXETH15M-26SEP300345-45,eth-updown-15m-1790754300,A,2026-09-30T07:45:00+00:00,2026-09-30T07:45:00Z,0.561,0.561,1.43,2026-09-30T07:45:03.378474+00:00,up,down,0.0,-0.561,2026-09-30T08:05:13.171171+00:00
ETH,KXETH15M-26SEP300400-00,eth-updown-15m-1790754300,B,2026-09-30T07:45:00+00:00,2026-09-30T08:00:00Z,0.78,1.23,0.78,2026-09-30T07:59:11.011216+00:00,down,down,1.0,0.22,2026-09-30T08:05:13.171171+00:00
BTC,KXBTC15M-26SEP300415-15,btc-updown-15m-1790755200,A,2026-09-30T08:00:00+00:00,2026-09-30T08:15:00Z,0.79,0.79,1.21,2026-09-30T08:04:27.139800+00:00,down,down,1.0,0.21,2026-09-30T08:21:27.500087+00:00
BTC,KXBTC15M-26SEP300430-30,btc-updown-15m-1790756100,A,2026-09-30T08:15:00+00:00,2026-09-30T08:30:00Z,0.76,0.76,1.24,2026-09-30T08:26:06.559012+00:00,up,up,1.0,0.24,2026-09-30T08:35:41.942715+00:00
ETH,KXETH15M-26SEP300415-15,eth-updown-15m-1790756100,B,2026-09-30T08:15:00+00:00,2026-09-30T08:15:00Z,0.481,1.51,0.481,2026-09-30T08:15:02.907289+00:00,down,up,0.0,-0.481,2026-09-30T08:36:09.815095+00:00
ETH,KXETH15M-26SEP300430-30,eth-updown-15m-1790756100,A,2026-09-30T08:15:00+00:00,2026-09-30T08:30:00Z,0.774,0.774,1.209,2026-09-30T08:24:16.152829+00:00,up,up,1.0,0.226,2026-09-30T08:36:09.815095+00:00
ETH,KXETH15M-26SEP300445-45,eth-updown-15m-1790757000,A,2026-09-30T08:30:00+00:00,2026-09-30T08:45:00Z,0.75,0.75,1.25,2026-09-30T08:42:16.603718+00:00,down,down,1.0,0.25,2026-09-30T08:48:34.187078+00:00
BTC,KXBTC15M-26SEP300445-45,btc-updown-15m-1790757900,B,2026-09-30T08:45:00+00:00,2026-09-30T08:45:00Z,0.471,1.54,0.471,2026-09-30T08:45:00.559397+00:00,down,up,0.0,-0.471,2026-09-30T09:06:16.381129+00:00
BTC,KXBTC15M-26SEP300500-00,btc-updown-15m-1790757900,A,2026-09-30T08:45:00+00:00,2026-09-30T09:00:00Z,0.66,0.66,1.34,2026-09-30T08:51:12.824192+00:00,up,up,1.0,0.34,2026-09-30T09:06:16.381129+00:00
ETH,KXETH15M-26SEP300500-00,eth-updown-15m-1790758800,A,2026-09-30T09:00:00+00:00,2026-09-30T09:00:00Z,0.471,0.471,1.52,2026-09-30T09:00:01.200547+00:00,up,up,1.0,0.529,2026-09-30T09:18:45.443726+00:00
BTC,KXBTC15M-26SEP300515-15,btc-updown-15m-1790759700,A,2026-09-30T09:15:00+00:00,2026-09-30T09:15:00Z,0.541,0.541,1.45,2026-09-30T09:15:01.170086+00:00,up,up,1.0,0.459,2026-09-30T09:32:59.750644+00:00
ETH,KXETH15M-26SEP300515-15,eth-updown-15m-1790759700,A,2026-09-30T09:15:00+00:00,2026-09-30T09:15:00Z,0.461,0.461,1.53,2026-09-30T09:15:01.170086+00:00,up,up,1.0,0.539,2026-09-30T09:35:08.787512+00:00
BTC,KXBTC15M-26SEP300530-30,btc-updown-15m-1790760600,A,2026-09-30T09:30:00+00:00,2026-09-30T09:30:00Z,0.651,0.651,1.34,2026-09-30T09:30:20.595093+00:00,up,up,1.0,0.349,2026-09-30T09:48:08.200453+00:00
BTC,KXBTC15M-26SEP300545-45,btc-updown-15m-1790761500,A,2026-09-30T09:45:00+00:00,2026-09-30T09:45:00Z,0.521,0.521,1.47,2026-09-30T09:45:00.050306+00:00,up,up,1.0,0.479,2026-09-30T10:03:55.739460+00:00
ETH,KXETH15M-26SEP300545-45,eth-updown-15m-1790761500,A,2026-09-30T09:45:00+00:00,2026-09-30T09:45:00Z,0.451,0.451,1.54,2026-09-30T09:45:00.050306+00:00,up,down,0.0,-0.451,2026-09-30T10:05:17.226519+00:00
ETH,KXETH15M-26SEP300600-00,eth-updown-15m-1790761500,B,2026-09-30T09:45:00+00:00,2026-09-30T10:00:00Z,0.76,1.25,0.76,2026-09-30T09:54:30.958518+00:00,down,down,1.0,0.24,2026-09-30T10:05:17.226519+00:00
BTC,KXBTC15M-26SEP300600-00,btc-updown-15m-1790762400,A,2026-09-30T10:00:00+00:00,2026-09-30T10:00:00Z,0.461,0.461,1.52,2026-09-30T10:00:00.227643+00:00,up,up,1.0,0.539,2026-09-30T10:19:58.821669+00:00
BTC,KXBTC15M-26SEP300615-15,btc-updown-15m-1790762400,B,2026-09-30T10:00:00+00:00,2026-09-30T10:15:00Z,0.79,1.21,0.79,2026-09-30T10:00:33.188899+00:00,up,up,1.0,0.21,2026-09-30T10:19:58.821669+00:00
BTC,KXBTC15M-26SEP300630-30,btc-updown-15m-1790763300,B,2026-09-30T10:15:00+00:00,2026-09-30T10:30:00Z,0.78,1.22,0.78,2026-09-30T10:20:21.736536+00:00,up,up,1.0,0.22,2026-09-30T10:33:36.101472+00:00
ETH,KXETH15M-26SEP300615-15,eth-updown-15m-1790763300,A,2026-09-30T10:15:00+00:00,2026-09-30T10:15:00Z,0.401,0.401,1.59,2026-09-30T10:15:03.975612+00:00,up,up,1.0,0.599,2026-09-30T10:36:28.559844+00:00
ETH,KXETH15M-26SEP300630-30,eth-updown-15m-1790763300,A,2026-09-30T10:15:00+00:00,2026-09-30T10:30:00Z,0.78,0.78,1.22,2026-09-30T10:22:46.409350+00:00,up,up,1.0,0.22,2026-09-30T10:36:28.559844+00:00
ETH,KXETH15M-26SEP300645-45,eth-updown-15m-1790764200,A,2026-09-30T10:30:00+00:00,2026-09-30T10:45:00Z,0.78,0.78,1.19,2026-09-30T10:41:30.113692+00:00,up,up,1.0,0.22,2026-09-30T10:50:08.888025+00:00
BTC,KXBTC15M-26SEP300645-45,btc-updown-15m-1790765100,A,2026-09-30T10:45:00+00:00,2026-09-30T10:45:00Z,0.451,0.451,1.54,2026-09-30T10:45:00.086998+00:00,up,up,1.0,0.549,2026-09-30T11:03:59.463114+00:00
BTC,KXBTC15M-26SEP300700-00,btc-updown-15m-1790765100,A,2026-09-30T10:45:00+00:00,2026-09-30T11:00:00Z,0.69,0.69,1.31,2026-09-30T10:56:31.594434+00:00,up,up,1.0,0.31,2026-09-30T11:03:59.463114+00:00
ETH,KXETH15M-26SEP300700-00,eth-updown-15m-1790765100,A,2026-09-30T10:45:00+00:00,2026-09-30T11:00:00Z,0.75,0.75,1.26,2026-09-30T10:56:31.594434+00:00,up,up,1.0,0.25,2026-09-30T11:05:45.721114+00:00
ETH,KXETH15M-26SEP300715-15,eth-updown-15m-1790766000,A,2026-09-30T11:00:00+00:00,2026-09-30T11:15:00Z,0.77,0.77,1.23,2026-09-30T11:01:01.434890+00:00,down,down,1.0,0.23,2026-09-30T11:22:17.636675+00:00
ETH,KXETH15M-26SEP300730-30,eth-updown-15m-1790766900,B,2026-09-30T11:15:00+00:00,2026-09-30T11:30:00Z,0.74,1.26,0.74,2026-09-30T11:23:31.782569+00:00,up,up,1.0,0.26,2026-09-30T11:35:11.928669+00:00
BTC,KXBTC15M-26SEP300715-15,btc-updown-15m-1790766900,B,2026-09-30T11:15:00+00:00,2026-09-30T11:15:00Z,0.451,1.54,0.451,2026-09-30T11:15:05.177117+00:00,down,up,0.0,-0.451,2026-09-30T11:36:22.266695+00:00
BTC,KXBTC15M-26SEP300730-30,btc-updown-15m-1790766900,A,2026-09-30T11:15:00+00:00,2026-09-30T11:30:00Z,0.77,0.77,1.23,2026-09-30T11:19:37.365199+00:00,up,up,1.0,0.23,2026-09-30T11:36:22.266695+00:00
BTC,KXBTC15M-26SEP300745-45,btc-updown-15m-1790767800,B,2026-09-30T11:30:00+00:00,2026-09-30T11:45:00Z,0.78,1.22,0.78,2026-09-30T11:38:41.443960+00:00,up,up,1.0,0.22,2026-09-30T11:48:13.797939+00:00
ETH,KXETH15M-26SEP300745-45,eth-updown-15m-1790768700,A,2026-09-30T11:45:00+00:00,2026-09-30T11:45:00Z,0.421,0.421,1.57,2026-09-30T11:45:02.656786+00:00,up,down,0.0,-0.421,2026-09-30T12:06:20.804257+00:00
BTC,KXBTC15M-26SEP300800-00,btc-updown-15m-1790768700,B,2026-09-30T11:45:00+00:00,2026-09-30T12:00:00Z,0.73,1.27,0.73,2026-09-30T11:46:48.039462+00:00,down,down,1.0,0.27,2026-09-30T12:06:54.360277+00:00
ETH,KXETH15M-26SEP300800-00,eth-updown-15m-1790769600,B,2026-09-30T12:00:00+00:00,2026-09-30T12:00:00Z,0.511,1.45,0.511,2026-09-30T12:00:01.191586+00:00,down,up,0.0,-0.511,2026-09-30T12:21:10.643544+00:00
ETH,KXETH15M-26SEP300815-15,eth-updown-15m-1790769600,B,2026-09-30T12:00:00+00:00,2026-09-30T12:15:00Z,0.66,1.32,0.66,2026-09-30T12:13:04.967810+00:00,up,up,1.0,0.34,2026-09-30T12:21:10.643544+00:00
ETH,KXETH15M-26SEP300830-30,eth-updown-15m-1790770500,B,2026-09-30T12:15:00+00:00,2026-09-30T12:30:00Z,0.72,1.28,0.72,2026-09-30T12:23:00.578845+00:00,up,up,1.0,0.28,2026-09-30T12:32:24.635364+00:00
BTC,KXBTC15M-26SEP300815-15,btc-updown-15m-1790770500,B,2026-09-30T12:15:00+00:00,2026-09-30T12:15:00Z,0.431,1.56,0.431,2026-09-30T12:15:02.660640+00:00,down,up,0.0,-0.431,2026-09-30T12:36:54.720970+00:00
BTC,KXBTC15M-26SEP300830-30,btc-updown-15m-1790770500,B,2026-09-30T12:15:00+00:00,2026-09-30T12:30:00Z,0.79,1.21,0.79,2026-09-30T12:22:39.058148+00:00,up,up,1.0,0.21,2026-09-30T12:36:54.720970+00:00
BTC,KXBTC15M-26SEP300845-45,btc-updown-15m-1790772300,A,2026-09-30T12:45:00+00:00,2026-09-30T12:45:00Z,0.421,0.421,1.57,2026-09-30T12:45:01.218898+00:00,up,up,1.0,0.579,2026-09-30T13:03:01.265984+00:00
ETH,KXETH15M-26SEP300845-45,eth-updown-15m-1790772300,A,2026-09-30T12:45:00+00:00,2026-09-30T12:45:00Z,0.431,0.431,1.56,2026-09-30T12:45:01.218898+00:00,up,up,1.0,0.569,2026-09-30T13:07:11.375638+00:00
ETH,KXETH15M-26SEP300900-00,eth-updown-15m-1790772300,A,2026-09-30T12:45:00+00:00,2026-09-30T13:00:00Z,0.78,0.78,1.2,2026-09-30T12:47:18.691528+00:00,up,up,1.0,0.22,2026-09-30T13:07:11.375638+00:00
BTC,KXBTC15M-26SEP300900-00,btc-updown-15m-1790773200,A,2026-09-30T13:00:00+00:00,2026-09-30T13:00:00Z,0.481,0.481,1.51,2026-09-30T13:00:01.017306+00:00,up,up,1.0,0.519,2026-09-30T13:20:19.839476+00:00
BTC,KXBTC15M-26SEP300915-15,btc-updown-15m-1790773200,B,2026-09-30T13:00:00+00:00,2026-09-30T13:15:00Z,0.79,1.21,0.79,2026-09-30T13:06:25.097766+00:00,up,up,1.0,0.21,2026-09-30T13:20:19.839476+00:00
ETH,KXETH15M-26SEP300915-15,eth-updown-15m-1790773200,B,2026-09-30T13:00:00+00:00,2026-09-30T13:15:00Z,0.77,1.23,0.77,2026-09-30T13:08:23.588210+00:00,up,up,1.0,0.23,2026-09-30T13:22:20.980588+00:00
ETH,KXETH15M-26SEP300930-30,eth-updown-15m-1790774100,A,2026-09-30T13:15:00+00:00,2026-09-30T13:30:00Z,0.76,0.76,1.24,2026-09-30T13:17:46.770161+00:00,down,down,1.0,0.24,2026-09-30T13:34:09.728992+00:00
ETH,KXETH15M-26SEP300945-45,eth-updown-15m-1790775000,A,2026-09-30T13:30:00+00:00,2026-09-30T13:45:00Z,0.78,0.78,1.21,2026-09-30T13:35:15.965732+00:00,down,down,1.0,0.22,2026-09-30T13:49:13.347005+00:00
BTC,KXBTC15M-26SEP300930-30,btc-updown-15m-1790775000,B,2026-09-30T13:30:00+00:00,2026-09-30T13:30:00Z,0.521,1.47,0.521,2026-09-30T13:30:19.736223+00:00,down,down,1.0,0.479,2026-09-30T13:50:13.471288+00:00
BTC,KXBTC15M-26SEP300945-45,btc-updown-15m-1790775000,A,2026-09-30T13:30:00+00:00,2026-09-30T13:45:00Z,0.75,0.75,1.25,2026-09-30T13:35:15.965732+00:00,down,down,1.0,0.25,2026-09-30T13:50:13.471288+00:00
BTC,KXBTC15M-26SEP301000-00,btc-updown-15m-1790775900,B,2026-09-30T13:45:00+00:00,2026-09-30T14:00:00Z,0.78,1.22,0.78,2026-09-30T13:49:29.760552+00:00,up,up,1.0,0.22,2026-09-30T14:05:56.571424+00:00
ETH,KXETH15M-26SEP301000-00,eth-updown-15m-1790776800,A,2026-09-30T14:00:00+00:00,2026-09-30T14:00:00Z,0.571,0.571,1.42,2026-09-30T14:00:04.886982+00:00,up,down,0.0,-0.571,2026-09-30T14:18:08.883623+00:00
ETH,KXETH15M-26SEP301015-15,eth-updown-15m-1790776800,B,2026-09-30T14:00:00+00:00,2026-09-30T14:15:00Z,0.78,1.22,0.78,2026-09-30T14:06:28.712626+00:00,down,down,1.0,0.22,2026-09-30T14:18:08.883623+00:00
BTC,KXBTC15M-26SEP301015-15,btc-updown-15m-1790776800,B,2026-09-30T14:00:00+00:00,2026-09-30T14:15:00Z,0.76,1.24,0.76,2026-09-30T14:04:17.640640+00:00,down,down,1.0,0.24,2026-09-30T14:21:52.077625+00:00
BTC,KXBTC15M-26SEP301045-45,btc-updown-15m-1790778600,B,2026-09-30T14:30:00+00:00,2026-09-30T14:45:00Z,0.77,1.23,0.77,2026-09-30T14:37:39.368556+00:00,down,down,1.0,0.23,2026-09-30T14:48:10.978849+00:00
ETH,KXETH15M-26SEP301030-30,eth-updown-15m-1790778600,B,2026-09-30T14:30:00+00:00,2026-09-30T14:30:00Z,0.451,1.54,0.451,2026-09-30T14:30:04.430282+00:00,down,down,1.0,0.549,2026-09-30T14:49:12.834175+00:00
ETH,KXETH15M-26SEP301045-45,eth-updown-15m-1790778600,B,2026-09-30T14:30:00+00:00,2026-09-30T14:45:00Z,0.77,1.2,0.77,2026-09-30T14:43:09.166514+00:00,down,down,1.0,0.23,2026-09-30T14:49:12.834175+00:00
BTC,KXBTC15M-26SEP301100-00,btc-updown-15m-1790780400,A,2026-09-30T15:00:00+00:00,2026-09-30T15:00:00Z,0.431,0.431,1.56,2026-09-30T15:00:03.156915+00:00,up,up,1.0,0.569,2026-09-30T15:18:13.222541+00:00
BTC,KXBTC15M-26SEP301115-15,btc-updown-15m-1790780400,A,2026-09-30T15:00:00+00:00,2026-09-30T15:15:00Z,0.787,0.787,1.204,2026-09-30T15:12:50.924546+00:00,up,up,1.0,0.213,2026-09-30T15:18:13.222541+00:00
ETH,KXETH15M-26SEP301100-00,eth-updown-15m-1790780400,A,2026-09-30T15:00:00+00:00,2026-09-30T15:00:00Z,0.461,0.461,1.53,2026-09-30T15:00:03.156915+00:00,up,up,1.0,0.539,2026-09-30T15:21:02.713533+00:00
ETH,KXETH15M-26SEP301115-15,eth-updown-15m-1790780400,B,2026-09-30T15:00:00+00:00,2026-09-30T15:15:00Z,0.77,1.23,0.77,2026-09-30T15:10:16.511602+00:00,up,up,1.0,0.23,2026-09-30T15:21:02.713533+00:00
BTC,KXBTC15M-26SEP301130-30,btc-updown-15m-1790781300,A,2026-09-30T15:15:00+00:00,2026-09-30T15:30:00Z,0.77,0.77,1.23,2026-09-30T15:23:20.392158+00:00,down,down,1.0,0.23,2026-09-30T15:36:21.783789+00:00
ETH,KXETH15M-26SEP301130-30,eth-updown-15m-1790782200,B,2026-09-30T15:30:00+00:00,2026-09-30T15:30:00Z,0.401,1.59,0.401,2026-09-30T15:30:01.710892+00:00,down,up,0.0,-0.401,2026-09-30T15:48:12.184929+00:00
BTC,KXBTC15M-26SEP301145-45,btc-updown-15m-1790783100,A,2026-09-30T15:45:00+00:00,2026-09-30T15:45:00Z,0.481,0.481,1.51,2026-09-30T15:45:03.551259+00:00,up,up,1.0,0.519,2026-09-30T16:06:15.038328+00:00
BTC,KXBTC15M-26SEP301200-00,btc-updown-15m-1790783100,A,2026-09-30T15:45:00+00:00,2026-09-30T16:00:00Z,0.78,0.78,1.14,2026-09-30T15:59:04.755127+00:00,up,up,1.0,0.22,2026-09-30T16:06:15.038328+00:00
ETH,KXETH15M-26SEP301145-45,eth-updown-15m-1790783100,A,2026-09-30T15:45:00+00:00,2026-09-30T15:45:00Z,0.391,0.391,1.58,2026-09-30T15:45:03.551259+00:00,up,up,1.0,0.609,2026-09-30T16:06:37.880941+00:00
ETH,KXETH15M-26SEP301200-00,eth-updown-15m-1790783100,B,2026-09-30T15:45:00+00:00,2026-09-30T16:00:00Z,0.77,1.24,0.77,2026-09-30T15:56:26.493509+00:00,up,up,1.0,0.23,2026-09-30T16:06:37.880941+00:00
ETH,KXETH15M-26SEP301215-15,eth-updown-15m-1790784000,B,2026-09-30T16:00:00+00:00,2026-09-30T16:15:00Z,0.79,1.21,0.79,2026-09-30T16:02:49.566469+00:00,up,up,1.0,0.21,2026-09-30T16:22:08.152213+00:00
BTC,KXBTC15M-26SEP301215-15,btc-updown-15m-1790784900,A,2026-09-30T16:15:00+00:00,2026-09-30T16:15:00Z,0.571,0.571,1.45,2026-09-30T16:15:04.392562+00:00,up,down,0.0,-0.571,2026-09-30T16:33:08.109926+00:00
BTC,KXBTC15M-26SEP301230-30,btc-updown-15m-1790784900,A,2026-09-30T16:15:00+00:00,2026-09-30T16:30:00Z,0.48,0.48,1.52,2026-09-30T16:29:10.746789+00:00,down,down,1.0,0.52,2026-09-30T16:33:08.109926+00:00
ETH,KXETH15M-26SEP301230-30,eth-updown-15m-1790784900,A,2026-09-30T16:15:00+00:00,2026-09-30T16:30:00Z,0.75,0.75,1.25,2026-09-30T16:27:29.281924+00:00,up,up,1.0,0.25,2026-09-30T16:34:22.697497+00:00
BTC,KXBTC15M-26SEP301245-45,btc-updown-15m-1790785800,A,2026-09-30T16:30:00+00:00,2026-09-30T16:45:00Z,0.78,0.78,1.22,2026-09-30T16:42:33.219172+00:00,up,up,1.0,0.22,2026-09-30T16:48:18.008016+00:00
ETH,KXETH15M-26SEP301245-45,eth-updown-15m-1790785800,A,2026-09-30T16:30:00+00:00,2026-09-30T16:45:00Z,0.77,0.77,1.2,2026-09-30T16:42:27.571616+00:00,up,up,1.0,0.23,2026-09-30T16:49:11.969119+00:00
BTC,KXBTC15M-26SEP301300-00,btc-updown-15m-1790786700,A,2026-09-30T16:45:00+00:00,2026-09-30T17:00:00Z,0.79,0.79,1.21,2026-09-30T16:55:54.296497+00:00,down,down,1.0,0.21,2026-09-30T17:03:15.689557+00:00
ETH,KXETH15M-26SEP301300-00,eth-updown-15m-1790786700,A,2026-09-30T16:45:00+00:00,2026-09-30T17:00:00Z,0.76,0.76,1.23,2026-09-30T16:48:28.671883+00:00,up,up,1.0,0.24,2026-09-30T17:06:09.974949+00:00
BTC,KXBTC15M-26SEP301315-15,btc-updown-15m-1790787600,A,2026-09-30T17:00:00+00:00,2026-09-30T17:15:00Z,0.78,0.78,1.22,2026-09-30T17:04:39.871145+00:00,down,down,1.0,0.22,2026-09-30T17:17:42.575905+00:00
ETH,KXETH15M-26SEP301315-15,eth-updown-15m-1790787600,B,2026-09-30T17:00:00+00:00,2026-09-30T17:15:00Z,0.77,1.23,0.77,2026-09-30T17:05:38.909176+00:00,down,down,1.0,0.23,2026-09-30T17:20:57.624074+00:00
ETH,KXETH15M-26SEP301330-30,eth-updown-15m-1790789400,B,2026-09-30T17:30:00+00:00,2026-09-30T17:30:00Z,0.481,1.5,0.481,2026-09-30T17:30:00.086426+00:00,down,down,1.0,0.519,2026-09-30T17:48:37.502674+00:00
BTC,KXBTC15M-26SEP301330-30,btc-updown-15m-1790789400,B,2026-09-30T17:30:00+00:00,2026-09-30T17:30:00Z,0.481,1.54,0.481,2026-09-30T17:30:00.086426+00:00,down,down,1.0,0.519,2026-09-30T17:52:07.885097+00:00
BTC,KXBTC15M-26SEP301400-00,btc-updown-15m-1790790300,A,2026-09-30T17:45:00+00:00,2026-09-30T18:00:00Z,0.79,0.79,1.21,2026-09-30T17:48:02.187862+00:00,up,up,1.0,0.21,2026-09-30T18:03:00.566176+00:00
BTC,KXBTC15M-26SEP301345-45,btc-updown-15m-1790790300,B,2026-09-30T17:45:00+00:00,2026-09-30T17:45:00Z,0.601,1.39,0.601,2026-09-30T17:45:02.225563+00:00,down,up,0.0,-0.601,2026-09-30T18:03:06.421589+00:00
ETH,KXETH15M-26SEP301345-45,eth-updown-15m-1790790300,B,2026-09-30T17:45:00+00:00,2026-09-30T17:45:00Z,0.551,1.44,0.551,2026-09-30T17:45:02.225563+00:00,down,up,0.0,-0.551,2026-09-30T18:03:51.826311+00:00
BTC,KXBTC15M-26SEP301415-15,btc-updown-15m-1790791200,B,2026-09-30T18:00:00+00:00,2026-09-30T18:15:00Z,0.78,1.23,0.78,2026-09-30T18:04:25.083669+00:00,down,up,0.0,-0.78,2026-09-30T18:19:14.941041+00:00
ETH,KXETH15M-26SEP301400-00,eth-updown-15m-1790791200,A,2026-09-30T18:00:00+00:00,2026-09-30T18:00:00Z,0.501,0.501,1.49,2026-09-30T18:00:01.709716+00:00,up,down,0.0,-0.501,2026-09-30T18:20:22.874143+00:00
ETH,KXETH15M-26SEP301415-15,eth-updown-15m-1790791200,B,2026-09-30T18:00:00+00:00,2026-09-30T18:15:00Z,0.76,1.24,0.76,2026-09-30T18:04:25.083669+00:00,down,down,1.0,0.24,2026-09-30T18:20:22.874143+00:00
BTC,KXBTC15M-26SEP301430-30,btc-updown-15m-1790793000,B,2026-09-30T18:30:00+00:00,2026-09-30T18:30:00Z,0.441,1.53,0.441,2026-09-30T18:30:03.430343+00:00,down,down,1.0,0.559,2026-09-30T18:47:09.123214+00:00
ETH,KXETH15M-26SEP301445-45,eth-updown-15m-1790793900,B,2026-09-30T18:45:00+00:00,2026-09-30T18:45:00Z,0.471,1.52,0.471,2026-09-30T18:45:01.612639+00:00,down,up,0.0,-0.471,2026-09-30T19:03:15.537137+00:00
ETH,KXETH15M-26SEP301500-00,eth-updown-15m-1790793900,B,2026-09-30T18:45:00+00:00,2026-09-30T19:00:00Z,0.73,1.27,0.73,2026-09-30T18:50:27.042970+00:00,up,up,1.0,0.27,2026-09-30T19:03:15.537137+00:00
BTC,KXBTC15M-26SEP301445-45,btc-updown-15m-1790793900,B,2026-09-30T18:45:00+00:00,2026-09-30T18:45:00Z,0.541,1.46,0.541,2026-09-30T18:45:01.612639+00:00,down,up,0.0,-0.541,2026-09-30T19:04:51.644740+00:00
BTC,KXBTC15M-26SEP301500-00,btc-updown-15m-1790793900,B,2026-09-30T18:45:00+00:00,2026-09-30T19:00:00Z,0.79,1.21,0.79,2026-09-30T18:50:33.072699+00:00,up,up,1.0,0.21,2026-09-30T19:04:51.644740+00:00
ETH,KXETH15M-26SEP301515-15,eth-updown-15m-1790794800,A,2026-09-30T19:00:00+00:00,2026-09-30T19:15:00Z,0.79,0.79,1.21,2026-09-30T19:09:03.597236+00:00,down,down,1.0,0.21,2026-09-30T19:21:04.218659+00:00
BTC,KXBTC15M-26SEP301515-15,btc-updown-15m-1790795700,B,2026-09-30T19:15:00+00:00,2026-09-30T19:15:00Z,0.551,1.44,0.551,2026-09-30T19:15:03.506104+00:00,down,down,1.0,0.449,2026-09-30T19:34:18.134192+00:00
BTC,KXBTC15M-26SEP301530-30,btc-updown-15m-1790795700,A,2026-09-30T19:15:00+00:00,2026-09-30T19:30:00Z,0.77,0.77,1.23,2026-09-30T19:22:05.239923+00:00,down,down,1.0,0.23,2026-09-30T19:34:18.134192+00:00
ETH,KXETH15M-26SEP301530-30,eth-updown-15m-1790795700,B,2026-09-30T19:15:00+00:00,2026-09-30T19:30:00Z,0.73,1.27,0.73,2026-09-30T19:26:01.619355+00:00,down,down,1.0,0.27,2026-09-30T19:37:18.644026+00:00
ETH,KXETH15M-26SEP301545-45,eth-updown-15m-1790797500,A,2026-09-30T19:45:00+00:00,2026-09-30T19:45:00Z,0.521,0.521,1.46,2026-09-30T19:45:01.295150+00:00,up,down,0.0,-0.521,2026-09-30T20:03:54.223094+00:00
BTC,KXBTC15M-26SEP301545-45,btc-updown-15m-1790797500,A,2026-09-30T19:45:00+00:00,2026-09-30T19:45:00Z,0.521,0.521,1.47,2026-09-30T19:45:01.295150+00:00,up,down,0.0,-0.521,2026-09-30T20:05:06.818447+00:00
BTC,KXBTC15M-26SEP301600-00,btc-updown-15m-1790798400,B,2026-09-30T20:00:00+00:00,2026-09-30T20:00:00Z,0.441,1.55,0.441,2026-09-30T20:00:04.851606+00:00,down,up,0.0,-0.441,2026-09-30T20:18:54.792824+00:00
BTC,KXBTC15M-26SEP301615-15,btc-updown-15m-1790798400,A,2026-09-30T20:00:00+00:00,2026-09-30T20:15:00Z,0.79,0.79,1.22,2026-09-30T20:06:18.090655+00:00,up,up,1.0,0.21,2026-09-30T20:18:54.792824+00:00
ETH,KXETH15M-26SEP301615-15,eth-updown-15m-1790798400,A,2026-09-30T20:00:00+00:00,2026-09-30T20:15:00Z,0.74,0.74,1.25,2026-09-30T20:06:18.090655+00:00,up,up,1.0,0.26,2026-09-30T20:19:28.470916+00:00
BTC,KXBTC15M-26SEP301645-45,btc-updown-15m-1790800200,B,2026-09-30T20:30:00+00:00,2026-09-30T20:45:00Z,0.77,1.23,0.77,2026-09-30T20:39:37.603664+00:00,down,down,1.0,0.23,2026-09-30T20:50:02.508278+00:00
ETH,KXETH15M-26SEP301630-30,eth-updown-15m-1790800200,A,2026-09-30T20:30:00+00:00,2026-09-30T20:30:00Z,0.491,0.491,1.52,2026-09-30T20:30:19.533167+00:00,up,down,0.0,-0.491,2026-09-30T20:51:17.197625+00:00
ETH,KXETH15M-26SEP301645-45,eth-updown-15m-1790800200,B,2026-09-30T20:30:00+00:00,2026-09-30T20:45:00Z,0.77,1.2,0.77,2026-09-30T20:37:32.965737+00:00,down,down,1.0,0.23,2026-09-30T20:51:17.197625+00:00
ETH,KXETH15M-26SEP301700-00,eth-updown-15m-1790801100,A,2026-09-30T20:45:00+00:00,2026-09-30T21:00:00Z,0.77,0.77,1.23,2026-09-30T20:56:03.633795+00:00,up,up,1.0,0.23,2026-09-30T21:07:00.319393+00:00
BTC,KXBTC15M-26SEP301700-00,btc-updown-15m-1790802000,B,2026-09-30T21:00:00+00:00,2026-09-30T21:00:00Z,0.381,1.59,0.381,2026-09-30T21:00:02.980790+00:00,down,up,0.0,-0.381,2026-09-30T21:17:59.670295+00:00
ETH,KXETH15M-26SEP301715-15,eth-updown-15m-1790802900,A,2026-09-30T21:15:00+00:00,2026-09-30T21:15:00Z,0.431,0.431,1.56,2026-09-30T21:15:04.019749+00:00,up,up,1.0,0.569,2026-09-30T21:34:11.362382+00:00
ETH,KXETH15M-26SEP301730-30,eth-updown-15m-1790802900,B,2026-09-30T21:15:00+00:00,2026-09-30T21:30:00Z,0.77,1.22,0.77,2026-09-30T21:26:54.058047+00:00,down,up,0.0,-0.77,2026-09-30T21:34:11.362382+00:00
BTC,KXBTC15M-26SEP301715-15,btc-updown-15m-1790802900,A,2026-09-30T21:15:00+00:00,2026-09-30T21:15:00Z,0.491,0.491,1.5,2026-09-30T21:15:04.019749+00:00,up,down,0.0,-0.491,2026-09-30T21:36:01.333819+00:00
BTC,KXBTC15M-26SEP301730-30,btc-updown-15m-1790802900,A,2026-09-30T21:15:00+00:00,2026-09-30T21:30:00Z,0.75,0.75,1.25,2026-09-30T21:24:39.817067+00:00,down,down,1.0,0.25,2026-09-30T21:36:01.333819+00:00
ETH,KXETH15M-26SEP301745-45,eth-updown-15m-1790803800,B,2026-09-30T21:30:00+00:00,2026-09-30T21:45:00Z,0.51,1.5,0.51,2026-09-30T21:43:14.414189+00:00,down,down,1.0,0.49,2026-09-30T21:47:41.915842+00:00
BTC,KXBTC15M-26SEP301745-45,btc-updown-15m-1790803800,A,2026-09-30T21:30:00+00:00,2026-09-30T21:45:00Z,0.77,0.77,1.23,2026-09-30T21:42:57.744811+00:00,down,down,1.0,0.23,2026-09-30T21:48:11.286045+00:00
ETH,KXETH15M-26SEP301800-00,eth-updown-15m-1790804700,B,2026-09-30T21:45:00+00:00,2026-09-30T22:00:00Z,0.76,1.2,0.76,2026-09-30T21:56:36.583588+00:00,down,up,0.0,-0.76,2026-09-30T22:04:21.215918+00:00
BTC,KXBTC15M-26SEP301800-00,btc-updown-15m-1790805600,A,2026-09-30T22:00:00+00:00,2026-09-30T22:00:00Z,0.561,0.561,1.41,2026-09-30T22:00:00.384360+00:00,up,down,0.0,-0.561,2026-09-30T22:18:33.347972+00:00
ETH,KXETH15M-26SEP301815-15,eth-updown-15m-1790805600,A,2026-09-30T22:00:00+00:00,2026-09-30T22:15:00Z,0.79,0.79,1.22,2026-09-30T22:03:09.209977+00:00,down,down,1.0,0.21,2026-09-30T22:20:44.169891+00:00
BTC,KXBTC15M-26SEP301815-15,btc-updown-15m-1790806500,B,2026-09-30T22:15:00+00:00,2026-09-30T22:15:00Z,0.402,1.589,0.402,2026-09-30T22:15:01.760309+00:00,down,up,0.0,-0.402,2026-09-30T22:33:46.140886+00:00
BTC,KXBTC15M-26SEP301830-30,btc-updown-15m-1790806500,A,2026-09-30T22:15:00+00:00,2026-09-30T22:30:00Z,0.78,0.78,1.22,2026-09-30T22:18:50.507271+00:00,up,up,1.0,0.22,2026-09-30T22:33:46.140886+00:00
BTC,KXBTC15M-26SEP301845-45,btc-updown-15m-1790807400,A,2026-09-30T22:30:00+00:00,2026-09-30T22:45:00Z,0.67,0.67,1.29,2026-09-30T22:43:07.976753+00:00,down,down,1.0,0.33,2026-09-30T22:48:47.070360+00:00
ETH,KXETH15M-26SEP301830-30,eth-updown-15m-1790807400,A,2026-09-30T22:30:00+00:00,2026-09-30T22:30:00Z,0.491,0.491,1.5,2026-09-30T22:30:01.936472+00:00,up,up,1.0,0.509,2026-09-30T22:50:20.020508+00:00
ETH,KXETH15M-26SEP301845-45,eth-updown-15m-1790808300,A,2026-09-30T22:45:00+00:00,2026-09-30T22:45:00Z,0.462,0.462,1.529,2026-09-30T22:45:00.057019+00:00,up,down,0.0,-0.462,2026-09-30T23:05:19.734804+00:00
ETH,KXETH15M-26SEP301900-00,eth-updown-15m-1790809200,B,2026-09-30T23:00:00+00:00,2026-09-30T23:00:00Z,0.571,1.42,0.571,2026-09-30T23:00:05.108417+00:00,down,up,0.0,-0.571,2026-09-30T23:21:09.340097+00:00
ETH,KXETH15M-26SEP301915-15,eth-updown-15m-1790809200,B,2026-09-30T23:00:00+00:00,2026-09-30T23:15:00Z,0.79,1.19,0.79,2026-09-30T23:00:51.550623+00:00,up,up,1.0,0.21,2026-09-30T23:21:09.340097+00:00
BTC,KXBTC15M-26SEP301900-00,btc-updown-15m-1790809200,B,2026-09-30T23:00:00+00:00,2026-09-30T23:00:00Z,0.561,1.43,0.561,2026-09-30T23:00:05.108417+00:00,down,up,0.0,-0.561,2026-09-30T23:22:11.258132+00:00
BTC,KXBTC15M-26SEP301915-15,btc-updown-15m-1790809200,A,2026-09-30T23:00:00+00:00,2026-09-30T23:15:00Z,0.75,0.75,1.25,2026-09-30T23:08:04.522418+00:00,up,up,1.0,0.25,2026-09-30T23:22:11.258132+00:00
BTC,KXBTC15M-26SEP301930-30,btc-updown-15m-1790810100,B,2026-09-30T23:15:00+00:00,2026-09-30T23:30:00Z,0.78,1.22,0.78,2026-09-30T23:16:40.768308+00:00,down,down,1.0,0.22,2026-09-30T23:32:39.380022+00:00
ETH,KXETH15M-26SEP301930-30,eth-updown-15m-1790810100,B,2026-09-30T23:15:00+00:00,2026-09-30T23:30:00Z,0.78,1.22,0.78,2026-09-30T23:16:40.768308+00:00,up,up,1.0,0.22,2026-09-30T23:36:28.318009+00:00
ETH,KXETH15M-26SEP301945-45,eth-updown-15m-1790811000,A,2026-09-30T23:30:00+00:00,2026-09-30T23:45:00Z,0.76,0.76,1.24,2026-09-30T23:42:32.597307+00:00,down,up,2.0,1.24,2026-09-30T23:52:14.858096+00:00
BTC,KXBTC15M-26SEP301945-45,btc-updown-15m-1790811900,B,2026-09-30T23:45:00+00:00,2026-09-30T23:45:00Z,0.461,1.53,0.461,2026-09-30T23:45:02.019762+00:00,down,down,1.0,0.539,2026-10-01T00:02:51.188602+00:00
BTC,KXBTC15M-26SEP302000-00,btc-updown-15m-1790811900,B,2026-09-30T23:45:00+00:00,2026-10-01T00:00:00Z,0.79,1.21,0.79,2026-09-30T23:51:56.834676+00:00,down,down,1.0,0.21,2026-10-01T00:02:51.188602+00:00
ETH,KXETH15M-26SEP302015-15,eth-updown-15m-1790812800,A,2026-10-01T00:00:00+00:00,2026-10-01T00:15:00Z,0.77,0.77,1.23,2026-10-01T00:01:01.528457+00:00,down,down,1.0,0.23,2026-10-01T00:19:34.229790+00:00
BTC,KXBTC15M-26SEP302015-15,btc-updown-15m-1790813700,B,2026-10-01T00:15:00+00:00,2026-10-01T00:15:00Z,0.621,1.37,0.621,2026-10-01T00:15:01.705213+00:00,down,down,1.0,0.379,2026-10-01T00:34:55.850690+00:00
ETH,KXETH15M-26SEP302030-30,eth-updown-15m-1790813700,B,2026-10-01T00:15:00+00:00,2026-10-01T00:30:00Z,0.7,1.3,0.7,2026-10-01T00:25:45.920612+00:00,down,down,1.0,0.3,2026-10-01T00:36:42.885314+00:00
BTC,KXBTC15M-26SEP302030-30,btc-updown-15m-1790814600,B,2026-10-01T00:30:00+00:00,2026-10-01T00:30:00Z,0.521,1.47,0.521,2026-10-01T00:30:03.096930+00:00,down,up,0.0,-0.521,2026-10-01T00:51:48.973419+00:00
BTC,KXBTC15M-26SEP302045-45,btc-updown-15m-1790814600,B,2026-10-01T00:30:00+00:00,2026-10-01T00:45:00Z,0.76,1.24,0.76,2026-10-01T00:41:09.970473+00:00,up,up,1.0,0.24,2026-10-01T00:51:48.973419+00:00
ETH,KXETH15M-26SEP302045-45,eth-updown-15m-1790814600,B,2026-10-01T00:30:00+00:00,2026-10-01T00:45:00Z,0.79,1.21,0.79,2026-10-01T00:38:56.243717+00:00,up,up,1.0,0.21,2026-10-01T00:52:00.175113+00:00
BTC,KXBTC15M-26SEP302100-00,btc-updown-15m-1790816400,B,2026-10-01T01:00:00+00:00,2026-10-01T01:00:00Z,0.501,1.49,0.501,2026-10-01T01:00:05.544047+00:00,down,up,0.0,-0.501,2026-10-01T01:18:43.055142+00:00
BTC,KXBTC15M-26SEP302115-15,btc-updown-15m-1790816400,B,2026-10-01T01:00:00+00:00,2026-10-01T01:15:00Z,0.77,1.23,0.77,2026-10-01T01:05:52.450534+00:00,up,up,1.0,0.23,2026-10-01T01:18:43.055142+00:00
ETH,KXETH15M-26SEP302100-00,eth-updown-15m-1790816400,B,2026-10-01T01:00:00+00:00,2026-10-01T01:00:00Z,0.481,1.51,0.481,2026-10-01T01:00:05.544047+00:00,down,up,0.0,-0.481,2026-10-01T01:20:13.255881+00:00
ETH,KXETH15M-26SEP302115-15,eth-updown-15m-1790816400,A,2026-10-01T01:00:00+00:00,2026-10-01T01:15:00Z,0.76,0.76,1.24,2026-10-01T01:03:47.051009+00:00,up,up,1.0,0.24,2026-10-01T01:20:13.255881+00:00
ETH,KXETH15M-26SEP302130-30,eth-updown-15m-1790818200,A,2026-10-01T01:30:00+00:00,2026-10-01T01:30:00Z,0.441,0.441,1.55,2026-10-01T01:30:03.028081+00:00,up,down,0.0,-0.441,2026-10-01T01:47:24.502141+00:00
ETH,KXETH15M-26SEP302145-45,eth-updown-15m-1790818200,B,2026-10-01T01:30:00+00:00,2026-10-01T01:45:00Z,0.775,1.216,0.775,2026-10-01T01:42:48.412128+00:00,down,down,1.0,0.225,2026-10-01T01:47:24.502141+00:00
BTC,KXBTC15M-26SEP302130-30,btc-updown-15m-1790818200,A,2026-10-01T01:30:00+00:00,2026-10-01T01:30:00Z,0.411,0.411,1.58,2026-10-01T01:30:03.028081+00:00,up,down,0.0,-0.411,2026-10-01T01:48:56.442089+00:00
ETH,KXETH15M-26SEP302200-00,eth-updown-15m-1790819100,A,2026-10-01T01:45:00+00:00,2026-10-01T02:00:00Z,0.79,0.79,1.22,2026-10-01T01:49:46.827693+00:00,down,down,1.0,0.21,2026-10-01T02:02:24.114269+00:00
BTC,KXBTC15M-26SEP302145-45,btc-updown-15m-1790819100,B,2026-10-01T01:45:00+00:00,2026-10-01T01:45:00Z,0.501,1.49,0.501,2026-10-01T01:45:04.239217+00:00,down,down,1.0,0.499,2026-10-01T02:04:13.411101+00:00
ETH,KXETH15M-26SEP302215-15,eth-updown-15m-1790820000,B,2026-10-01T02:00:00+00:00,2026-10-01T02:15:00Z,0.77,1.24,0.77,2026-10-01T02:06:44.158457+00:00,up,up,1.0,0.23,2026-10-01T02:18:16.967989+00:00
BTC,KXBTC15M-26SEP302200-00,btc-updown-15m-1790820000,B,2026-10-01T02:00:00+00:00,2026-10-01T02:00:00Z,0.491,1.5,0.491,2026-10-01T02:00:04.637529+00:00,down,up,0.0,-0.491,2026-10-01T02:20:21.473124+00:00
BTC,KXBTC15M-26SEP302230-30,btc-updown-15m-1790821800,B,2026-10-01T02:30:00+00:00,2026-10-01T02:30:00Z,0.401,1.59,0.401,2026-10-01T02:30:04.316459+00:00,down,down,1.0,0.599,2026-10-01T02:48:29.098202+00:00
BTC,KXBTC15M-26SEP302245-45,btc-updown-15m-1790821800,A,2026-10-01T02:30:00+00:00,2026-10-01T02:45:00Z,0.76,0.76,1.24,2026-10-01T02:36:18.216208+00:00,down,down,1.0,0.24,2026-10-01T02:48:29.098202+00:00
ETH,KXETH15M-26SEP302245-45,eth-updown-15m-1790822700,B,2026-10-01T02:45:00+00:00,2026-10-01T02:45:00Z,0.551,1.44,0.551,2026-10-01T02:45:04.668257+00:00,down,up,0.0,-0.551,2026-10-01T03:05:04.828810+00:00
ETH,KXETH15M-26SEP302300-00,eth-updown-15m-1790822700,B,2026-10-01T02:45:00+00:00,2026-10-01T03:00:00Z,0.71,1.3,0.71,2026-10-01T02:53:15.576152+00:00,up,up,1.0,0.29,2026-10-01T03:05:04.828810+00:00
BTC,KXBTC15M-26SEP302300-00,btc-updown-15m-1790823600,A,2026-10-01T03:00:00+00:00,2026-10-01T03:00:00Z,0.401,0.401,1.59,2026-10-01T03:00:01.018360+00:00,up,down,0.0,-0.401,2026-10-01T03:18:20.932924+00:00
BTC,KXBTC15M-26SEP302315-15,btc-updown-15m-1790823600,A,2026-10-01T03:00:00+00:00,2026-10-01T03:15:00Z,0.77,0.77,1.23,2026-10-01T03:12:11.974526+00:00,down,down,1.0,0.23,2026-10-01T03:18:20.932924+00:00
ETH,KXETH15M-26SEP302315-15,eth-updown-15m-1790823600,B,2026-10-01T03:00:00+00:00,2026-10-01T03:15:00Z,0.78,1.22,0.78,2026-10-01T03:00:55.715472+00:00,up,up,1.0,0.22,2026-10-01T03:18:31.830313+00:00
ETH,KXETH15M-26SEP302330-30,eth-updown-15m-1790824500,B,2026-10-01T03:15:00+00:00,2026-10-01T03:30:00Z,0.79,1.21,0.79,2026-10-01T03:27:00.170412+00:00,down,down,1.0,0.21,2026-10-01T03:34:15.636063+00:00
BTC,KXBTC15M-26SEP302330-30,btc-updown-15m-1790824500,A,2026-10-01T03:15:00+00:00,2026-10-01T03:30:00Z,0.79,0.79,1.21,2026-10-01T03:18:14.854347+00:00,up,up,1.0,0.21,2026-10-01T03:35:23.569610+00:00
BTC,KXBTC15M-26SEP302345-45,btc-updown-15m-1790826300,A,2026-10-01T03:45:00+00:00,2026-10-01T03:45:00Z,0.421,0.421,1.57,2026-10-01T03:45:02.111484+00:00,up,up,1.0,0.579,2026-10-01T04:02:22.987301+00:00
BTC,KXBTC15M-26OCT010000-00,btc-updown-15m-1790826300,A,2026-10-01T03:45:00+00:00,2026-10-01T04:00:00Z,0.79,0.79,1.21,2026-10-01T03:55:50.518969+00:00,up,up,1.0,0.21,2026-10-01T04:02:22.987301+00:00
ETH,KXETH15M-26SEP302345-45,eth-updown-15m-1790826300,A,2026-10-01T03:45:00+00:00,2026-10-01T03:45:00Z,0.401,0.401,1.59,2026-10-01T03:45:02.111484+00:00,up,up,1.0,0.599,2026-10-01T04:04:24.561784+00:00
ETH,KXETH15M-26OCT010000-00,eth-updown-15m-1790826300,B,2026-10-01T03:45:00+00:00,2026-10-01T04:00:00Z,0.77,1.24,0.77,2026-10-01T03:52:15.634595+00:00,up,up,1.0,0.23,2026-10-01T04:04:24.561784+00:00
ETH,KXETH15M-26OCT010015-15,eth-updown-15m-1790827200,B,2026-10-01T04:00:00+00:00,2026-10-01T04:15:00Z,0.78,1.14,0.78,2026-10-01T04:09:23.293209+00:00,up,up,1.0,0.22,2026-10-01T04:17:05.697609+00:00
BTC,KXBTC15M-26OCT010015-15,btc-updown-15m-1790828100,A,2026-10-01T04:15:00+00:00,2026-10-01T04:15:00Z,0.531,0.531,1.46,2026-10-01T04:15:01.559821+00:00,up,down,0.0,-0.531,2026-10-01T04:35:21.189676+00:00
BTC,KXBTC15M-26OCT010030-30,btc-updown-15m-1790828100,A,2026-10-01T04:15:00+00:00,2026-10-01T04:30:00Z,0.78,0.78,1.22,2026-10-01T04:17:58.210029+00:00,down,down,1.0,0.22,2026-10-01T04:35:21.189676+00:00
ETH,KXETH15M-26OCT010030-30,eth-updown-15m-1790829000,B,2026-10-01T04:30:00+00:00,2026-10-01T04:30:00Z,0.511,1.48,0.511,2026-10-01T04:30:04.056521+00:00,down,up,0.0,-0.511,2026-10-01T04:48:07.544191+00:00
BTC,KXBTC15M-26OCT010045-45,btc-updown-15m-1790829900,A,2026-10-01T04:45:00+00:00,2026-10-01T04:45:00Z,0.481,0.481,1.49,2026-10-01T04:45:00.060517+00:00,up,up,1.0,0.519,2026-10-01T05:02:32.694769+00:00
BTC,KXBTC15M-26OCT010100-00,btc-updown-15m-1790829900,B,2026-10-01T04:45:00+00:00,2026-10-01T05:00:00Z,0.79,1.21,0.79,2026-10-01T04:46:39.120701+00:00,up,up,1.0,0.21,2026-10-01T05:02:32.694769+00:00
ETH,KXETH15M-26OCT010045-45,eth-updown-15m-1790829900,A,2026-10-01T04:45:00+00:00,2026-10-01T04:45:00Z,0.452,0.452,1.539,2026-10-01T04:45:00.060517+00:00,up,up,1.0,0.548,2026-10-01T05:05:17.902067+00:00
ETH,KXETH15M-26OCT010100-00,eth-updown-15m-1790829900,B,2026-10-01T04:45:00+00:00,2026-10-01T05:00:00Z,0.74,1.26,0.74,2026-10-01T04:46:22.757260+00:00,up,up,1.0,0.26,2026-10-01T05:05:17.902067+00:00
ETH,KXETH15M-26OCT010115-15,eth-updown-15m-1790830800,A,2026-10-01T05:00:00+00:00,2026-10-01T05:15:00Z,0.79,0.79,1.21,2026-10-01T05:01:44.851021+00:00,up,up,1.0,0.21,2026-10-01T05:19:07.814798+00:00
BTC,KXBTC15M-26OCT010115-15,btc-updown-15m-1790831700,A,2026-10-01T05:15:00+00:00,2026-10-01T05:15:00Z,0.491,0.491,1.5,2026-10-01T05:15:03.261662+00:00,up,up,1.0,0.509,2026-10-01T05:34:09.590291+00:00
ETH,KXETH15M-26OCT010130-30,eth-updown-15m-1790831700,A,2026-10-01T05:15:00+00:00,2026-10-01T05:30:00Z,0.65,0.65,1.35,2026-10-01T05:26:15.354915+00:00,up,up,1.0,0.35,2026-10-01T05:34:33.796009+00:00
BTC,KXBTC15M-26OCT010130-30,btc-updown-15m-1790832600,A,2026-10-01T05:30:00+00:00,2026-10-01T05:30:00Z,0.551,0.551,1.44,2026-10-01T05:30:04.889383+00:00,up,down,0.0,-0.551,2026-10-01T05:51:43.051648+00:00
BTC,KXBTC15M-26OCT010145-45,btc-updown-15m-1790832600,A,2026-10-01T05:30:00+00:00,2026-10-01T05:45:00Z,0.67,0.67,1.34,2026-10-01T05:42:00.166340+00:00,down,down,1.0,0.33,2026-10-01T05:51:43.051648+00:00
ETH,KXETH15M-26OCT010145-45,eth-updown-15m-1790833500,A,2026-10-01T05:45:00+00:00,2026-10-01T05:45:00Z,0.442,0.442,1.549,2026-10-01T05:45:01.519991+00:00,up,up,1.0,0.558,2026-10-01T06:06:59.400227+00:00
BTC,KXBTC15M-26OCT010200-00,btc-updown-15m-1790834400,A,2026-10-01T06:00:00+00:00,2026-10-01T06:00:00Z,0.561,0.561,1.44,2026-10-01T06:00:04.475265+00:00,up,up,1.0,0.439,2026-10-01T06:19:40.922138+00:00
ETH,KXETH15M-26OCT010200-00,eth-updown-15m-1790834400,A,2026-10-01T06:00:00+00:00,2026-10-01T06:00:00Z,0.491,0.491,1.5,2026-10-01T06:00:04.475265+00:00,up,up,1.0,0.509,2026-10-01T06:21:06.684254+00:00
ETH,KXETH15M-26OCT010215-15,eth-updown-15m-1790834400,B,2026-10-01T06:00:00+00:00,2026-10-01T06:15:00Z,0.79,1.19,0.79,2026-10-01T06:10:49.043065+00:00,up,up,1.0,0.21,2026-10-01T06:21:06.684254+00:00
BTC,KXBTC15M-26OCT010215-15,btc-updown-15m-1790835300,A,2026-10-01T06:15:00+00:00,2026-10-01T06:15:00Z,0.421,0.421,1.58,2026-10-01T06:15:02.832010+00:00,up,down,0.0,-0.421,2026-10-01T06:35:05.137591+00:00
ETH,KXETH15M-26OCT010230-30,eth-updown-15m-1790835300,A,2026-10-01T06:15:00+00:00,2026-10-01T06:30:00Z,0.79,0.79,1.21,2026-10-01T06:23:17.053487+00:00,up,up,1.0,0.21,2026-10-01T06:36:14.457066+00:00
BTC,KXBTC15M-26OCT010230-30,btc-updown-15m-1790836200,B,2026-10-01T06:30:00+00:00,2026-10-01T06:30:00Z,0.491,1.5,0.491,2026-10-01T06:30:00.719483+00:00,down,down,1.0,0.509,2026-10-01T06:49:16.213466+00:00
ETH,KXETH15M-26OCT010245-45,eth-updown-15m-1790837100,B,2026-10-01T06:45:00+00:00,2026-10-01T06:45:00Z,0.511,1.48,0.511,2026-10-01T06:45:04.030957+00:00,down,up,0.0,-0.511,2026-10-01T07:04:28.456784+00:00
BTC,KXBTC15M-26OCT010245-45,btc-updown-15m-1790837100,B,2026-10-01T06:45:00+00:00,2026-10-01T06:45:00Z,0.431,1.56,0.431,2026-10-01T06:45:04.030957+00:00,down,down,1.0,0.569,2026-10-01T07:05:00.582945+00:00
BTC,KXBTC15M-26OCT010300-00,btc-updown-15m-1790837100,A,2026-10-01T06:45:00+00:00,2026-10-01T07:00:00Z,0.79,0.79,1.22,2026-10-01T06:49:04.565840+00:00,down,down,1.0,0.21,2026-10-01T09:00:16.654862+00:00
ETH,KXETH15M-26OCT010515-15,eth-updown-15m-1790846100,A,2026-10-01T09:15:00+00:00,2026-10-01T09:15:00Z,0.501,0.501,1.49,2026-10-01T09:15:03.654906+00:00,up,up,1.0,0.499,2026-10-01T09:33:38.047212+00:00
ETH,KXETH15M-26OCT010530-30,eth-updown-15m-1790846100,B,2026-10-01T09:15:00+00:00,2026-10-01T09:30:00Z,0.75,1.26,0.75,2026-10-01T09:21:43.278824+00:00,up,up,1.0,0.25,2026-10-01T09:33:38.047212+00:00
BTC,KXBTC15M-26OCT010530-30,btc-updown-15m-1790847000,A,2026-10-01T09:30:00+00:00,2026-10-01T09:30:00Z,0.481,0.481,1.49,2026-10-01T09:30:00.174184+00:00,up,up,1.0,0.519,2026-10-01T09:48:25.673900+00:00
BTC,KXBTC15M-26OCT010545-45,btc-updown-15m-1790847900,A,2026-10-01T09:45:00+00:00,2026-10-01T09:45:00Z,0.471,0.471,1.52,2026-10-01T09:45:01.226828+00:00,up,down,0.0,-0.471,2026-10-01T10:03:06.497666+00:00
ETH,KXETH15M-26OCT010545-45,eth-updown-15m-1790847900,A,2026-10-01T09:45:00+00:00,2026-10-01T09:45:00Z,0.501,0.501,1.48,2026-10-01T09:45:01.226828+00:00,up,down,0.0,-0.501,2026-10-01T10:03:06.497666+00:00
BTC,KXBTC15M-26OCT010600-00,btc-updown-15m-1790848800,B,2026-10-01T10:00:00+00:00,2026-10-01T10:00:00Z,0.621,1.37,0.621,2026-10-01T10:00:23.218521+00:00,down,down,1.0,0.379,2026-10-01T10:20:33.402924+00:00
BTC,KXBTC15M-26OCT010615-15,btc-updown-15m-1790849700,B,2026-10-01T10:15:00+00:00,2026-10-01T10:15:00Z,0.491,1.5,0.491,2026-10-01T10:15:01.375177+00:00,down,down,1.0,0.509,2026-10-01T10:33:47.531798+00:00
BTC,KXBTC15M-26OCT010630-30,btc-updown-15m-1790849700,B,2026-10-01T10:15:00+00:00,2026-10-01T10:30:00Z,0.77,1.23,0.77,2026-10-01T10:26:20.818451+00:00,down,down,1.0,0.23,2026-10-01T10:33:47.531798+00:00
ETH,KXETH15M-26OCT010615-15,eth-updown-15m-1790849700,B,2026-10-01T10:15:00+00:00,2026-10-01T10:15:00Z,0.501,1.49,0.501,2026-10-01T10:15:01.375177+00:00,down,up,0.0,-0.501,2026-10-01T10:33:58.872730+00:00
ETH,KXETH15M-26OCT010630-30,eth-updown-15m-1790849700,B,2026-10-01T10:15:00+00:00,2026-10-01T10:30:00Z,0.77,1.23,0.77,2026-10-01T10:17:59.410195+00:00,up,up,1.0,0.23,2026-10-01T10:33:58.872730+00:00
BTC,KXBTC15M-26OCT010645-45,btc-updown-15m-1790851500,A,2026-10-01T10:45:00+00:00,2026-10-01T10:45:00Z,0.541,0.541,1.45,2026-10-01T10:45:05.033804+00:00,up,up,1.0,0.459,2026-10-01T11:04:50.372644+00:00
ETH,KXETH15M-26OCT010700-00,eth-updown-15m-1790851500,B,2026-10-01T10:45:00+00:00,2026-10-01T11:00:00Z,0.79,1.21,0.79,2026-10-01T10:47:46.411970+00:00,up,up,1.0,0.21,2026-10-01T11:05:20.880250+00:00
BTC,KXBTC15M-26OCT010700-00,btc-updown-15m-1790852400,A,2026-10-01T11:00:00+00:00,2026-10-01T11:00:00Z,0.501,0.501,1.49,2026-10-01T11:00:01.001301+00:00,up,down,0.0,-0.501,2026-10-01T11:18:26.515551+00:00
BTC,KXBTC15M-26OCT010715-15,btc-updown-15m-1790853300,B,2026-10-01T11:15:00+00:00,2026-10-01T11:15:00Z,0.541,1.45,0.541,2026-10-01T11:15:03.492109+00:00,down,down,1.0,0.459,2026-10-01T11:33:54.417059+00:00
ETH,KXETH15M-26OCT010715-15,eth-updown-15m-1790853300,B,2026-10-01T11:15:00+00:00,2026-10-01T11:15:00Z,0.531,1.46,0.531,2026-10-01T11:15:03.492109+00:00,down,down,1.0,0.469,2026-10-01T11:36:31.813560+00:00
ETH,KXETH15M-26OCT010730-30,eth-updown-15m-1790853300,B,2026-10-01T11:15:00+00:00,2026-10-01T11:30:00Z,0.78,1.22,0.78,2026-10-01T11:22:22.472933+00:00,down,down,1.0,0.22,2026-10-01T11:36:31.813560+00:00
BTC,KXBTC15M-26OCT010730-30,btc-updown-15m-1790854200,B,2026-10-01T11:30:00+00:00,2026-10-01T11:30:00Z,0.411,1.58,0.411,2026-10-01T11:30:04.143062+00:00,down,up,0.0,-0.411,2026-10-01T11:49:26.142444+00:00
ETH,KXETH15M-26OCT010745-45,eth-updown-15m-1790855100,A,2026-10-01T11:45:00+00:00,2026-10-01T11:45:00Z,0.471,0.471,1.52,2026-10-01T11:45:00.281872+00:00,up,up,1.0,0.529,2026-10-01T12:02:48.909878+00:00
ETH,KXETH15M-26OCT010800-00,eth-updown-15m-1790855100,A,2026-10-01T11:45:00+00:00,2026-10-01T12:00:00Z,0.76,0.76,1.24,2026-10-01T11:48:34.326803+00:00,up,up,1.0,0.24,2026-10-01T12:02:48.909878+00:00
BTC,KXBTC15M-26OCT010745-45,btc-updown-15m-1790855100,A,2026-10-01T11:45:00+00:00,2026-10-01T11:45:00Z,0.491,0.491,1.49,2026-10-01T11:45:00.281872+00:00,up,down,0.0,-0.491,2026-10-01T12:03:12.699275+00:00
BTC,KXBTC15M-26OCT010800-00,btc-updown-15m-1790855100,B,2026-10-01T11:45:00+00:00,2026-10-01T12:00:00Z,0.78,1.22,0.78,2026-10-01T11:50:21.808932+00:00,down,down,1.0,0.22,2026-10-01T12:03:12.699275+00:00
ETH,KXETH15M-26OCT010815-15,eth-updown-15m-1790856900,A,2026-10-01T12:15:00+00:00,2026-10-01T12:15:00Z,0.442,0.442,1.519,2026-10-01T12:15:00.869262+00:00,up,down,0.0,-0.442,2026-10-01T12:34:19.893608+00:00
ETH,KXETH15M-26OCT010830-30,eth-updown-15m-1790856900,B,2026-10-01T12:15:00+00:00,2026-10-01T12:30:00Z,0.78,1.2,0.78,2026-10-01T12:21:13.371607+00:00,down,down,1.0,0.22,2026-10-01T12:34:19.893608+00:00
BTC,KXBTC15M-26OCT010815-15,btc-updown-15m-1790856900,A,2026-10-01T12:15:00+00:00,2026-10-01T12:15:00Z,0.551,0.551,1.45,2026-10-01T12:15:00.869262+00:00,up,down,0.0,-0.551,2026-10-01T12:37:11.463366+00:00
BTC,KXBTC15M-26OCT010830-30,btc-updown-15m-1790856900,A,2026-10-01T12:15:00+00:00,2026-10-01T12:30:00Z,0.78,0.78,1.22,2026-10-01T12:22:02.085077+00:00,down,down,1.0,0.22,2026-10-01T12:37:11.463366+00:00
ETH,KXETH15M-26OCT010845-45,eth-updown-15m-1790857800,B,2026-10-01T12:30:00+00:00,2026-10-01T12:45:00Z,0.79,1.21,0.79,2026-10-01T12:34:36.941560+00:00,down,down,1.0,0.21,2026-10-01T12:47:05.072027+00:00
BTC,KXBTC15M-26OCT010845-45,btc-updown-15m-1790857800,A,2026-10-01T12:30:00+00:00,2026-10-01T12:45:00Z,0.78,0.78,1.22,2026-10-01T12:35:21.474721+00:00,down,down,1.0,0.22,2026-10-01T12:50:16.972513+00:00
ETH,KXETH15M-26OCT010900-00,eth-updown-15m-1790859600,B,2026-10-01T13:00:00+00:00,2026-10-01T13:00:00Z,0.441,1.55,0.441,2026-10-01T13:00:04.170369+00:00,down,down,1.0,0.559,2026-10-01T13:18:30.557119+00:00
BTC,KXBTC15M-26OCT010900-00,btc-updown-15m-1790859600,B,2026-10-01T13:00:00+00:00,2026-10-01T13:00:00Z,0.501,1.49,0.501,2026-10-01T13:00:04.170369+00:00,down,down,1.0,0.499,2026-10-01T13:22:29.133775+00:00
BTC,KXBTC15M-26OCT010915-15,btc-updown-15m-1790860500,B,2026-10-01T13:15:00+00:00,2026-10-01T13:15:00Z,0.431,1.56,0.431,2026-10-01T13:15:03.796725+00:00,down,down,1.0,0.569,2026-10-01T13:32:27.449827+00:00
BTC,KXBTC15M-26OCT010930-30,btc-updown-15m-1790860500,B,2026-10-01T13:15:00+00:00,2026-10-01T13:30:00Z,0.78,1.19,0.78,2026-10-01T13:24:57.072292+00:00,down,down,1.0,0.22,2026-10-01T13:32:27.449827+00:00
ETH,KXETH15M-26OCT010915-15,eth-updown-15m-1790860500,B,2026-10-01T13:15:00+00:00,2026-10-01T13:15:00Z,0.461,1.53,0.461,2026-10-01T13:15:03.796725+00:00,down,down,1.0,0.539,2026-10-01T13:34:30.486207+00:00
ETH,KXETH15M-26OCT010930-30,eth-updown-15m-1790860500,A,2026-10-01T13:15:00+00:00,2026-10-01T13:30:00Z,0.79,0.79,1.21,2026-10-01T13:23:46.970935+00:00,down,down,1.0,0.21,2026-10-01T13:34:30.486207+00:00
BTC,KXBTC15M-26OCT010945-45,btc-updown-15m-1790861400,B,2026-10-01T13:30:00+00:00,2026-10-01T13:45:00Z,0.76,1.24,0.76,2026-10-01T13:33:09.065563+00:00,up,up,1.0,0.24,2026-10-01T13:49:46.072824+00:00
ETH,KXETH15M-26OCT010945-45,eth-updown-15m-1790861400,B,2026-10-01T13:30:00+00:00,2026-10-01T13:45:00Z,0.75,1.25,0.75,2026-10-01T13:33:15.070241+00:00,up,up,1.0,0.25,2026-10-01T13:51:13.970378+00:00
ETH,KXETH15M-26OCT011000-00,eth-updown-15m-1790862300,A,2026-10-01T13:45:00+00:00,2026-10-01T14:00:00Z,0.76,0.76,1.24,2026-10-01T13:49:34.476836+00:00,down,down,1.0,0.24,2026-10-01T14:06:31.802799+00:00
BTC,KXBTC15M-26OCT011000-00,btc-updown-15m-1790862300,A,2026-10-01T13:45:00+00:00,2026-10-01T14:00:00Z,0.78,0.78,1.22,2026-10-01T13:49:45.720560+00:00,up,up,1.0,0.22,2026-10-01T14:08:20.095325+00:00
BTC,KXBTC15M-26OCT011015-15,btc-updown-15m-1790863200,B,2026-10-01T14:00:00+00:00,2026-10-01T14:15:00Z,0.78,1.22,0.78,2026-10-01T14:07:12.412912+00:00,down,down,1.0,0.22,2026-10-01T14:20:47.501542+00:00
ETH,KXETH15M-26OCT011015-15,eth-updown-15m-1790864100,B,2026-10-01T14:15:00+00:00,2026-10-01T14:15:00Z,0.391,1.59,0.391,2026-10-01T14:15:03.252978+00:00,down,up,0.0,-0.391,2026-10-01T14:33:36.329809+00:00
ETH,KXETH15M-26OCT011030-30,eth-updown-15m-1790865000,A,2026-10-01T14:30:00+00:00,2026-10-01T14:30:00Z,0.451,0.451,1.53,2026-10-01T14:30:01.793818+00:00,up,down,0.0,-0.451,2026-10-01T14:51:16.143525+00:00
ETH,KXETH15M-26OCT011045-45,eth-updown-15m-1790865000,A,2026-10-01T14:30:00+00:00,2026-10-01T14:45:00Z,0.74,0.74,1.26,2026-10-01T14:38:21.559084+00:00,down,down,1.0,0.26,2026-10-01T14:51:16.143525+00:00
BTC,KXBTC15M-26OCT011030-30,btc-updown-15m-1790865000,A,2026-10-01T14:30:00+00:00,2026-10-01T14:30:00Z,0.451,0.451,1.54,2026-10-01T14:30:01.793818+00:00,up,down,0.0,-0.451,2026-10-01T14:51:32.276222+00:00
BTC,KXBTC15M-26OCT011045-45,btc-updown-15m-1790865000,A,2026-10-01T14:30:00+00:00,2026-10-01T14:45:00Z,0.78,0.78,1.22,2026-10-01T14:38:21.559084+00:00,down,down,1.0,0.22,2026-10-01T14:51:32.276222+00:00
BTC,KXBTC15M-26OCT011100-00,btc-updown-15m-1790865900,B,2026-10-01T14:45:00+00:00,2026-10-01T15:00:00Z,0.55,1.45,0.55,2026-10-01T14:58:13.024838+00:00,down,down,1.0,0.45,2026-10-01T15:03:35.964758+00:00
ETH,KXETH15M-26OCT011100-00,eth-updown-15m-1790865900,A,2026-10-01T14:45:00+00:00,2026-10-01T15:00:00Z,0.74,0.74,1.26,2026-10-01T14:46:43.479321+00:00,down,down,1.0,0.26,2026-10-01T15:05:52.564743+00:00
ETH,KXETH15M-26OCT011115-15,eth-updown-15m-1790866800,A,2026-10-01T15:00:00+00:00,2026-10-01T15:15:00Z,0.79,0.79,1.22,2026-10-01T15:06:03.274269+00:00,down,down,1.0,0.21,2026-10-01T15:21:03.937909+00:00
BTC,KXBTC15M-26OCT011115-15,btc-updown-15m-1790866800,A,2026-10-01T15:00:00+00:00,2026-10-01T15:15:00Z,0.76,0.76,1.24,2026-10-01T15:09:58.821722+00:00,up,up,1.0,0.24,2026-10-01T15:21:03.937909+00:00
BTC,KXBTC15M-26OCT011130-30,btc-updown-15m-1790868600,A,2026-10-01T15:30:00+00:00,2026-10-01T15:30:00Z,0.391,0.391,1.6,2026-10-01T15:30:01.815736+00:00,up,down,0.0,-0.391,2026-10-01T15:48:47.607165+00:00
ETH,KXETH15M-26OCT011130-30,eth-updown-15m-1790868600,A,2026-10-01T15:30:00+00:00,2026-10-01T15:30:00Z,0.341,0.341,1.64,2026-10-01T15:30:01.815736+00:00,up,down,0.0,-0.341,2026-10-01T15:51:17.376763+00:00
BTC,KXBTC15M-26OCT011145-45,btc-updown-15m-1790869500,B,2026-10-01T15:45:00+00:00,2026-10-01T15:45:00Z,0.421,1.57,0.421,2026-10-01T15:45:00.591505+00:00,down,up,0.0,-0.421,2026-10-01T16:05:04.095241+00:00
ETH,KXETH15M-26OCT011145-45,eth-updown-15m-1790869500,B,2026-10-01T15:45:00+00:00,2026-10-01T15:45:00Z,0.341,1.65,0.341,2026-10-01T15:45:00.591505+00:00,down,up,0.0,-0.341,2026-10-01T16:06:11.847963+00:00
ETH,KXETH15M-26OCT011200-00,eth-updown-15m-1790870400,A,2026-10-01T16:00:00+00:00,2026-10-01T16:00:00Z,0.521,0.521,1.47,2026-10-01T16:00:02.111548+00:00,up,up,1.0,0.479,2026-10-01T16:18:21.094975+00:00
BTC,KXBTC15M-26OCT011200-00,btc-updown-15m-1790870400,A,2026-10-01T16:00:00+00:00,2026-10-01T16:00:00Z,0.601,0.601,1.42,2026-10-01T16:00:02.111548+00:00,up,up,1.0,0.399,2026-10-01T16:20:45.916825+00:00
BTC,KXBTC15M-26OCT011215-15,btc-updown-15m-1790870400,A,2026-10-01T16:00:00+00:00,2026-10-01T16:15:00Z,0.752,0.752,1.239,2026-10-01T16:11:01.177010+00:00,up,up,1.0,0.248,2026-10-01T16:20:45.916825+00:00
BTC,KXBTC15M-26OCT011230-30,btc-updown-15m-1790871300,A,2026-10-01T16:15:00+00:00,2026-10-01T16:30:00Z,0.767,0.767,1.224,2026-10-01T16:27:10.338848+00:00,up,up,1.0,0.233,2026-10-01T16:32:18.975659+00:00
ETH,KXETH15M-26OCT011215-15,eth-updown-15m-1790871300,A,2026-10-01T16:15:00+00:00,2026-10-01T16:15:00Z,0.701,0.701,1.28,2026-10-01T16:15:05.714204+00:00,up,down,0.0,-0.701,2026-10-01T16:35:02.480055+00:00
ETH,KXETH15M-26OCT011230-30,eth-updown-15m-1790871300,B,2026-10-01T16:15:00+00:00,2026-10-01T16:30:00Z,0.78,1.22,0.78,2026-10-01T16:19:45.466184+00:00,down,down,1.0,0.22,2026-10-01T16:35:02.480055+00:00
BTC,KXBTC15M-26OCT011245-45,btc-updown-15m-1790872200,A,2026-10-01T16:30:00+00:00,2026-10-01T16:45:00Z,0.79,0.79,1.21,2026-10-01T16:37:53.670478+00:00,up,up,1.0,0.21,2026-10-01T16:50:53.594629+00:00
ETH,KXETH15M-26OCT011245-45,eth-updown-15m-1790872200,A,2026-10-01T16:30:00+00:00,2026-10-01T16:45:00Z,0.67,0.67,1.33,2026-10-01T16:37:53.670478+00:00,down,down,1.0,0.33,2026-10-01T16:50:59.666351+00:00
ETH,KXETH15M-26OCT011315-15,eth-updown-15m-1790874900,A,2026-10-01T17:15:00+00:00,2026-10-01T17:15:00Z,0.491,0.491,1.5,2026-10-01T17:15:02.081476+00:00,up,up,1.0,0.509,2026-10-01T17:34:35.936599+00:00
BTC,KXBTC15M-26OCT011315-15,btc-updown-15m-1790874900,A,2026-10-01T17:15:00+00:00,2026-10-01T17:15:00Z,0.471,0.471,1.52,2026-10-01T17:15:02.081476+00:00,up,up,1.0,0.529,2026-10-01T17:35:49.597988+00:00
ETH,KXETH15M-26OCT011330-30,eth-updown-15m-1790875800,A,2026-10-01T17:30:00+00:00,2026-10-01T17:30:00Z,0.521,0.521,1.45,2026-10-01T17:30:01.297621+00:00,up,up,1.0,0.479,2026-10-01T17:47:17.923856+00:00
ETH,KXETH15M-26OCT011345-45,eth-updown-15m-1790875800,B,2026-10-01T17:30:00+00:00,2026-10-01T17:45:00Z,0.79,1.21,0.79,2026-10-01T17:37:47.322662+00:00,up,up,1.0,0.21,2026-10-01T17:47:17.923856+00:00
BTC,KXBTC15M-26OCT011330-30,btc-updown-15m-1790875800,A,2026-10-01T17:30:00+00:00,2026-10-01T17:30:00Z,0.531,0.531,1.47,2026-10-01T17:30:01.297621+00:00,up,up,1.0,0.469,2026-10-01T17:49:40.657481+00:00
BTC,KXBTC15M-26OCT011345-45,btc-updown-15m-1790876700,A,2026-10-01T17:45:00+00:00,2026-10-01T17:45:00Z,0.531,0.531,1.46,2026-10-01T17:45:05.289068+00:00,up,down,0.0,-0.531,2026-10-01T18:03:04.848819+00:00
BTC,KXBTC15M-26OCT011400-00,btc-updown-15m-1790876700,A,2026-10-01T17:45:00+00:00,2026-10-01T18:00:00Z,0.73,0.73,1.27,2026-10-01T17:54:13.527191+00:00,down,down,1.0,0.27,2026-10-01T18:03:04.848819+00:00
BTC,KXBTC15M-26OCT011415-15,btc-updown-15m-1790877600,A,2026-10-01T18:00:00+00:00,2026-10-01T18:15:00Z,0.76,0.76,1.23,2026-10-01T18:10:38.902963+00:00,up,up,1.0,0.24,2026-10-01T18:17:23.002131+00:00
ETH,KXETH15M-26OCT011400-00,eth-updown-15m-1790877600,B,2026-10-01T18:00:00+00:00,2026-10-01T18:00:00Z,0.561,1.41,0.561,2026-10-01T18:00:25.158471+00:00,down,up,0.0,-0.561,2026-10-01T18:21:23.258753+00:00
ETH,KXETH15M-26OCT011415-15,eth-updown-15m-1790877600,B,2026-10-01T18:00:00+00:00,2026-10-01T18:15:00Z,0.78,1.22,0.78,2026-10-01T18:02:03.711177+00:00,up,up,1.0,0.22,2026-10-01T18:21:23.258753+00:00
BTC,KXBTC15M-26OCT011430-30,btc-updown-15m-1790878500,B,2026-10-01T18:15:00+00:00,2026-10-01T18:30:00Z,0.75,1.17,0.75,2026-10-01T18:23:18.287926+00:00,down,down,1.0,0.25,2026-10-01T18:35:24.905928+00:00
ETH,KXETH15M-26OCT011430-30,eth-updown-15m-1790878500,B,2026-10-01T18:15:00+00:00,2026-10-01T18:30:00Z,0.66,1.32,0.66,2026-10-01T18:23:18.287926+00:00,down,down,1.0,0.34,2026-10-01T18:36:29.865043+00:00
BTC,KXBTC15M-26OCT011445-45,btc-updown-15m-1790880300,A,2026-10-01T18:45:00+00:00,2026-10-01T18:45:00Z,0.501,0.501,1.5,2026-10-01T18:45:02.830389+00:00,up,down,0.0,-0.501,2026-10-01T19:02:41.328304+00:00
ETH,KXETH15M-26OCT011445-45,eth-updown-15m-1790880300,A,2026-10-01T18:45:00+00:00,2026-10-01T18:45:00Z,0.511,0.511,1.48,2026-10-01T18:45:02.830389+00:00,up,down,0.0,-0.511,2026-10-01T19:02:53.716510+00:00
BTC,KXBTC15M-26OCT011500-00,btc-updown-15m-1790881200,B,2026-10-01T19:00:00+00:00,2026-10-01T19:00:00Z,0.511,1.48,0.511,2026-10-01T19:00:00.719416+00:00,down,down,1.0,0.489,2026-10-01T19:17:30.094302+00:00
BTC,KXBTC15M-26OCT011515-15,btc-updown-15m-1790881200,B,2026-10-01T19:00:00+00:00,2026-10-01T19:15:00Z,0.79,1.19,0.79,2026-10-01T19:08:36.244827+00:00,down,down,1.0,0.21,2026-10-01T19:17:30.094302+00:00
ETH,KXETH15M-26OCT011500-00,eth-updown-15m-1790881200,B,2026-10-01T19:00:00+00:00,2026-10-01T19:00:00Z,0.501,1.49,0.501,2026-10-01T19:00:00.719416+00:00,down,up,0.0,-0.501,2026-10-01T19:19:43.569377+00:00
ETH,KXETH15M-26OCT011515-15,eth-updown-15m-1790882100,A,2026-10-01T19:15:00+00:00,2026-10-01T19:15:00Z,0.471,0.471,1.52,2026-10-01T19:15:02.608662+00:00,up,down,0.0,-0.471,2026-10-01T19:34:59.918433+00:00
ETH,KXETH15M-26OCT011530-30,eth-updown-15m-1790882100,A,2026-10-01T19:15:00+00:00,2026-10-01T19:30:00Z,0.76,0.76,1.24,2026-10-01T19:18:29.294993+00:00,down,down,1.0,0.24,2026-10-01T19:34:59.918433+00:00
BTC,KXBTC15M-26OCT011530-30,btc-updown-15m-1790883000,B,2026-10-01T19:30:00+00:00,2026-10-01T19:30:00Z,0.481,1.51,0.481,2026-10-01T19:30:04.664810+00:00,down,up,0.0,-0.481,2026-10-01T19:47:26.999423+00:00
BTC,KXBTC15M-26OCT011545-45,btc-updown-15m-1790883000,B,2026-10-01T19:30:00+00:00,2026-10-01T19:45:00Z,0.79,1.21,0.79,2026-10-01T19:43:36.734198+00:00,up,up,1.0,0.21,2026-10-01T19:47:26.999423+00:00
ETH,KXETH15M-26OCT011545-45,eth-updown-15m-1790883000,B,2026-10-01T19:30:00+00:00,2026-10-01T19:45:00Z,0.78,1.22,0.78,2026-10-01T19:31:03.922893+00:00,up,up,1.0,0.22,2026-10-01T19:49:01.725627+00:00
ETH,KXETH15M-26OCT011600-00,eth-updown-15m-1790883900,B,2026-10-01T19:45:00+00:00,2026-10-01T20:00:00Z,0.79,1.21,0.79,2026-10-01T19:50:28.186641+00:00,up,up,1.0,0.21,2026-10-01T20:06:18.521104+00:00
BTC,KXBTC15M-26OCT011600-00,btc-updown-15m-1790883900,A,2026-10-01T19:45:00+00:00,2026-10-01T20:00:00Z,0.77,0.77,1.27,2026-10-01T19:55:00.319378+00:00,up,up,1.0,0.23,2026-10-01T20:06:18.521104+00:00
ETH,KXETH15M-26OCT011615-15,eth-updown-15m-1790884800,A,2026-10-01T20:00:00+00:00,2026-10-01T20:15:00Z,0.75,0.75,1.25,2026-10-01T20:10:23.965861+00:00,up,up,1.0,0.25,2026-10-01T20:21:15.409337+00:00
ETH,KXETH15M-26OCT011630-30,eth-updown-15m-1790885700,A,2026-10-01T20:15:00+00:00,2026-10-01T20:30:00Z,0.58,0.58,1.39,2026-10-01T20:26:56.358981+00:00,down,down,1.0,0.42,2026-10-01T20:37:25.099860+00:00
BTC,KXBTC15M-26OCT011615-15,btc-updown-15m-1790885700,A,2026-10-01T20:15:00+00:00,2026-10-01T20:15:00Z,0.461,0.461,1.53,2026-10-01T20:15:01.633564+00:00,up,down,0.0,-0.461,2026-10-01T20:38:08.967973+00:00
BTC,KXBTC15M-26OCT011630-30,btc-updown-15m-1790885700,A,2026-10-01T20:15:00+00:00,2026-10-01T20:30:00Z,0.6,0.6,1.4,2026-10-01T20:28:53.750337+00:00,down,down,1.0,0.4,2026-10-01T20:38:08.967973+00:00
BTC,KXBTC15M-26OCT011645-45,btc-updown-15m-1790886600,A,2026-10-01T20:30:00+00:00,2026-10-01T20:45:00Z,0.78,0.78,1.22,2026-10-01T20:37:24.451332+00:00,down,down,1.0,0.22,2026-10-01T20:48:30.754272+00:00
ETH,KXETH15M-26OCT011645-45,eth-updown-15m-1790887500,B,2026-10-01T20:45:00+00:00,2026-10-01T20:45:00Z,0.481,1.5,0.481,2026-10-01T20:45:02.146027+00:00,down,up,0.0,-0.481,2026-10-01T21:04:05.350027+00:00
ETH,KXETH15M-26OCT011700-00,eth-updown-15m-1790887500,B,2026-10-01T20:45:00+00:00,2026-10-01T21:00:00Z,0.74,1.26,0.74,2026-10-01T20:50:50.683172+00:00,up,up,1.0,0.26,2026-10-01T21:04:05.350027+00:00
BTC,KXBTC15M-26OCT011700-00,btc-updown-15m-1790887500,B,2026-10-01T20:45:00+00:00,2026-10-01T21:00:00Z,0.79,1.21,0.79,2026-10-01T20:50:22.368963+00:00,up,up,1.0,0.21,2026-10-01T21:05:34.618551+00:00
BTC,KXBTC15M-26OCT011715-15,btc-updown-15m-1790888400,B,2026-10-01T21:00:00+00:00,2026-10-01T21:15:00Z,0.78,1.22,0.78,2026-10-01T21:13:17.795615+00:00,up,up,1.0,0.22,2026-10-01T21:18:57.722779+00:00
BTC,KXBTC15M-26OCT011730-30,btc-updown-15m-1790889300,B,2026-10-01T21:15:00+00:00,2026-10-01T21:30:00Z,0.75,1.25,0.75,2026-10-01T21:20:15.153938+00:00,down,down,1.0,0.25,2026-10-01T21:33:06.916262+00:00
ETH,KXETH15M-26OCT011715-15,eth-updown-15m-1790889300,B,2026-10-01T21:15:00+00:00,2026-10-01T21:15:00Z,0.551,1.44,0.551,2026-10-01T21:15:04.505570+00:00,down,down,1.0,0.449,2026-10-01T21:33:59.948189+00:00
ETH,KXETH15M-26OCT011730-30,eth-updown-15m-1790889300,B,2026-10-01T21:15:00+00:00,2026-10-01T21:30:00Z,0.75,1.23,0.75,2026-10-01T21:20:15.153938+00:00,down,down,1.0,0.25,2026-10-01T21:33:59.948189+00:00
BTC,KXBTC15M-26OCT011745-45,btc-updown-15m-1790891100,B,2026-10-01T21:45:00+00:00,2026-10-01T21:45:00Z,0.521,1.47,0.521,2026-10-01T21:45:01.567336+00:00,down,up,0.0,-0.521,2026-10-01T22:05:09.042667+00:00
ETH,KXETH15M-26OCT011745-45,eth-updown-15m-1790891100,B,2026-10-01T21:45:00+00:00,2026-10-01T21:45:00Z,0.471,1.52,0.471,2026-10-01T21:45:01.567336+00:00,down,up,0.0,-0.471,2026-10-01T22:05:42.743225+00:00
ETH,KXETH15M-26OCT011800-00,eth-updown-15m-1790891100,A,2026-10-01T21:45:00+00:00,2026-10-01T22:00:00Z,0.78,0.78,1.21,2026-10-01T21:51:54.103203+00:00,up,up,1.0,0.22,2026-10-01T22:05:42.743225+00:00
ETH,KXETH15M-26OCT011815-15,eth-updown-15m-1790892000,B,2026-10-01T22:00:00+00:00,2026-10-01T22:15:00Z,0.79,1.21,0.79,2026-10-01T22:00:30.503263+00:00,up,up,1.0,0.21,2026-10-01T22:19:59.893709+00:00
BTC,KXBTC15M-26OCT011800-00,btc-updown-15m-1790892000,A,2026-10-01T22:00:00+00:00,2026-10-01T22:00:00Z,0.441,0.441,1.55,2026-10-01T22:00:03.046201+00:00,up,up,1.0,0.559,2026-10-01T22:22:00.295303+00:00
BTC,KXBTC15M-26OCT011815-15,btc-updown-15m-1790892900,A,2026-10-01T22:15:00+00:00,2026-10-01T22:15:00Z,0.421,0.421,1.57,2026-10-01T22:15:01.736986+00:00,up,down,0.0,-0.421,2026-10-01T22:37:13.914178+00:00
ETH,KXETH15M-26OCT011830-30,eth-updown-15m-1790893800,A,2026-10-01T22:30:00+00:00,2026-10-01T22:30:00Z,0.351,0.351,1.64,2026-10-01T22:30:02.211153+00:00,up,up,1.0,0.649,2026-10-01T22:48:38.267396+00:00
ETH,KXETH15M-26OCT011845-45,eth-updown-15m-1790893800,B,2026-10-01T22:30:00+00:00,2026-10-01T22:45:00Z,0.78,1.22,0.78,2026-10-01T22:35:21.639772+00:00,up,up,1.0,0.22,2026-10-01T22:48:38.267396+00:00
BTC,KXBTC15M-26OCT011830-30,btc-updown-15m-1790893800,B,2026-10-01T22:30:00+00:00,2026-10-01T22:30:00Z,0.611,1.38,0.611,2026-10-01T22:30:02.211153+00:00,down,down,1.0,0.389,2026-10-01T22:52:22.961073+00:00
BTC,KXBTC15M-26OCT011845-45,btc-updown-15m-1790893800,B,2026-10-01T22:30:00+00:00,2026-10-01T22:45:00Z,0.75,1.25,0.75,2026-10-01T22:35:21.639772+00:00,down,down,1.0,0.25,2026-10-01T22:52:22.961073+00:00
ETH,KXETH15M-26OCT011900-00,eth-updown-15m-1790894700,B,2026-10-01T22:45:00+00:00,2026-10-01T23:00:00Z,0.71,1.28,0.71,2026-10-01T22:53:11.724882+00:00,up,up,1.0,0.29,2026-10-01T23:05:42.921118+00:00
BTC,KXBTC15M-26OCT011900-00,btc-updown-15m-1790894700,B,2026-10-01T22:45:00+00:00,2026-10-01T23:00:00Z,0.77,1.22,0.77,2026-10-01T22:52:55.615568+00:00,up,up,1.0,0.23,2026-10-01T23:06:30.077312+00:00
BTC,KXBTC15M-26OCT011915-15,btc-updown-15m-1790895600,B,2026-10-01T23:00:00+00:00,2026-10-01T23:15:00Z,0.79,1.21,0.79,2026-10-01T23:10:06.602461+00:00,down,down,1.0,0.21,2026-10-01T23:22:20.901761+00:00
ETH,KXETH15M-26OCT011915-15,eth-updown-15m-1790896500,B,2026-10-01T23:15:00+00:00,2026-10-01T23:15:00Z,0.511,1.48,0.511,2026-10-01T23:15:02.668480+00:00,down,up,0.0,-0.511,2026-10-01T23:36:48.691693+00:00
ETH,KXETH15M-26OCT011930-30,eth-updown-15m-1790897400,A,2026-10-01T23:30:00+00:00,2026-10-01T23:30:00Z,0.471,0.471,1.52,2026-10-01T23:30:04.679629+00:00,up,up,1.0,0.529,2026-10-01T23:48:33.996039+00:00
ETH,KXETH15M-26OCT011945-45,eth-updown-15m-1790898300,A,2026-10-01T23:45:00+00:00,2026-10-01T23:45:00Z,0.361,0.361,1.6,2026-10-01T23:45:01.452796+00:00,up,up,1.0,0.639,2026-10-02T00:05:51.029681+00:00
ETH,KXETH15M-26OCT012000-00,eth-updown-15m-1790898300,B,2026-10-01T23:45:00+00:00,2026-10-02T00:00:00Z,0.67,1.34,0.67,2026-10-01T23:53:34.110695+00:00,up,up,1.0,0.33,2026-10-02T00:05:51.029681+00:00
BTC,KXBTC15M-26OCT011945-45,btc-updown-15m-1790898300,A,2026-10-01T23:45:00+00:00,2026-10-01T23:45:00Z,0.351,0.351,1.64,2026-10-01T23:45:01.452796+00:00,up,up,1.0,0.649,2026-10-02T00:06:02.361172+00:00
BTC,KXBTC15M-26OCT012000-00,btc-updown-15m-1790898300,B,2026-10-01T23:45:00+00:00,2026-10-02T00:00:00Z,0.79,1.21,0.79,2026-10-01T23:55:11.484012+00:00,up,up,1.0,0.21,2026-10-02T00:06:02.361172+00:00
BTC,KXBTC15M-26OCT012015-15,btc-updown-15m-1790899200,B,2026-10-02T00:00:00+00:00,2026-10-02T00:15:00Z,0.75,1.24,0.75,2026-10-02T00:13:10.330777+00:00,up,up,1.0,0.25,2026-10-02T00:17:16.899391+00:00
ETH,KXETH15M-26OCT012015-15,eth-updown-15m-1790899200,B,2026-10-02T00:00:00+00:00,2026-10-02T00:15:00Z,0.754,1.22,0.754,2026-10-02T00:13:10.330777+00:00,down,down,1.0,0.246,2026-10-02T00:19:02.154757+00:00
ETH,KXETH15M-26OCT012030-30,eth-updown-15m-1790900100,B,2026-10-02T00:15:00+00:00,2026-10-02T00:30:00Z,0.7,1.3,0.7,2026-10-02T00:15:57.005412+00:00,down,down,1.0,0.3,2026-10-02T00:36:18.250578+00:00
BTC,KXBTC15M-26OCT012030-30,btc-updown-15m-1790900100,A,2026-10-02T00:15:00+00:00,2026-10-02T00:30:00Z,0.72,0.72,1.28,2026-10-02T00:16:45.598707+00:00,down,down,1.0,0.28,2026-10-02T00:36:24.228802+00:00
BTC,KXBTC15M-26OCT012045-45,btc-updown-15m-1790901000,B,2026-10-02T00:30:00+00:00,2026-10-02T00:45:00Z,0.79,1.21,0.79,2026-10-02T00:40:20.132868+00:00,up,up,1.0,0.21,2026-10-02T00:47:21.572033+00:00
ETH,KXETH15M-26OCT012045-45,eth-updown-15m-1790901000,B,2026-10-02T00:30:00+00:00,2026-10-02T00:45:00Z,0.769,1.226,0.769,2026-10-02T00:40:36.802625+00:00,up,up,1.0,0.231,2026-10-02T00:48:50.311628+00:00
ETH,KXETH15M-26OCT012100-00,eth-updown-15m-1790901900,A,2026-10-02T00:45:00+00:00,2026-10-02T01:00:00Z,0.77,0.77,1.23,2026-10-02T00:56:25.922414+00:00,up,up,1.0,0.23,2026-10-02T01:05:20.860594+00:00
BTC,KXBTC15M-26OCT012115-15,btc-updown-15m-1790903700,B,2026-10-02T01:15:00+00:00,2026-10-02T01:15:00Z,0.531,1.46,0.531,2026-10-02T01:15:02.552495+00:00,down,down,1.0,0.469,2026-10-02T01:33:05.222718+00:00
BTC,KXBTC15M-26OCT012130-30,btc-updown-15m-1790903700,B,2026-10-02T01:15:00+00:00,2026-10-02T01:30:00Z,0.79,1.21,0.79,2026-10-02T01:16:59.932627+00:00,down,down,1.0,0.21,2026-10-02T01:33:05.222718+00:00
ETH,KXETH15M-26OCT012130-30,eth-updown-15m-1790903700,B,2026-10-02T01:15:00+00:00,2026-10-02T01:30:00Z,0.78,1.22,0.78,2026-10-02T01:16:53.962877+00:00,down,down,1.0,0.22,2026-10-02T01:36:40.497565+00:00
ETH,KXETH15M-26OCT012145-45,eth-updown-15m-1790904600,A,2026-10-02T01:30:00+00:00,2026-10-02T01:45:00Z,0.78,0.78,1.22,2026-10-02T01:42:36.236226+00:00,up,down,0.0,-0.78,2026-10-02T01:47:49.727390+00:00
BTC,KXBTC15M-26OCT012145-45,btc-updown-15m-1790904600,A,2026-10-02T01:30:00+00:00,2026-10-02T01:45:00Z,0.75,0.75,1.25,2026-10-02T01:42:36.236226+00:00,down,down,1.0,0.25,2026-10-02T01:48:07.620778+00:00
BTC,KXBTC15M-26OCT012200-00,btc-updown-15m-1790906400,A,2026-10-02T02:00:00+00:00,2026-10-02T02:00:00Z,0.481,0.481,1.51,2026-10-02T02:00:04.204367+00:00,up,up,1.0,0.519,2026-10-02T02:21:10.581631+00:00
BTC,KXBTC15M-26OCT012215-15,btc-updown-15m-1790906400,B,2026-10-02T02:00:00+00:00,2026-10-02T02:15:00Z,0.79,1.21,0.79,2026-10-02T02:01:14.424764+00:00,up,up,1.0,0.21,2026-10-02T02:21:10.581631+00:00
ETH,KXETH15M-26OCT012200-00,eth-updown-15m-1790906400,A,2026-10-02T02:00:00+00:00,2026-10-02T02:00:00Z,0.451,0.451,1.55,2026-10-02T02:00:04.204367+00:00,up,up,1.0,0.549,2026-10-02T02:22:21.328146+00:00
ETH,KXETH15M-26OCT012215-15,eth-updown-15m-1790906400,A,2026-10-02T02:00:00+00:00,2026-10-02T02:15:00Z,0.78,0.78,1.22,2026-10-02T02:03:25.514070+00:00,up,up,1.0,0.22,2026-10-02T02:22:21.328146+00:00
ETH,KXETH15M-26OCT012230-30,eth-updown-15m-1790908200,B,2026-10-02T02:30:00+00:00,2026-10-02T02:30:00Z,0.461,1.49,0.461,2026-10-02T02:30:00.561441+00:00,down,up,0.0,-0.461,2026-10-02T02:48:21.432710+00:00
ETH,KXETH15M-26OCT012245-45,eth-updown-15m-1790908200,B,2026-10-02T02:30:00+00:00,2026-10-02T02:45:00Z,0.7,1.3,0.7,2026-10-02T02:43:23.366362+00:00,up,up,1.0,0.3,2026-10-02T02:48:21.432710+00:00
BTC,KXBTC15M-26OCT012230-30,btc-updown-15m-1790908200,B,2026-10-02T02:30:00+00:00,2026-10-02T02:30:00Z,0.491,1.5,0.491,2026-10-02T02:30:00.561441+00:00,down,up,0.0,-0.491,2026-10-02T02:48:27.359884+00:00
BTC,KXBTC15M-26OCT012245-45,btc-updown-15m-1790908200,B,2026-10-02T02:30:00+00:00,2026-10-02T02:45:00Z,0.73,1.27,0.73,2026-10-02T02:43:06.615588+00:00,up,up,1.0,0.27,2026-10-02T02:48:27.359884+00:00
ETH,KXETH15M-26OCT012300-00,eth-updown-15m-1790910000,A,2026-10-02T03:00:00+00:00,2026-10-02T03:00:00Z,0.461,0.461,1.53,2026-10-02T03:00:03.637752+00:00,up,down,0.0,-0.461,2026-10-02T03:20:19.551568+00:00
ETH,KXETH15M-26OCT012315-15,eth-updown-15m-1790910000,B,2026-10-02T03:00:00+00:00,2026-10-02T03:15:00Z,0.78,1.22,0.78,2026-10-02T03:01:25.759064+00:00,down,down,1.0,0.22,2026-10-02T03:20:19.551568+00:00
BTC,KXBTC15M-26OCT012315-15,btc-updown-15m-1790910900,A,2026-10-02T03:15:00+00:00,2026-10-02T03:15:00Z,0.461,0.461,1.55,2026-10-02T03:15:01.356759+00:00,up,down,0.0,-0.461,2026-10-02T03:35:22.962022+00:00
BTC,KXBTC15M-26OCT012330-30,btc-updown-15m-1790911800,B,2026-10-02T03:30:00+00:00,2026-10-02T03:30:00Z,0.461,1.53,0.461,2026-10-02T03:30:04.782422+00:00,down,up,0.0,-0.461,2026-10-02T03:48:14.049339+00:00
ETH,KXETH15M-26OCT012330-30,eth-updown-15m-1790911800,B,2026-10-02T03:30:00+00:00,2026-10-02T03:30:00Z,0.501,1.49,0.501,2026-10-02T03:30:04.782422+00:00,down,up,0.0,-0.501,2026-10-02T03:49:17.438414+00:00
BTC,KXBTC15M-26OCT012345-45,btc-updown-15m-1790912700,A,2026-10-02T03:45:00+00:00,2026-10-02T03:45:00Z,0.461,0.461,1.53,2026-10-02T03:45:01.143633+00:00,up,up,1.0,0.539,2026-10-02T04:04:47.698503+00:00
BTC,KXBTC15M-26OCT020000-00,btc-updown-15m-1790912700,B,2026-10-02T03:45:00+00:00,2026-10-02T04:00:00Z,0.78,1.22,0.78,2026-10-02T03:53:33.224456+00:00,up,up,1.0,0.22,2026-10-02T04:04:47.698503+00:00
ETH,KXETH15M-26OCT012345-45,eth-updown-15m-1790912700,A,2026-10-02T03:45:00+00:00,2026-10-02T03:45:00Z,0.461,0.461,1.52,2026-10-02T03:45:01.143633+00:00,up,up,1.0,0.539,2026-10-02T04:06:59.926534+00:00
ETH,KXETH15M-26OCT020000-00,eth-updown-15m-1790912700,B,2026-10-02T03:45:00+00:00,2026-10-02T04:00:00Z,0.74,1.27,0.74,2026-10-02T03:55:54.458983+00:00,up,up,1.0,0.26,2026-10-02T04:06:59.926534+00:00
BTC,KXBTC15M-26OCT020015-15,btc-updown-15m-1790913600,B,2026-10-02T04:00:00+00:00,2026-10-02T04:15:00Z,0.74,1.26,0.74,2026-10-02T04:12:41.908432+00:00,down,down,1.0,0.26,2026-10-02T04:20:03.582587+00:00
ETH,KXETH15M-26OCT020015-15,eth-updown-15m-1790914500,B,2026-10-02T04:15:00+00:00,2026-10-02T04:15:00Z,0.471,1.51,0.471,2026-10-02T04:15:04.863440+00:00,down,up,0.0,-0.471,2026-10-02T04:35:55.015577+00:00
ETH,KXETH15M-26OCT020045-45,eth-updown-15m-1790915400,A,2026-10-02T04:30:00+00:00,2026-10-02T04:45:00Z,0.78,0.78,1.22,2026-10-02T04:31:59.511812+00:00,down,down,1.0,0.22,2026-10-02T04:49:08.933350+00:00
BTC,KXBTC15M-26OCT020045-45,btc-updown-15m-1790916300,B,2026-10-02T04:45:00+00:00,2026-10-02T04:45:00Z,0.541,1.47,0.541,2026-10-02T04:45:04.643754+00:00,down,up,0.0,-0.541,2026-10-02T05:03:09.158835+00:00
BTC,KXBTC15M-26OCT020100-00,btc-updown-15m-1790916300,B,2026-10-02T04:45:00+00:00,2026-10-02T05:00:00Z,0.78,1.22,0.78,2026-10-02T04:55:38.418494+00:00,up,up,1.0,0.22,2026-10-02T05:03:09.158835+00:00
ETH,KXETH15M-26OCT020100-00,eth-updown-15m-1790916300,B,2026-10-02T04:45:00+00:00,2026-10-02T05:00:00Z,0.77,1.2,0.77,2026-10-02T04:55:26.924879+00:00,up,up,1.0,0.23,2026-10-02T05:04:33.627435+00:00
BTC,KXBTC15M-26OCT020115-15,btc-updown-15m-1790917200,A,2026-10-02T05:00:00+00:00,2026-10-02T05:15:00Z,0.79,0.79,1.21,2026-10-02T05:13:30.814971+00:00,down,down,1.0,0.21,2026-10-02T05:20:06.363419+00:00
ETH,KXETH15M-26OCT020115-15,eth-updown-15m-1790918100,B,2026-10-02T05:15:00+00:00,2026-10-02T05:15:00Z,0.471,1.51,0.471,2026-10-02T05:15:04.270128+00:00,down,down,1.0,0.529,2026-10-02T05:35:26.202070+00:00
ETH,KXETH15M-26OCT020130-30,eth-updown-15m-1790919000,B,2026-10-02T05:30:00+00:00,2026-10-02T05:30:00Z,0.431,1.56,0.431,2026-10-02T05:30:01.109727+00:00,down,down,1.0,0.569,2026-10-02T05:48:04.657529+00:00
ETH,KXETH15M-26OCT020145-45,eth-updown-15m-1790919000,A,2026-10-02T05:30:00+00:00,2026-10-02T05:45:00Z,0.75,0.75,1.25,2026-10-02T05:33:05.738652+00:00,down,down,1.0,0.25,2026-10-02T05:48:04.657529+00:00
BTC,KXBTC15M-26OCT020130-30,btc-updown-15m-1790919000,B,2026-10-02T05:30:00+00:00,2026-10-02T05:30:00Z,0.491,1.5,0.491,2026-10-02T05:30:01.109727+00:00,down,down,1.0,0.509,2026-10-02T05:51:15.382101+00:00
BTC,KXBTC15M-26OCT020145-45,btc-updown-15m-1790919000,A,2026-10-02T05:30:00+00:00,2026-10-02T05:45:00Z,0.79,0.79,1.21,2026-10-02T05:33:05.738652+00:00,down,down,1.0,0.21,2026-10-02T05:51:15.382101+00:00
ETH,KXETH15M-26OCT020200-00,eth-updown-15m-1790919900,A,2026-10-02T05:45:00+00:00,2026-10-02T06:00:00Z,0.78,0.78,1.24,2026-10-02T05:52:47.570455+00:00,up,up,1.0,0.22,2026-10-02T06:03:22.788387+00:00
BTC,KXBTC15M-26OCT020200-00,btc-updown-15m-1790920800,B,2026-10-02T06:00:00+00:00,2026-10-02T06:00:00Z,0.461,1.53,0.461,2026-10-02T06:00:01.247432+00:00,down,down,1.0,0.539,2026-10-02T06:19:46.096956+00:00
BTC,KXBTC15M-26OCT020215-15,btc-updown-15m-1790920800,B,2026-10-02T06:00:00+00:00,2026-10-02T06:15:00Z,0.75,1.24,0.75,2026-10-02T06:10:46.992217+00:00,down,down,1.0,0.25,2026-10-02T06:19:46.096956+00:00
ETH,KXETH15M-26OCT020215-15,eth-updown-15m-1790921700,A,2026-10-02T06:15:00+00:00,2026-10-02T06:15:00Z,0.461,0.461,1.53,2026-10-02T06:15:04.500874+00:00,up,up,1.0,0.539,2026-10-02T06:36:18.340699+00:00
BTC,KXBTC15M-26OCT020230-30,btc-updown-15m-1790922600,A,2026-10-02T06:30:00+00:00,2026-10-02T06:30:00Z,0.451,0.451,1.53,2026-10-02T06:30:01.925921+00:00,up,down,0.0,-0.451,2026-10-02T06:49:02.494371+00:00
BTC,KXBTC15M-26OCT020245-45,btc-updown-15m-1790922600,A,2026-10-02T06:30:00+00:00,2026-10-02T06:45:00Z,0.77,0.77,1.23,2026-10-02T06:35:15.141275+00:00,down,down,1.0,0.23,2026-10-02T06:49:02.494371+00:00
ETH,KXETH15M-26OCT020230-30,eth-updown-15m-1790922600,A,2026-10-02T06:30:00+00:00,2026-10-02T06:30:00Z,0.471,0.471,1.52,2026-10-02T06:30:01.925921+00:00,up,up,1.0,0.529,2026-10-02T06:52:17.109979+00:00
ETH,KXETH15M-26OCT020245-45,eth-updown-15m-1790922600,A,2026-10-02T06:30:00+00:00,2026-10-02T06:45:00Z,0.73,0.73,1.27,2026-10-02T06:35:15.141275+00:00,up,up,1.0,0.27,2026-10-02T06:52:17.109979+00:00
BTC,KXBTC15M-26OCT020300-00,btc-updown-15m-1790923500,A,2026-10-02T06:45:00+00:00,2026-10-02T07:00:00Z,0.73,0.73,1.26,2026-10-02T06:57:05.638015+00:00,up,up,1.0,0.27,2026-10-02T07:02:52.273388+00:00
ETH,KXETH15M-26OCT020300-00,eth-updown-15m-1790923500,A,2026-10-02T06:45:00+00:00,2026-10-02T07:00:00Z,0.79,0.79,1.21,2026-10-02T06:52:27.821923+00:00,down,down,1.0,0.21,2026-10-02T07:04:25.195268+00:00
ETH,KXETH15M-26OCT020315-15,eth-updown-15m-1790924400,A,2026-10-02T07:00:00+00:00,2026-10-02T07:15:00Z,0.76,0.76,1.24,2026-10-02T07:02:24.505440+00:00,up,up,1.0,0.24,2026-10-02T07:18:17.899462+00:00
BTC,KXBTC15M-26OCT020315-15,btc-updown-15m-1790924400,B,2026-10-02T07:00:00+00:00,2026-10-02T07:15:00Z,0.77,1.23,0.77,2026-10-02T07:06:43.027733+00:00,down,down,1.0,0.23,2026-10-02T07:18:34.507350+00:00
BTC,KXBTC15M-26OCT020330-30,btc-updown-15m-1790925300,A,2026-10-02T07:15:00+00:00,2026-10-02T07:30:00Z,0.78,0.78,1.22,2026-10-02T07:28:13.460056+00:00,down,down,1.0,0.22,2026-10-02T07:34:55.194734+00:00
ETH,KXETH15M-26OCT020330-30,eth-updown-15m-1790926200,B,2026-10-02T07:30:00+00:00,2026-10-02T07:30:00Z,0.581,1.41,0.581,2026-10-02T07:30:04.376028+00:00,down,down,1.0,0.419,2026-10-02T07:49:03.969750+00:00
ETH,KXETH15M-26OCT020345-45,eth-updown-15m-1790926200,A,2026-10-02T07:30:00+00:00,2026-10-02T07:45:00Z,0.74,0.74,1.26,2026-10-02T07:44:23.836214+00:00,down,down,1.0,0.26,2026-10-02T07:49:03.969750+00:00
BTC,KXBTC15M-26OCT020345-45,btc-updown-15m-1790927100,B,2026-10-02T07:45:00+00:00,2026-10-02T07:45:00Z,0.491,1.5,0.491,2026-10-02T07:45:01.268349+00:00,down,up,0.0,-0.491,2026-10-02T08:05:10.013360+00:00
BTC,KXBTC15M-26OCT020415-15,btc-updown-15m-1790928900,A,2026-10-02T08:15:00+00:00,2026-10-02T08:15:00Z,0.491,0.491,1.5,2026-10-02T08:15:02.230915+00:00,up,up,1.0,0.509,2026-10-02T08:32:26.092929+00:00
BTC,KXBTC15M-26OCT020430-30,btc-updown-15m-1790928900,B,2026-10-02T08:15:00+00:00,2026-10-02T08:30:00Z,0.79,1.21,0.79,2026-10-02T08:16:18.641679+00:00,up,up,1.0,0.21,2026-10-02T08:32:26.092929+00:00
ETH,KXETH15M-26OCT020415-15,eth-updown-15m-1790928900,A,2026-10-02T08:15:00+00:00,2026-10-02T08:15:00Z,0.471,0.471,1.52,2026-10-02T08:15:02.230915+00:00,up,up,1.0,0.529,2026-10-02T08:35:30.201123+00:00
ETH,KXETH15M-26OCT020430-30,eth-updown-15m-1790928900,B,2026-10-02T08:15:00+00:00,2026-10-02T08:30:00Z,0.78,1.22,0.78,2026-10-02T08:17:15.802918+00:00,up,up,1.0,0.22,2026-10-02T08:35:30.201123+00:00
BTC,KXBTC15M-26OCT020445-45,btc-updown-15m-1790929800,B,2026-10-02T08:30:00+00:00,2026-10-02T08:45:00Z,0.75,1.25,0.75,2026-10-02T08:37:53.007103+00:00,down,down,1.0,0.25,2026-10-02T08:49:00.463924+00:00
ETH,KXETH15M-26OCT020445-45,eth-updown-15m-1790929800,B,2026-10-02T08:30:00+00:00,2026-10-02T08:45:00Z,0.75,1.25,0.75,2026-10-02T08:37:58.521984+00:00,down,down,1.0,0.25,2026-10-02T08:50:44.838036+00:00
ETH,KXETH15M-26OCT020500-00,eth-updown-15m-1790931600,B,2026-10-02T09:00:00+00:00,2026-10-02T09:00:00Z,0.461,1.52,0.461,2026-10-02T09:00:01.742144+00:00,down,down,1.0,0.539,2026-10-02T09:18:25.056333+00:00
ETH,KXETH15M-26OCT020515-15,eth-updown-15m-1790931600,B,2026-10-02T09:00:00+00:00,2026-10-02T09:15:00Z,0.75,1.25,0.75,2026-10-02T09:05:07.205241+00:00,down,down,1.0,0.25,2026-10-02T09:18:25.056333+00:00
BTC,KXBTC15M-26OCT020500-00,btc-updown-15m-1790931600,B,2026-10-02T09:00:00+00:00,2026-10-02T09:00:00Z,0.441,1.55,0.441,2026-10-02T09:00:01.742144+00:00,down,down,1.0,0.559,2026-10-02T09:22:13.665605+00:00
BTC,KXBTC15M-26OCT020515-15,btc-updown-15m-1790931600,B,2026-10-02T09:00:00+00:00,2026-10-02T09:15:00Z,0.78,1.18,0.78,2026-10-02T09:05:07.205241+00:00,down,down,1.0,0.22,2026-10-02T09:22:13.665605+00:00
BTC,KXBTC15M-26OCT020530-30,btc-updown-15m-1790933400,B,2026-10-02T09:30:00+00:00,2026-10-02T09:30:00Z,0.311,1.68,0.311,2026-10-02T09:30:01.875043+00:00,down,up,0.0,-0.311,2026-10-02T09:49:53.383082+00:00
BTC,KXBTC15M-26OCT020545-45,btc-updown-15m-1790934300,A,2026-10-02T09:45:00+00:00,2026-10-02T09:45:00Z,0.501,0.501,1.49,2026-10-02T09:45:01.258142+00:00,up,up,1.0,0.499,2026-10-02T10:05:03.764404+00:00
BTC,KXBTC15M-26OCT020600-00,btc-updown-15m-1790934300,B,2026-10-02T09:45:00+00:00,2026-10-02T10:00:00Z,0.75,1.25,0.75,2026-10-02T09:49:06.731323+00:00,up,up,1.0,0.25,2026-10-02T10:05:03.764404+00:00
ETH,KXETH15M-26OCT020545-45,eth-updown-15m-1790934300,A,2026-10-02T09:45:00+00:00,2026-10-02T09:45:00Z,0.461,0.461,1.5,2026-10-02T09:45:01.258142+00:00,up,down,0.0,-0.461,2026-10-02T10:05:15.086626+00:00
ETH,KXETH15M-26OCT020600-00,eth-updown-15m-1790934300,A,2026-10-02T09:45:00+00:00,2026-10-02T10:00:00Z,0.79,0.79,1.21,2026-10-02T09:47:08.458296+00:00,down,down,1.0,0.21,2026-10-02T10:05:15.086626+00:00
BTC,KXBTC15M-26OCT020615-15,btc-updown-15m-1790935200,B,2026-10-02T10:00:00+00:00,2026-10-02T10:15:00Z,0.78,1.22,0.78,2026-10-02T10:07:25.056087+00:00,down,down,1.0,0.22,2026-10-02T10:20:52.577044+00:00
ETH,KXETH15M-26OCT020615-15,eth-updown-15m-1790935200,A,2026-10-02T10:00:00+00:00,2026-10-02T10:15:00Z,0.69,0.69,1.28,2026-10-02T10:09:48.327281+00:00,down,down,1.0,0.31,2026-10-02T10:21:59.047188+00:00
BTC,KXBTC15M-26OCT020630-30,btc-updown-15m-1790936100,A,2026-10-02T10:15:00+00:00,2026-10-02T10:30:00Z,0.73,0.73,1.27,2026-10-02T10:22:58.987902+00:00,up,up,1.0,0.27,2026-10-02T10:35:27.564111+00:00
ETH,KXETH15M-26OCT020630-30,eth-updown-15m-1790936100,A,2026-10-02T10:15:00+00:00,2026-10-02T10:30:00Z,0.72,0.72,1.28,2026-10-02T10:22:58.987902+00:00,up,up,1.0,0.28,2026-10-02T10:36:40.147682+00:00
BTC,KXBTC15M-26OCT020645-45,btc-updown-15m-1790937000,B,2026-10-02T10:30:00+00:00,2026-10-02T10:45:00Z,0.79,1.21,0.79,2026-10-02T10:35:44.391065+00:00,up,up,1.0,0.21,2026-10-02T10:52:06.507781+00:00
ETH,KXETH15M-26OCT020645-45,eth-updown-15m-1790937900,A,2026-10-02T10:45:00+00:00,2026-10-02T10:45:00Z,0.471,0.471,1.52,2026-10-02T10:45:04.286887+00:00,up,down,0.0,-0.471,2026-10-02T11:02:16.752892+00:00
BTC,KXBTC15M-26OCT020700-00,btc-updown-15m-1790937900,B,2026-10-02T10:45:00+00:00,2026-10-02T11:00:00Z,0.77,1.23,0.77,2026-10-02T10:55:06.754536+00:00,down,down,1.0,0.23,2026-10-02T11:06:52.234002+00:00
ETH,KXETH15M-26OCT020700-00,eth-updown-15m-1790938800,B,2026-10-02T11:00:00+00:00,2026-10-02T11:00:00Z,0.481,1.51,0.481,2026-10-02T11:00:05.435434+00:00,down,up,0.0,-0.481,2026-10-02T11:17:26.970321+00:00
ETH,KXETH15M-26OCT020715-15,eth-updown-15m-1790938800,B,2026-10-02T11:00:00+00:00,2026-10-02T11:15:00Z,0.79,1.21,0.79,2026-10-02T11:04:09.039029+00:00,up,up,1.0,0.21,2026-10-02T11:17:26.970321+00:00
ETH,KXETH15M-26OCT020730-30,eth-updown-15m-1790939700,A,2026-10-02T11:15:00+00:00,2026-10-02T11:30:00Z,0.79,0.79,1.21,2026-10-02T11:16:53.972371+00:00,down,down,1.0,0.21,2026-10-02T11:33:14.846518+00:00
BTC,KXBTC15M-26OCT020715-15,btc-updown-15m-1790939700,A,2026-10-02T11:15:00+00:00,2026-10-02T11:15:00Z,0.581,0.581,1.41,2026-10-02T11:15:04.975088+00:00,up,down,0.0,-0.581,2026-10-02T11:33:26.649651+00:00
BTC,KXBTC15M-26OCT020730-30,btc-updown-15m-1790939700,A,2026-10-02T11:15:00+00:00,2026-10-02T11:30:00Z,0.79,0.79,1.21,2026-10-02T11:29:14.929891+00:00,down,down,1.0,0.21,2026-10-02T11:33:26.649651+00:00
ETH,KXETH15M-26OCT020745-45,eth-updown-15m-1790941500,A,2026-10-02T11:45:00+00:00,2026-10-02T11:45:00Z,0.511,0.511,1.47,2026-10-02T11:45:05.492677+00:00,up,down,0.0,-0.511,2026-10-02T12:05:27.562892+00:00
ETH,KXETH15M-26OCT020800-00,eth-updown-15m-1790941500,B,2026-10-02T11:45:00+00:00,2026-10-02T12:00:00Z,0.76,1.24,0.76,2026-10-02T11:50:07.349532+00:00,down,down,1.0,0.24,2026-10-02T12:05:27.562892+00:00
BTC,KXBTC15M-26OCT020745-45,btc-updown-15m-1790941500,A,2026-10-02T11:45:00+00:00,2026-10-02T11:45:00Z,0.577,0.577,1.414,2026-10-02T11:45:05.492677+00:00,up,down,0.0,-0.577,2026-10-02T12:05:39.133345+00:00
BTC,KXBTC15M-26OCT020800-00,btc-updown-15m-1790941500,A,2026-10-02T11:45:00+00:00,2026-10-02T12:00:00Z,0.58,0.58,1.42,2026-10-02T11:56:03.985916+00:00,down,down,1.0,0.42,2026-10-02T12:05:39.133345+00:00
BTC,KXBTC15M-26OCT020815-15,btc-updown-15m-1790942400,B,2026-10-02T12:00:00+00:00,2026-10-02T12:15:00Z,0.79,1.21,0.79,2026-10-02T12:10:46.908178+00:00,down,down,1.0,0.21,2026-10-02T12:17:07.630864+00:00
ETH,KXETH15M-26OCT020815-15,eth-updown-15m-1790942400,A,2026-10-02T12:00:00+00:00,2026-10-02T12:15:00Z,0.78,0.78,1.22,2026-10-02T12:12:17.207377+00:00,down,down,1.0,0.22,2026-10-02T12:21:28.113474+00:00
ETH,KXETH15M-26OCT020830-30,eth-updown-15m-1790943300,A,2026-10-02T12:15:00+00:00,2026-10-02T12:30:00Z,0.79,0.79,1.22,2026-10-02T12:25:03.973677+00:00,up,up,1.0,0.21,2026-10-02T12:36:37.973798+00:00
ETH,KXETH15M-26OCT020845-45,eth-updown-15m-1790944200,A,2026-10-02T12:30:00+00:00,2026-10-02T12:45:00Z,0.71,0.71,1.29,2026-10-02T12:41:50.610378+00:00,down,down,1.0,0.29,2026-10-02T12:47:19.322041+00:00
BTC,KXBTC15M-26OCT020830-30,btc-updown-15m-1790944200,A,2026-10-02T12:30:00+00:00,2026-10-02T12:30:00Z,0.721,0.721,1.27,2026-10-02T12:30:03.560985+00:00,up,down,0.0,-0.721,2026-10-02T12:47:25.491330+00:00
BTC,KXBTC15M-26OCT020845-45,btc-updown-15m-1790944200,A,2026-10-02T12:30:00+00:00,2026-10-02T12:45:00Z,0.755,0.755,1.236,2026-10-02T12:31:52.549429+00:00,down,down,1.0,0.245,2026-10-02T12:47:25.491330+00:00
BTC,KXBTC15M-26OCT020900-00,btc-updown-15m-1790946000,A,2026-10-02T13:00:00+00:00,2026-10-02T13:00:00Z,0.421,0.421,1.57,2026-10-02T13:00:03.542044+00:00,up,down,0.0,-0.421,2026-10-02T13:17:28.621283+00:00
BTC,KXBTC15M-26OCT020915-15,btc-updown-15m-1790946000,A,2026-10-02T13:00:00+00:00,2026-10-02T13:15:00Z,0.79,0.79,1.22,2026-10-02T13:05:46.706956+00:00,down,down,1.0,0.21,2026-10-02T13:17:28.621283+00:00
ETH,KXETH15M-26OCT020900-00,eth-updown-15m-1790946000,A,2026-10-02T13:00:00+00:00,2026-10-02T13:00:00Z,0.421,0.421,1.57,2026-10-02T13:00:03.542044+00:00,up,down,0.0,-0.421,2026-10-02T13:20:17.414830+00:00
ETH,KXETH15M-26OCT020915-15,eth-updown-15m-1790946900,B,2026-10-02T13:15:00+00:00,2026-10-02T13:15:00Z,0.511,1.46,0.511,2026-10-02T13:15:01.425999+00:00,down,down,1.0,0.489,2026-10-02T13:36:18.180372+00:00
ETH,KXETH15M-26OCT020930-30,eth-updown-15m-1790946900,B,2026-10-02T13:15:00+00:00,2026-10-02T13:30:00Z,0.78,1.22,0.78,2026-10-02T13:28:13.272018+00:00,down,down,1.0,0.22,2026-10-02T13:36:18.180372+00:00
BTC,KXBTC15M-26OCT020930-30,btc-updown-15m-1790946900,B,2026-10-02T13:15:00+00:00,2026-10-02T13:30:00Z,0.78,1.22,0.78,2026-10-02T13:25:21.994362+00:00,down,down,1.0,0.22,2026-10-02T13:36:35.331886+00:00
ETH,KXETH15M-26OCT020945-45,eth-updown-15m-1790948700,A,2026-10-02T13:45:00+00:00,2026-10-02T13:45:00Z,0.451,0.451,1.54,2026-10-02T13:45:01.657148+00:00,up,down,0.0,-0.451,2026-10-02T14:04:38.445027+00:00
ETH,KXETH15M-26OCT021000-00,eth-updown-15m-1790948700,A,2026-10-02T13:45:00+00:00,2026-10-02T14:00:00Z,0.74,0.74,1.26,2026-10-02T13:48:30.926619+00:00,down,down,1.0,0.26,2026-10-02T14:04:38.445027+00:00
BTC,KXBTC15M-26OCT020945-45,btc-updown-15m-1790948700,A,2026-10-02T13:45:00+00:00,2026-10-02T13:45:00Z,0.501,0.501,1.49,2026-10-02T13:45:01.657148+00:00,up,down,0.0,-0.501,2026-10-02T14:06:52.307317+00:00
BTC,KXBTC15M-26OCT021000-00,btc-updown-15m-1790948700,A,2026-10-02T13:45:00+00:00,2026-10-02T14:00:00Z,0.74,0.74,1.26,2026-10-02T13:48:30.926619+00:00,down,down,1.0,0.26,2026-10-02T14:06:52.307317+00:00
BTC,KXBTC15M-26OCT021015-15,btc-updown-15m-1790950500,B,2026-10-02T14:15:00+00:00,2026-10-02T14:15:00Z,0.551,1.44,0.551,2026-10-02T14:15:01.768620+00:00,down,down,1.0,0.449,2026-10-02T14:32:15.998228+00:00
BTC,KXBTC15M-26OCT021030-30,btc-updown-15m-1790950500,A,2026-10-02T14:15:00+00:00,2026-10-02T14:30:00Z,0.72,0.72,1.28,2026-10-02T14:26:02.413263+00:00,down,down,1.0,0.28,2026-10-02T14:32:15.998228+00:00
ETH,KXETH15M-26OCT021015-15,eth-updown-15m-1790950500,B,2026-10-02T14:15:00+00:00,2026-10-02T14:15:00Z,0.461,1.53,0.461,2026-10-02T14:15:01.768620+00:00,down,down,1.0,0.539,2026-10-02T14:34:39.998989+00:00
ETH,KXETH15M-26OCT021030-30,eth-updown-15m-1790950500,A,2026-10-02T14:15:00+00:00,2026-10-02T14:30:00Z,0.74,0.74,1.29,2026-10-02T14:27:03.055762+00:00,down,down,1.0,0.26,2026-10-02T14:34:39.998989+00:00
ETH,KXETH15M-26OCT021100-00,eth-updown-15m-1790952300,A,2026-10-02T14:45:00+00:00,2026-10-02T15:00:00Z,0.76,0.76,1.21,2026-10-02T14:51:55.073083+00:00,down,down,1.0,0.24,2026-10-02T15:02:41.555685+00:00
BTC,KXBTC15M-26OCT021045-45,btc-updown-15m-1790952300,B,2026-10-02T14:45:00+00:00,2026-10-02T14:45:00Z,0.481,1.51,0.481,2026-10-02T14:45:02.580716+00:00,down,down,1.0,0.519,2026-10-02T15:04:10.239270+00:00
BTC,KXBTC15M-26OCT021115-15,btc-updown-15m-1790954100,B,2026-10-02T15:15:00+00:00,2026-10-02T15:15:00Z,0.432,1.559,0.432,2026-10-02T15:15:02.910584+00:00,down,down,1.0,0.568,2026-10-02T15:33:27.685513+00:00
ETH,KXETH15M-26OCT021115-15,eth-updown-15m-1790954100,B,2026-10-02T15:15:00+00:00,2026-10-02T15:15:00Z,0.441,1.55,0.441,2026-10-02T15:15:02.910584+00:00,down,down,1.0,0.559,2026-10-02T15:35:09.533180+00:00
BTC,KXBTC15M-26OCT021130-30,btc-updown-15m-1790955000,B,2026-10-02T15:30:00+00:00,2026-10-02T15:30:00Z,0.491,1.5,0.491,2026-10-02T15:30:03.629551+00:00,down,down,1.0,0.509,2026-10-02T15:48:46.818446+00:00
BTC,KXBTC15M-26OCT021145-45,btc-updown-15m-1790955000,B,2026-10-02T15:30:00+00:00,2026-10-02T15:45:00Z,0.732,1.249,0.732,2026-10-02T15:42:35.104198+00:00,down,down,1.0,0.268,2026-10-02T15:48:46.818446+00:00
ETH,KXETH15M-26OCT021130-30,eth-updown-15m-1790955000,B,2026-10-02T15:30:00+00:00,2026-10-02T15:30:00Z,0.461,1.53,0.461,2026-10-02T15:30:03.629551+00:00,down,down,1.0,0.539,2026-10-02T15:49:34.829466+00:00
BTC,KXBTC15M-26OCT021200-00,btc-updown-15m-1790955900,A,2026-10-02T15:45:00+00:00,2026-10-02T16:00:00Z,0.79,0.79,1.21,2026-10-02T15:54:47.313410+00:00,down,down,1.0,0.21,2026-10-02T16:03:17.046544+00:00
ETH,KXETH15M-26OCT021145-45,eth-updown-15m-1790955900,B,2026-10-02T15:45:00+00:00,2026-10-02T15:45:00Z,0.431,1.53,0.431,2026-10-02T15:45:00.130573+00:00,down,up,0.0,-0.431,2026-10-02T16:05:39.198992+00:00
ETH,KXETH15M-26OCT021200-00,eth-updown-15m-1790955900,A,2026-10-02T15:45:00+00:00,2026-10-02T16:00:00Z,0.71,0.71,1.3,2026-10-02T15:54:47.313410+00:00,down,up,2.0,1.29,2026-10-02T16:05:44.940175+00:00
ETH,KXETH15M-26OCT021215-15,eth-updown-15m-1790956800,A,2026-10-02T16:00:00+00:00,2026-10-02T16:15:00Z,0.78,0.78,1.22,2026-10-02T16:08:03.487608+00:00,down,down,1.0,0.22,2026-10-02T16:18:41.523087+00:00
BTC,KXBTC15M-26OCT021215-15,btc-updown-15m-1790956800,A,2026-10-02T16:00:00+00:00,2026-10-02T16:15:00Z,0.74,0.74,1.26,2026-10-02T16:07:57.936973+00:00,down,down,1.0,0.26,2026-10-02T16:21:56.961037+00:00
ETH,KXETH15M-26OCT021230-30,eth-updown-15m-1790957700,A,2026-10-02T16:15:00+00:00,2026-10-02T16:30:00Z,0.76,0.76,1.22,2026-10-02T16:24:45.799137+00:00,down,down,1.0,0.24,2026-10-02T16:34:03.718503+00:00
BTC,KXBTC15M-26OCT021230-30,btc-updown-15m-1790957700,A,2026-10-02T16:15:00+00:00,2026-10-02T16:30:00Z,0.79,0.79,1.21,2026-10-02T16:26:03.177501+00:00,down,down,1.0,0.21,2026-10-02T16:36:37.760254+00:00
ETH,KXETH15M-26OCT021245-45,eth-updown-15m-1790959500,B,2026-10-02T16:45:00+00:00,2026-10-02T16:45:00Z,0.391,1.59,0.391,2026-10-02T16:45:01.846955+00:00,down,down,1.0,0.609,2026-10-02T17:04:11.099641+00:00
BTC,KXBTC15M-26OCT021245-45,btc-updown-15m-1790959500,B,2026-10-02T16:45:00+00:00,2026-10-02T16:45:00Z,0.403,1.588,0.403,2026-10-02T16:45:01.846955+00:00,down,down,1.0,0.597,2026-10-02T17:07:27.839941+00:00
BTC,KXBTC15M-26OCT021300-00,btc-updown-15m-1790959500,B,2026-10-02T16:45:00+00:00,2026-10-02T17:00:00Z,0.74,1.26,0.74,2026-10-02T16:57:11.002246+00:00,down,down,1.0,0.26,2026-10-02T17:07:27.839941+00:00
BTC,KXBTC15M-26OCT021315-15,btc-updown-15m-1790960400,A,2026-10-02T17:00:00+00:00,2026-10-02T17:15:00Z,0.79,0.79,1.22,2026-10-02T17:06:31.037067+00:00,down,down,1.0,0.21,2026-10-02T17:18:45.881525+00:00
ETH,KXETH15M-26OCT021300-00,eth-updown-15m-1790960400,B,2026-10-02T17:00:00+00:00,2026-10-02T17:00:00Z,0.421,1.57,0.421,2026-10-02T17:00:01.918964+00:00,down,down,1.0,0.579,2026-10-02T17:19:42.767198+00:00
ETH,KXETH15M-26OCT021315-15,eth-updown-15m-1790960400,A,2026-10-02T17:00:00+00:00,2026-10-02T17:15:00Z,0.77,0.77,1.23,2026-10-02T17:06:54.535986+00:00,down,down,1.0,0.23,2026-10-02T17:19:42.767198+00:00
BTC,KXBTC15M-26OCT021330-30,btc-updown-15m-1790961300,A,2026-10-02T17:15:00+00:00,2026-10-02T17:30:00Z,0.79,0.79,1.21,2026-10-02T17:15:51.515786+00:00,down,down,1.0,0.21,2026-10-02T17:34:07.739913+00:00
ETH,KXETH15M-26OCT021330-30,eth-updown-15m-1790962200,B,2026-10-02T17:30:00+00:00,2026-10-02T17:30:00Z,0.424,1.568,0.424,2026-10-02T17:30:02.337390+00:00,down,down,1.0,0.576,2026-10-02T17:51:26.512335+00:00
ETH,KXETH15M-26OCT021345-45,eth-updown-15m-1790962200,B,2026-10-02T17:30:00+00:00,2026-10-02T17:45:00Z,0.79,1.21,0.79,2026-10-02T17:33:07.527440+00:00,down,down,1.0,0.21,2026-10-02T17:51:26.512335+00:00
ETH,KXETH15M-26OCT021400-00,eth-updown-15m-1790963100,A,2026-10-02T17:45:00+00:00,2026-10-02T18:00:00Z,0.78,0.78,1.22,2026-10-02T17:50:40.159162+00:00,up,up,1.0,0.22,2026-10-02T18:02:30.857757+00:00
ETH,KXETH15M-26OCT021415-15,eth-updown-15m-1790964000,B,2026-10-02T18:00:00+00:00,2026-10-02T18:15:00Z,0.71,1.29,0.71,2026-10-02T18:00:41.058661+00:00,up,up,1.0,0.29,2026-10-02T18:18:04.253817+00:00
BTC,KXBTC15M-26OCT021400-00,btc-updown-15m-1790964000,A,2026-10-02T18:00:00+00:00,2026-10-02T18:00:00Z,0.411,0.411,1.58,2026-10-02T18:00:02.516011+00:00,up,up,1.0,0.589,2026-10-02T18:19:22.962080+00:00
BTC,KXBTC15M-26OCT021415-15,btc-updown-15m-1790964900,A,2026-10-02T18:15:00+00:00,2026-10-02T18:15:00Z,0.501,0.501,1.49,2026-10-02T18:15:00.999985+00:00,up,down,0.0,-0.501,2026-10-02T18:33:17.585812+00:00
BTC,KXBTC15M-26OCT021430-30,btc-updown-15m-1790965800,B,2026-10-02T18:30:00+00:00,2026-10-02T18:30:00Z,0.401,1.58,0.401,2026-10-02T18:30:03.041601+00:00,down,down,1.0,0.599,2026-10-02T18:50:17.994775+00:00
ETH,KXETH15M-26OCT021430-30,eth-updown-15m-1790965800,B,2026-10-02T18:30:00+00:00,2026-10-02T18:30:00Z,0.341,1.65,0.341,2026-10-02T18:30:03.041601+00:00,down,down,1.0,0.659,2026-10-02T18:50:17.994775+00:00
ETH,KXETH15M-26OCT021445-45,eth-updown-15m-1790965800,A,2026-10-02T18:30:00+00:00,2026-10-02T18:45:00Z,0.74,0.74,1.26,2026-10-02T18:37:27.324337+00:00,down,down,1.0,0.26,2026-10-02T18:50:17.994775+00:00
BTC,KXBTC15M-26OCT021445-45,btc-updown-15m-1790966700,B,2026-10-02T18:45:00+00:00,2026-10-02T18:45:00Z,0.381,1.61,0.381,2026-10-02T18:45:00.249750+00:00,down,up,0.0,-0.381,2026-10-02T19:04:20.935723+00:00
BTC,KXBTC15M-26OCT021500-00,btc-updown-15m-1790966700,A,2026-10-02T18:45:00+00:00,2026-10-02T19:00:00Z,0.79,0.79,1.21,2026-10-02T18:47:27.110346+00:00,up,up,1.0,0.21,2026-10-02T19:04:20.935723+00:00
ETH,KXETH15M-26OCT021500-00,eth-updown-15m-1790966700,A,2026-10-02T18:45:00+00:00,2026-10-02T19:00:00Z,0.79,0.79,1.21,2026-10-02T18:47:33.222208+00:00,up,up,1.0,0.21,2026-10-02T19:05:02.690393+00:00
ETH,KXETH15M-26OCT021515-15,eth-updown-15m-1790967600,A,2026-10-02T19:00:00+00:00,2026-10-02T19:15:00Z,0.68,0.68,1.32,2026-10-02T19:12:07.178301+00:00,down,down,1.0,0.32,2026-10-02T19:20:40.274217+00:00
BTC,KXBTC15M-26OCT021515-15,btc-updown-15m-1790968500,B,2026-10-02T19:15:00+00:00,2026-10-02T19:15:00Z,0.471,1.52,0.471,2026-10-02T19:15:03.723948+00:00,down,up,0.0,-0.471,2026-10-02T19:34:49.882434+00:00
BTC,KXBTC15M-26OCT021530-30,btc-updown-15m-1790968500,B,2026-10-02T19:15:00+00:00,2026-10-02T19:30:00Z,0.74,1.26,0.74,2026-10-02T19:24:48.218611+00:00,up,up,1.0,0.26,2026-10-02T19:34:49.882434+00:00
ETH,KXETH15M-26OCT021530-30,eth-updown-15m-1790968500,B,2026-10-02T19:15:00+00:00,2026-10-02T19:30:00Z,0.76,1.21,0.76,2026-10-02T19:24:08.519484+00:00,up,up,1.0,0.24,2026-10-02T19:35:31.599199+00:00
BTC,KXBTC15M-26OCT021545-45,btc-updown-15m-1790969400,A,2026-10-02T19:30:00+00:00,2026-10-02T19:45:00Z,0.662,0.662,1.329,2026-10-02T19:42:53.044726+00:00,up,up,1.0,0.338,2026-10-02T19:49:17.800530+00:00
ETH,KXETH15M-26OCT021545-45,eth-updown-15m-1790969400,A,2026-10-02T19:30:00+00:00,2026-10-02T19:45:00Z,0.75,0.75,1.25,2026-10-02T19:42:41.752628+00:00,down,down,1.0,0.25,2026-10-02T19:51:03.441521+00:00
ETH,KXETH15M-26OCT021600-00,eth-updown-15m-1790970300,B,2026-10-02T19:45:00+00:00,2026-10-02T20:00:00Z,0.79,1.19,0.79,2026-10-02T19:54:59.787748+00:00,up,up,1.0,0.21,2026-10-02T20:04:57.714867+00:00
BTC,KXBTC15M-26OCT021600-00,btc-updown-15m-1790970300,B,2026-10-02T19:45:00+00:00,2026-10-02T20:00:00Z,0.78,1.22,0.78,2026-10-02T19:55:11.002845+00:00,up,up,1.0,0.22,2026-10-02T20:05:45.614035+00:00
ETH,KXETH15M-26OCT021615-15,eth-updown-15m-1790971200,B,2026-10-02T20:00:00+00:00,2026-10-02T20:15:00Z,0.79,1.21,0.79,2026-10-02T20:11:37.366755+00:00,up,up,1.0,0.21,2026-10-02T20:18:55.546347+00:00
ETH,KXETH15M-26OCT021630-30,eth-updown-15m-1790972100,B,2026-10-02T20:15:00+00:00,2026-10-02T20:30:00Z,0.75,1.24,0.75,2026-10-02T20:24:59.289953+00:00,down,down,1.0,0.25,2026-10-02T20:33:00.527212+00:00
BTC,KXBTC15M-26OCT021615-15,btc-updown-15m-1790972100,A,2026-10-02T20:15:00+00:00,2026-10-02T20:15:00Z,0.501,0.501,1.49,2026-10-02T20:15:02.272028+00:00,up,down,0.0,-0.501,2026-10-02T20:34:18.443473+00:00
BTC,KXBTC15M-26OCT021630-30,btc-updown-15m-1790972100,B,2026-10-02T20:15:00+00:00,2026-10-02T20:30:00Z,0.79,1.21,0.79,2026-10-02T20:23:29.233796+00:00,down,down,1.0,0.21,2026-10-02T20:34:18.443473+00:00
ETH,KXETH15M-26OCT021645-45,eth-updown-15m-1790973900,B,2026-10-02T20:45:00+00:00,2026-10-02T20:45:00Z,0.471,1.52,0.471,2026-10-02T20:45:01.060605+00:00,down,down,1.0,0.529,2026-10-02T21:05:51.400986+00:00
ETH,KXETH15M-26OCT021700-00,eth-updown-15m-1790973900,B,2026-10-02T20:45:00+00:00,2026-10-02T21:00:00Z,0.77,1.24,0.77,2026-10-02T20:50:54.757616+00:00,down,down,1.0,0.23,2026-10-02T21:05:51.400986+00:00
BTC,KXBTC15M-26OCT021645-45,btc-updown-15m-1790973900,B,2026-10-02T20:45:00+00:00,2026-10-02T20:45:00Z,0.471,1.52,0.471,2026-10-02T20:45:01.060605+00:00,down,up,0.0,-0.471,2026-10-02T21:06:23.805209+00:00
BTC,KXBTC15M-26OCT021700-00,btc-updown-15m-1790973900,B,2026-10-02T20:45:00+00:00,2026-10-02T21:00:00Z,0.79,1.21,0.79,2026-10-02T20:46:52.425207+00:00,up,up,1.0,0.21,2026-10-02T21:06:23.805209+00:00
ETH,KXETH15M-26OCT021715-15,eth-updown-15m-1790974800,B,2026-10-02T21:00:00+00:00,2026-10-02T21:15:00Z,0.78,1.22,0.78,2026-10-02T21:01:00.239015+00:00,up,up,1.0,0.22,2026-10-02T21:18:23.587240+00:00
BTC,KXBTC15M-26OCT021715-15,btc-updown-15m-1790975700,A,2026-10-02T21:15:00+00:00,2026-10-02T21:15:00Z,0.501,0.501,1.49,2026-10-02T21:15:00.598514+00:00,up,down,0.0,-0.501,2026-10-02T21:34:47.499773+00:00
BTC,KXBTC15M-26OCT021730-30,btc-updown-15m-1790976600,B,2026-10-02T21:30:00+00:00,2026-10-02T21:30:00Z,0.492,1.499,0.492,2026-10-02T21:30:00.327211+00:00,down,up,0.0,-0.492,2026-10-02T21:47:10.134593+00:00
ETH,KXETH15M-26OCT021745-45,eth-updown-15m-1790976600,B,2026-10-02T21:30:00+00:00,2026-10-02T21:45:00Z,0.79,1.22,0.79,2026-10-02T21:33:55.900144+00:00,up,up,1.0,0.21,2026-10-02T21:52:22.071799+00:00
BTC,KXBTC15M-26OCT021745-45,btc-updown-15m-1790977500,A,2026-10-02T21:45:00+00:00,2026-10-02T21:45:00Z,0.482,0.482,1.5,2026-10-02T21:45:01.410402+00:00,up,up,1.0,0.518,2026-10-02T22:04:58.068020+00:00
BTC,KXBTC15M-26OCT021800-00,btc-updown-15m-1790977500,B,2026-10-02T21:45:00+00:00,2026-10-02T22:00:00Z,0.79,1.21,0.79,2026-10-02T21:57:58.542704+00:00,up,up,1.0,0.21,2026-10-02T22:04:58.068020+00:00
BTC,KXBTC15M-26OCT021815-15,btc-updown-15m-1790978400,B,2026-10-02T22:00:00+00:00,2026-10-02T22:15:00Z,0.64,1.38,0.64,2026-10-02T22:13:24.046158+00:00,up,up,1.0,0.36,2026-10-02T22:18:36.724904+00:00
ETH,KXETH15M-26OCT021800-00,eth-updown-15m-1790978400,A,2026-10-02T22:00:00+00:00,2026-10-02T22:00:00Z,0.561,0.561,1.41,2026-10-02T22:00:01.415620+00:00,up,down,0.0,-0.561,2026-10-02T22:21:00.822610+00:00
ETH,KXETH15M-26OCT021815-15,eth-updown-15m-1790978400,A,2026-10-02T22:00:00+00:00,2026-10-02T22:15:00Z,0.79,0.79,1.22,2026-10-02T22:04:45.816217+00:00,down,down,1.0,0.21,2026-10-02T22:21:00.822610+00:00
BTC,KXBTC15M-26OCT021830-30,btc-updown-15m-1790979300,A,2026-10-02T22:15:00+00:00,2026-10-02T22:30:00Z,0.79,0.79,1.21,2026-10-02T22:25:36.048197+00:00,down,down,1.0,0.21,2026-10-02T22:32:44.898816+00:00
ETH,KXETH15M-26OCT021830-30,eth-updown-15m-1790979300,A,2026-10-02T22:15:00+00:00,2026-10-02T22:30:00Z,0.77,0.77,1.23,2026-10-02T22:20:44.270116+00:00,up,up,1.0,0.23,2026-10-02T22:34:19.592185+00:00
BTC,KXBTC15M-26OCT021845-45,btc-updown-15m-1790980200,A,2026-10-02T22:30:00+00:00,2026-10-02T22:45:00Z,0.69,0.69,1.23,2026-10-02T22:39:47.642499+00:00,down,down,1.0,0.31,2026-10-02T22:49:49.003960+00:00
ETH,KXETH15M-26OCT021845-45,eth-updown-15m-1790981100,A,2026-10-02T22:45:00+00:00,2026-10-02T22:45:00Z,0.571,0.571,1.42,2026-10-02T22:45:05.533352+00:00,up,up,1.0,0.429,2026-10-02T23:05:42.673556+00:00
BTC,KXBTC15M-26OCT021900-00,btc-updown-15m-1790982000,A,2026-10-02T23:00:00+00:00,2026-10-02T23:00:00Z,0.481,0.481,1.51,2026-10-02T23:00:04.932928+00:00,up,down,0.0,-0.481,2026-10-02T23:18:56.005603+00:00
ETH,KXETH15M-26OCT021900-00,eth-updown-15m-1790982000,A,2026-10-02T23:00:00+00:00,2026-10-02T23:00:00Z,0.471,0.471,1.52,2026-10-02T23:00:04.932928+00:00,up,down,0.0,-0.471,2026-10-02T23:19:18.364534+00:00
BTC,KXBTC15M-26OCT021915-15,btc-updown-15m-1790982900,B,2026-10-02T23:15:00+00:00,2026-10-02T23:15:00Z,0.471,1.51,0.471,2026-10-02T23:15:00.105729+00:00,down,up,0.0,-0.471,2026-10-02T23:33:05.666007+00:00
ETH,KXETH15M-26OCT021915-15,eth-updown-15m-1790982900,B,2026-10-02T23:15:00+00:00,2026-10-02T23:15:00Z,0.481,1.47,0.481,2026-10-02T23:15:00.105729+00:00,down,up,0.0,-0.481,2026-10-02T23:35:15.308504+00:00
BTC,KXBTC15M-26OCT021945-45,btc-updown-15m-1790983800,B,2026-10-02T23:30:00+00:00,2026-10-02T23:45:00Z,0.798,1.234,0.798,2026-10-02T23:43:21.903704+00:00,down,up,0.0,-0.798,2026-10-02T23:48:49.074439+00:00
BTC,KXBTC15M-26OCT022000-00,btc-updown-15m-1790984700,A,2026-10-02T23:45:00+00:00,2026-10-03T00:00:00Z,0.79,0.79,1.21,2026-10-02T23:54:10.194551+00:00,down,down,1.0,0.21,2026-10-03T00:03:24.908124+00:00
ETH,KXETH15M-26OCT021945-45,eth-updown-15m-1790984700,A,2026-10-02T23:45:00+00:00,2026-10-02T23:45:00Z,0.471,0.471,1.52,2026-10-02T23:45:02.557353+00:00,up,down,0.0,-0.471,2026-10-03T00:03:30.703467+00:00
ETH,KXETH15M-26OCT022000-00,eth-updown-15m-1790984700,A,2026-10-02T23:45:00+00:00,2026-10-03T00:00:00Z,0.71,0.71,1.29,2026-10-02T23:51:10.313977+00:00,down,down,1.0,0.29,2026-10-03T00:03:30.703467+00:00
ETH,KXETH15M-26OCT022015-15,eth-updown-15m-1790985600,B,2026-10-03T00:00:00+00:00,2026-10-03T00:15:00Z,0.67,1.321,0.67,2026-10-03T00:10:57.466415+00:00,down,down,1.0,0.33,2026-10-03T00:17:17.593116+00:00
BTC,KXBTC15M-26OCT022015-15,btc-updown-15m-1790985600,B,2026-10-03T00:00:00+00:00,2026-10-03T00:15:00Z,0.703,1.288,0.703,2026-10-03T00:10:57.466415+00:00,down,down,1.0,0.297,2026-10-03T00:19:41.621228+00:00
BTC,KXBTC15M-26OCT022030-30,btc-updown-15m-1790987400,A,2026-10-03T00:30:00+00:00,2026-10-03T00:30:00Z,0.491,0.491,1.5,2026-10-03T00:30:00.446796+00:00,up,up,1.0,0.509,2026-10-03T00:47:40.516270+00:00
BTC,KXBTC15M-26OCT022045-45,btc-updown-15m-1790987400,A,2026-10-03T00:30:00+00:00,2026-10-03T00:45:00Z,0.757,0.757,1.234,2026-10-03T00:38:23.703828+00:00,up,up,1.0,0.243,2026-10-03T00:47:40.516270+00:00
ETH,KXETH15M-26OCT022030-30,eth-updown-15m-1790987400,A,2026-10-03T00:30:00+00:00,2026-10-03T00:30:00Z,0.461,0.461,1.53,2026-10-03T00:30:00.446796+00:00,up,up,1.0,0.539,2026-10-03T00:49:14.982164+00:00
ETH,KXETH15M-26OCT022045-45,eth-updown-15m-1790987400,A,2026-10-03T00:30:00+00:00,2026-10-03T00:45:00Z,0.79,0.79,1.235,2026-10-03T00:38:17.609741+00:00,up,up,1.0,0.21,2026-10-03T00:49:14.982164+00:00
ETH,KXETH15M-26OCT022100-00,eth-updown-15m-1790989200,A,2026-10-03T01:00:00+00:00,2026-10-03T01:00:00Z,0.501,0.501,1.45,2026-10-03T01:00:01.128351+00:00,up,up,1.0,0.499,2026-10-03T01:19:41.175297+00:00
ETH,KXETH15M-26OCT022115-15,eth-updown-15m-1790989200,B,2026-10-03T01:00:00+00:00,2026-10-03T01:15:00Z,0.53,1.47,0.53,2026-10-03T01:04:17.007923+00:00,up,up,1.0,0.47,2026-10-03T01:19:41.175297+00:00
BTC,KXBTC15M-26OCT022100-00,btc-updown-15m-1790989200,A,2026-10-03T01:00:00+00:00,2026-10-03T01:00:00Z,0.511,0.511,1.48,2026-10-03T01:00:01.128351+00:00,up,down,0.0,-0.511,2026-10-03T01:20:18.714161+00:00
BTC,KXBTC15M-26OCT022115-15,btc-updown-15m-1790989200,B,2026-10-03T01:00:00+00:00,2026-10-03T01:15:00Z,0.69,1.31,0.69,2026-10-03T01:04:17.007923+00:00,down,down,1.0,0.31,2026-10-03T01:20:18.714161+00:00
BTC,KXBTC15M-26OCT022130-30,btc-updown-15m-1790990100,A,2026-10-03T01:15:00+00:00,2026-10-03T01:30:00Z,0.59,0.59,1.41,2026-10-03T01:18:01.174814+00:00,down,down,1.0,0.41,2026-10-03T01:32:40.997458+00:00
ETH,KXETH15M-26OCT022130-30,eth-updown-15m-1790990100,A,2026-10-03T01:15:00+00:00,2026-10-03T01:30:00Z,0.62,0.62,1.38,2026-10-03T01:18:01.174814+00:00,down,down,1.0,0.38,2026-10-03T01:33:10.874572+00:00
BTC,KXBTC15M-26OCT022145-45,btc-updown-15m-1790991000,A,2026-10-03T01:30:00+00:00,2026-10-03T01:45:00Z,0.75,0.75,1.24,2026-10-03T01:43:45.109507+00:00,up,up,1.0,0.25,2026-10-03T01:51:37.274946+00:00
ETH,KXETH15M-26OCT022145-45,eth-updown-15m-1790991900,A,2026-10-03T01:45:00+00:00,2026-10-03T01:45:00Z,0.481,0.481,1.53,2026-10-03T01:45:00.276514+00:00,up,down,0.0,-0.481,2026-10-03T02:04:28.561657+00:00
BTC,KXBTC15M-26OCT022200-00,btc-updown-15m-1790991900,B,2026-10-03T01:45:00+00:00,2026-10-03T02:00:00Z,0.47,1.52,0.47,2026-10-03T01:58:30.759464+00:00,up,up,1.0,0.53,2026-10-03T02:06:47.223867+00:00
ETH,KXETH15M-26OCT022200-00,eth-updown-15m-1790992800,B,2026-10-03T02:00:00+00:00,2026-10-03T02:00:00Z,0.511,1.48,0.511,2026-10-03T02:00:00.595896+00:00,down,down,1.0,0.489,2026-10-03T02:17:10.607322+00:00
ETH,KXETH15M-26OCT022215-15,eth-updown-15m-1790993700,B,2026-10-03T02:15:00+00:00,2026-10-03T02:15:00Z,0.421,1.57,0.421,2026-10-03T02:15:02.637795+00:00,down,up,0.0,-0.421,2026-10-03T02:33:31.010813+00:00
ETH,KXETH15M-26OCT022230-30,eth-updown-15m-1790993700,B,2026-10-03T02:15:00+00:00,2026-10-03T02:30:00Z,0.76,1.24,0.76,2026-10-03T02:17:10.111111+00:00,up,up,1.0,0.24,2026-10-03T02:33:31.010813+00:00
BTC,KXBTC15M-26OCT022215-15,btc-updown-15m-1790993700,B,2026-10-03T02:15:00+00:00,2026-10-03T02:15:00Z,0.461,1.53,0.461,2026-10-03T02:15:02.637795+00:00,down,up,0.0,-0.461,2026-10-03T02:34:54.457033+00:00
ETH,KXETH15M-26OCT022245-45,eth-updown-15m-1790994600,B,2026-10-03T02:30:00+00:00,2026-10-03T02:45:00Z,0.77,1.23,0.77,2026-10-03T02:39:35.993520+00:00,up,up,1.0,0.23,2026-10-03T02:52:09.180544+00:00
BTC,KXBTC15M-26OCT022230-30,btc-updown-15m-1790994600,A,2026-10-03T02:30:00+00:00,2026-10-03T02:30:00Z,0.411,0.411,1.59,2026-10-03T02:30:04.789368+00:00,up,up,1.0,0.589,2026-10-03T02:52:26.269842+00:00
ETH,KXETH15M-26OCT022300-00,eth-updown-15m-1790995500,A,2026-10-03T02:45:00+00:00,2026-10-03T03:00:00Z,0.76,0.76,1.25,2026-10-03T02:51:22.315791+00:00,down,down,1.0,0.24,2026-10-03T03:05:23.371756+00:00
BTC,KXBTC15M-26OCT022245-45,btc-updown-15m-1790995500,A,2026-10-03T02:45:00+00:00,2026-10-03T02:45:00Z,0.499,0.499,1.483,2026-10-03T02:45:00.838463+00:00,up,down,0.0,-0.499,2026-10-03T03:07:13.253036+00:00
BTC,KXBTC15M-26OCT022300-00,btc-updown-15m-1790996400,B,2026-10-03T03:00:00+00:00,2026-10-03T03:00:00Z,0.461,1.53,0.461,2026-10-03T03:00:19.457604+00:00,down,down,1.0,0.539,2026-10-03T03:18:11.607842+00:00
ETH,KXETH15M-26OCT022315-15,eth-updown-15m-1790996400,A,2026-10-03T03:00:00+00:00,2026-10-03T03:15:00Z,0.79,0.79,1.22,2026-10-03T03:05:06.023712+00:00,down,down,1.0,0.21,2026-10-03T03:19:30.285602+00:00
BTC,KXBTC15M-26OCT022315-15,btc-updown-15m-1790997300,B,2026-10-03T03:15:00+00:00,2026-10-03T03:15:00Z,0.481,1.51,0.481,2026-10-03T03:15:00.959471+00:00,down,up,0.0,-0.481,2026-10-03T03:33:12.742086+00:00
BTC,KXBTC15M-26OCT022330-30,btc-updown-15m-1790997300,B,2026-10-03T03:15:00+00:00,2026-10-03T03:30:00Z,0.68,1.32,0.68,2026-10-03T03:16:04.305385+00:00,up,up,1.0,0.32,2026-10-03T03:33:12.742086+00:00
ETH,KXETH15M-26OCT022330-30,eth-updown-15m-1790997300,B,2026-10-03T03:15:00+00:00,2026-10-03T03:30:00Z,0.79,1.21,0.79,2026-10-03T03:15:58.364476+00:00,up,up,1.0,0.21,2026-10-03T03:35:34.381868+00:00
ETH,KXETH15M-26OCT022345-45,eth-updown-15m-1790998200,A,2026-10-03T03:30:00+00:00,2026-10-03T03:45:00Z,0.77,0.77,1.23,2026-10-03T03:31:32.169897+00:00,down,up,2.0,1.23,2026-10-03T03:51:23.585426+00:00
BTC,KXBTC15M-26OCT022345-45,btc-updown-15m-1790999100,A,2026-10-03T03:45:00+00:00,2026-10-03T03:45:00Z,0.561,0.561,1.43,2026-10-03T03:45:01.917707+00:00,up,up,1.0,0.439,2026-10-03T04:03:38.231475+00:00
BTC,KXBTC15M-26OCT030000-00,btc-updown-15m-1790999100,A,2026-10-03T03:45:00+00:00,2026-10-03T04:00:00Z,0.79,0.79,1.21,2026-10-03T03:48:49.719321+00:00,up,up,1.0,0.21,2026-10-03T04:03:38.231475+00:00
ETH,KXETH15M-26OCT030000-00,eth-updown-15m-1791000000,A,2026-10-03T04:00:00+00:00,2026-10-03T04:00:00Z,0.501,0.501,1.49,2026-10-03T04:00:00.958050+00:00,up,down,0.0,-0.501,2026-10-03T04:17:24.877028+00:00
ETH,KXETH15M-26OCT030015-15,eth-updown-15m-1791000000,B,2026-10-03T04:00:00+00:00,2026-10-03T04:15:00Z,0.75,1.25,0.75,2026-10-03T04:02:53.144299+00:00,down,down,1.0,0.25,2026-10-03T04:17:24.877028+00:00
BTC,KXBTC15M-26OCT030015-15,btc-updown-15m-1791000900,B,2026-10-03T04:15:00+00:00,2026-10-03T04:15:00Z,0.511,1.48,0.511,2026-10-03T04:15:03.838834+00:00,down,down,1.0,0.489,2026-10-03T04:32:27.021006+00:00
BTC,KXBTC15M-26OCT030030-30,btc-updown-15m-1791000900,A,2026-10-03T04:15:00+00:00,2026-10-03T04:30:00Z,0.78,0.78,1.22,2026-10-03T04:16:20.426841+00:00,down,down,1.0,0.22,2026-10-03T04:32:27.021006+00:00
ETH,KXETH15M-26OCT030030-30,eth-updown-15m-1791001800,B,2026-10-03T04:30:00+00:00,2026-10-03T04:30:00Z,0.461,1.53,0.461,2026-10-03T04:30:03.411514+00:00,down,down,1.0,0.539,2026-10-03T04:49:57.261396+00:00
ETH,KXETH15M-26OCT030045-45,eth-updown-15m-1791001800,B,2026-10-03T04:30:00+00:00,2026-10-03T04:45:00Z,0.785,1.212,0.785,2026-10-03T04:43:10.174063+00:00,down,down,1.0,0.215,2026-10-03T04:49:57.261396+00:00
BTC,KXBTC15M-26OCT030045-45,btc-updown-15m-1791001800,A,2026-10-03T04:30:00+00:00,2026-10-03T04:45:00Z,0.69,0.69,1.31,2026-10-03T04:42:21.433247+00:00,up,up,1.0,0.31,2026-10-03T04:52:15.076866+00:00
ETH,KXETH15M-26OCT030100-00,eth-updown-15m-1791003600,A,2026-10-03T05:00:00+00:00,2026-10-03T05:00:00Z,0.491,0.491,1.49,2026-10-03T05:00:01.849232+00:00,up,down,0.0,-0.491,2026-10-03T05:18:15.543995+00:00
ETH,KXETH15M-26OCT030115-15,eth-updown-15m-1791003600,B,2026-10-03T05:00:00+00:00,2026-10-03T05:15:00Z,0.71,1.18,0.71,2026-10-03T05:10:02.575961+00:00,down,down,1.0,0.29,2026-10-03T05:18:15.543995+00:00
BTC,KXBTC15M-26OCT030100-00,btc-updown-15m-1791003600,A,2026-10-03T05:00:00+00:00,2026-10-03T05:00:00Z,0.491,0.491,1.5,2026-10-03T05:00:01.849232+00:00,up,down,0.0,-0.491,2026-10-03T05:20:19.608774+00:00
BTC,KXBTC15M-26OCT030115-15,btc-updown-15m-1791003600,A,2026-10-03T05:00:00+00:00,2026-10-03T05:15:00Z,0.7,0.7,1.3,2026-10-03T05:10:36.898238+00:00,down,down,1.0,0.3,2026-10-03T05:20:19.608774+00:00
ETH,KXETH15M-26OCT030130-30,eth-updown-15m-1791005400,A,2026-10-03T05:30:00+00:00,2026-10-03T05:30:00Z,0.551,0.551,1.44,2026-10-03T05:30:03.081111+00:00,up,up,1.0,0.449,2026-10-03T05:48:15.232357+00:00
ETH,KXETH15M-26OCT030145-45,eth-updown-15m-1791005400,A,2026-10-03T05:30:00+00:00,2026-10-03T05:45:00Z,0.73,0.73,1.27,2026-10-03T05:36:03.243406+00:00,up,up,1.0,0.27,2026-10-03T05:48:15.232357+00:00
BTC,KXBTC15M-26OCT030130-30,btc-updown-15m-1791005400,A,2026-10-03T05:30:00+00:00,2026-10-03T05:30:00Z,0.561,0.561,1.43,2026-10-03T05:30:03.081111+00:00,up,up,1.0,0.439,2026-10-03T05:51:04.769406+00:00
BTC,KXBTC15M-26OCT030145-45,btc-updown-15m-1791006300,A,2026-10-03T05:45:00+00:00,2026-10-03T05:45:00Z,0.471,0.471,1.52,2026-10-03T05:45:02.404587+00:00,up,up,1.0,0.529,2026-10-03T06:06:14.087145+00:00
BTC,KXBTC15M-26OCT030200-00,btc-updown-15m-1791006300,A,2026-10-03T05:45:00+00:00,2026-10-03T06:00:00Z,0.79,0.79,1.21,2026-10-03T05:50:48.950753+00:00,down,up,2.0,1.21,2026-10-03T06:06:14.087145+00:00
ETH,KXETH15M-26OCT030200-00,eth-updown-15m-1791006300,A,2026-10-03T05:45:00+00:00,2026-10-03T06:00:00Z,0.78,0.78,1.23,2026-10-03T05:50:43.239059+00:00,up,up,1.0,0.22,2026-10-03T06:06:19.787452+00:00
BTC,KXBTC15M-26OCT030215-15,btc-updown-15m-1791007200,B,2026-10-03T06:00:00+00:00,2026-10-03T06:15:00Z,0.76,1.24,0.76,2026-10-03T06:06:13.360987+00:00,down,down,1.0,0.24,2026-10-03T06:20:30.823242+00:00
ETH,KXETH15M-26OCT030215-15,eth-updown-15m-1791007200,B,2026-10-03T06:00:00+00:00,2026-10-03T06:15:00Z,0.76,1.19,0.76,2026-10-03T06:09:19.175251+00:00,down,down,1.0,0.24,2026-10-03T06:21:59.953778+00:00
BTC,KXBTC15M-26OCT030230-30,btc-updown-15m-1791009000,A,2026-10-03T06:30:00+00:00,2026-10-03T06:30:00Z,0.481,0.481,1.51,2026-10-03T06:30:17.477546+00:00,up,up,1.0,0.519,2026-10-03T06:50:03.160868+00:00
BTC,KXBTC15M-26OCT030245-45,btc-updown-15m-1791009000,A,2026-10-03T06:30:00+00:00,2026-10-03T06:45:00Z,0.71,0.71,1.29,2026-10-03T06:36:05.190813+00:00,up,up,1.0,0.29,2026-10-03T06:50:03.160868+00:00
ETH,KXETH15M-26OCT030245-45,eth-updown-15m-1791009000,A,2026-10-03T06:30:00+00:00,2026-10-03T06:45:00Z,0.71,0.71,1.27,2026-10-03T06:36:05.190813+00:00,up,up,1.0,0.29,2026-10-03T06:51:31.648780+00:00
ETH,KXETH15M-26OCT030300-00,eth-updown-15m-1791009900,B,2026-10-03T06:45:00+00:00,2026-10-03T07:00:00Z,0.71,1.27,0.71,2026-10-03T06:52:25.933874+00:00,up,up,1.0,0.29,2026-10-03T07:06:29.285531+00:00
ETH,KXETH15M-26OCT030315-15,eth-updown-15m-1791010800,B,2026-10-03T07:00:00+00:00,2026-10-03T07:15:00Z,0.77,1.23,0.77,2026-10-03T07:12:38.442477+00:00,up,up,1.0,0.23,2026-10-03T07:20:01.925565+00:00
BTC,KXBTC15M-26OCT030300-00,btc-updown-15m-1791010800,B,2026-10-03T07:00:00+00:00,2026-10-03T07:00:00Z,0.431,1.56,0.431,2026-10-03T07:00:04.225341+00:00,down,up,0.0,-0.431,2026-10-03T07:20:46.321235+00:00
ETH,KXETH15M-26OCT030330-30,eth-updown-15m-1791011700,B,2026-10-03T07:15:00+00:00,2026-10-03T07:30:00Z,0.74,1.25,0.74,2026-10-03T07:27:54.058888+00:00,down,down,1.0,0.26,2026-10-03T07:33:17.803924+00:00
BTC,KXBTC15M-26OCT030315-15,btc-updown-15m-1791011700,A,2026-10-03T07:15:00+00:00,2026-10-03T07:15:00Z,0.311,0.311,1.68,2026-10-03T07:15:01.742687+00:00,up,up,1.0,0.689,2026-10-03T07:33:40.122216+00:00
BTC,KXBTC15M-26OCT030330-30,btc-updown-15m-1791011700,B,2026-10-03T07:15:00+00:00,2026-10-03T07:30:00Z,0.7,1.3,0.7,2026-10-03T07:27:54.058888+00:00,up,up,1.0,0.3,2026-10-03T07:33:40.122216+00:00
ETH,KXETH15M-26OCT030345-45,eth-updown-15m-1791012600,A,2026-10-03T07:30:00+00:00,2026-10-03T07:45:00Z,0.691,0.691,1.3,2026-10-03T07:42:10.181553+00:00,up,up,1.0,0.309,2026-10-03T07:49:04.288853+00:00
BTC,KXBTC15M-26OCT030345-45,btc-updown-15m-1791012600,A,2026-10-03T07:30:00+00:00,2026-10-03T07:45:00Z,0.69,0.69,1.31,2026-10-03T07:41:05.625590+00:00,down,down,1.0,0.31,2026-10-03T07:52:14.297349+00:00
BTC,KXBTC15M-26OCT030400-00,btc-updown-15m-1791013500,B,2026-10-03T07:45:00+00:00,2026-10-03T08:00:00Z,0.79,1.21,0.79,2026-10-03T07:46:27.912701+00:00,up,up,1.0,0.21,2026-10-03T08:02:36.548505+00:00
ETH,KXETH15M-26OCT030400-00,eth-updown-15m-1791013500,B,2026-10-03T07:45:00+00:00,2026-10-03T08:00:00Z,0.79,1.21,0.79,2026-10-03T07:46:33.657484+00:00,up,up,1.0,0.21,2026-10-03T08:05:04.950416+00:00
BTC,KXBTC15M-26OCT030415-15,btc-updown-15m-1791014400,B,2026-10-03T08:00:00+00:00,2026-10-03T08:15:00Z,0.78,1.22,0.78,2026-10-03T08:00:43.958509+00:00,up,up,1.0,0.22,2026-10-03T08:18:12.898163+00:00
ETH,KXETH15M-26OCT030415-15,eth-updown-15m-1791014400,B,2026-10-03T08:00:00+00:00,2026-10-03T08:15:00Z,0.77,1.24,0.77,2026-10-03T08:08:49.739707+00:00,up,up,1.0,0.23,2026-10-03T08:20:08.152384+00:00
ETH,KXETH15M-26OCT030430-30,eth-updown-15m-1791016200,B,2026-10-03T08:30:00+00:00,2026-10-03T08:30:00Z,0.531,1.46,0.531,2026-10-03T08:30:03.216933+00:00,down,up,0.0,-0.531,2026-10-03T08:50:20.005709+00:00
BTC,KXBTC15M-26OCT030430-30,btc-updown-15m-1791016200,B,2026-10-03T08:30:00+00:00,2026-10-03T08:30:00Z,0.632,1.359,0.632,2026-10-03T08:30:03.216933+00:00,down,up,0.0,-0.632,2026-10-03T08:50:37.380826+00:00
ETH,KXETH15M-26OCT030445-45,eth-updown-15m-1791017100,A,2026-10-03T08:45:00+00:00,2026-10-03T08:45:00Z,0.531,0.531,1.46,2026-10-03T08:45:04.839940+00:00,up,up,1.0,0.469,2026-10-03T09:04:18.327315+00:00
ETH,KXETH15M-26OCT030500-00,eth-updown-15m-1791017100,B,2026-10-03T08:45:00+00:00,2026-10-03T09:00:00Z,0.76,1.15,0.76,2026-10-03T08:50:53.919463+00:00,up,up,1.0,0.24,2026-10-03T09:04:18.327315+00:00
BTC,KXBTC15M-26OCT030445-45,btc-updown-15m-1791017100,A,2026-10-03T08:45:00+00:00,2026-10-03T08:45:00Z,0.601,0.601,1.39,2026-10-03T08:45:04.839940+00:00,up,down,0.0,-0.601,2026-10-03T09:04:24.519569+00:00
BTC,KXBTC15M-26OCT030500-00,btc-updown-15m-1791017100,A,2026-10-03T08:45:00+00:00,2026-10-03T09:00:00Z,0.77,0.77,1.25,2026-10-03T08:48:03.484465+00:00,down,down,1.0,0.23,2026-10-03T09:04:24.519569+00:00
ETH,KXETH15M-26OCT030515-15,eth-updown-15m-1791018900,A,2026-10-03T09:15:00+00:00,2026-10-03T09:15:00Z,0.451,0.451,1.54,2026-10-03T09:15:05.404429+00:00,up,down,0.0,-0.451,2026-10-03T09:33:12.071448+00:00
ETH,KXETH15M-26OCT030530-30,eth-updown-15m-1791018900,A,2026-10-03T09:15:00+00:00,2026-10-03T09:30:00Z,0.59,0.59,1.41,2026-10-03T09:19:51.944065+00:00,down,down,1.0,0.41,2026-10-03T09:33:12.071448+00:00
BTC,KXBTC15M-26OCT030530-30,btc-updown-15m-1791018900,A,2026-10-03T09:15:00+00:00,2026-10-03T09:30:00Z,0.78,0.78,1.22,2026-10-03T09:19:51.944065+00:00,down,down,1.0,0.22,2026-10-03T09:34:45.099053+00:00
BTC,KXBTC15M-26OCT030600-00,btc-updown-15m-1791020700,A,2026-10-03T09:45:00+00:00,2026-10-03T10:00:00Z,0.68,0.68,1.32,2026-10-03T09:57:59.056518+00:00,up,up,1.0,0.32,2026-10-03T10:03:42.044494+00:00
ETH,KXETH15M-26OCT030545-45,eth-updown-15m-1791020700,B,2026-10-03T09:45:00+00:00,2026-10-03T09:45:00Z,0.501,1.49,0.501,2026-10-03T09:45:05.256009+00:00,down,down,1.0,0.499,2026-10-03T10:04:15.948051+00:00
BTC,KXBTC15M-26OCT030615-15,btc-updown-15m-1791021600,A,2026-10-03T10:00:00+00:00,2026-10-03T10:15:00Z,0.71,0.71,1.29,2026-10-03T10:08:04.705789+00:00,down,down,1.0,0.29,2026-10-03T10:17:14.200307+00:00
ETH,KXETH15M-26OCT030600-00,eth-updown-15m-1791021600,B,2026-10-03T10:00:00+00:00,2026-10-03T10:00:00Z,0.531,1.46,0.531,2026-10-03T10:00:17.503694+00:00,down,up,0.0,-0.531,2026-10-03T10:21:18.094277+00:00
ETH,KXETH15M-26OCT030615-15,eth-updown-15m-1791021600,B,2026-10-03T10:00:00+00:00,2026-10-03T10:15:00Z,0.79,1.2,0.79,2026-10-03T10:08:31.666216+00:00,up,up,1.0,0.21,2026-10-03T10:21:18.094277+00:00
ETH,KXETH15M-26OCT030630-30,eth-updown-15m-1791022500,B,2026-10-03T10:15:00+00:00,2026-10-03T10:30:00Z,0.5,1.459,0.5,2026-10-03T10:28:16.161007+00:00,up,up,1.0,0.5,2026-10-03T10:32:30.262484+00:00
BTC,KXBTC15M-26OCT030630-30,btc-updown-15m-1791022500,B,2026-10-03T10:15:00+00:00,2026-10-03T10:30:00Z,0.71,1.29,0.71,2026-10-03T10:25:23.329770+00:00,up,up,1.0,0.29,2026-10-03T10:35:30.951963+00:00
ETH,KXETH15M-26OCT030645-45,eth-updown-15m-1791023400,A,2026-10-03T10:30:00+00:00,2026-10-03T10:45:00Z,0.73,0.73,1.27,2026-10-03T10:35:51.926619+00:00,up,up,1.0,0.27,2026-10-03T10:48:04.380872+00:00
BTC,KXBTC15M-26OCT030645-45,btc-updown-15m-1791023400,B,2026-10-03T10:30:00+00:00,2026-10-03T10:45:00Z,0.75,1.25,0.75,2026-10-03T10:31:41.728192+00:00,down,down,1.0,0.25,2026-10-03T10:50:38.806014+00:00
ETH,KXETH15M-26OCT030700-00,eth-updown-15m-1791024300,B,2026-10-03T10:45:00+00:00,2026-10-03T11:00:00Z,0.79,1.21,0.79,2026-10-03T10:52:17.458190+00:00,up,up,1.0,0.21,2026-10-03T11:04:01.543236+00:00
BTC,KXBTC15M-26OCT030700-00,btc-updown-15m-1791025200,A,2026-10-03T11:00:00+00:00,2026-10-03T11:00:00Z,0.391,0.391,1.6,2026-10-03T11:00:05.165885+00:00,up,down,0.0,-0.391,2026-10-03T11:17:45.943936+00:00
BTC,KXBTC15M-26OCT030715-15,btc-updown-15m-1791025200,B,2026-10-03T11:00:00+00:00,2026-10-03T11:15:00Z,0.64,1.36,0.64,2026-10-03T11:05:03.473170+00:00,down,down,1.0,0.36,2026-10-03T11:17:45.943936+00:00
ETH,KXETH15M-26OCT030715-15,eth-updown-15m-1791025200,B,2026-10-03T11:00:00+00:00,2026-10-03T11:15:00Z,0.76,1.24,0.76,2026-10-03T11:05:03.473170+00:00,down,down,1.0,0.24,2026-10-03T11:18:19.347584+00:00
ETH,KXETH15M-26OCT030730-30,eth-updown-15m-1791026100,B,2026-10-03T11:15:00+00:00,2026-10-03T11:30:00Z,0.77,1.24,0.77,2026-10-03T11:18:35.439292+00:00,up,up,1.0,0.23,2026-10-03T11:36:07.467472+00:00
BTC,KXBTC15M-26OCT030730-30,btc-updown-15m-1791027000,A,2026-10-03T11:30:00+00:00,2026-10-03T11:30:00Z,0.491,0.491,1.5,2026-10-03T11:30:00.707733+00:00,up,up,1.0,0.509,2026-10-03T11:52:17.800890+00:00
BTC,KXBTC15M-26OCT030745-45,btc-updown-15m-1791027900,A,2026-10-03T11:45:00+00:00,2026-10-03T11:45:00Z,0.481,0.481,1.51,2026-10-03T11:45:05.542070+00:00,up,up,1.0,0.519,2026-10-03T12:02:25.118054+00:00
ETH,KXETH15M-26OCT030745-45,eth-updown-15m-1791027900,A,2026-10-03T11:45:00+00:00,2026-10-03T11:45:00Z,0.471,0.471,1.52,2026-10-03T11:45:05.542070+00:00,up,down,0.0,-0.471,2026-10-03T12:06:19.050233+00:00
BTC,KXBTC15M-26OCT030800-00,btc-updown-15m-1791028800,A,2026-10-03T12:00:00+00:00,2026-10-03T12:00:00Z,0.531,0.531,1.46,2026-10-03T12:00:04.271337+00:00,up,up,1.0,0.469,2026-10-03T12:20:19.163649+00:00
BTC,KXBTC15M-26OCT030815-15,btc-updown-15m-1791028800,A,2026-10-03T12:00:00+00:00,2026-10-03T12:15:00Z,0.64,0.64,1.36,2026-10-03T12:07:22.082675+00:00,up,up,1.0,0.36,2026-10-03T12:20:19.163649+00:00
ETH,KXETH15M-26OCT030800-00,eth-updown-15m-1791028800,B,2026-10-03T12:00:00+00:00,2026-10-03T12:00:00Z,0.501,1.49,0.501,2026-10-03T12:00:04.271337+00:00,down,down,1.0,0.499,2026-10-03T12:21:37.591016+00:00
ETH,KXETH15M-26OCT030815-15,eth-updown-15m-1791028800,A,2026-10-03T12:00:00+00:00,2026-10-03T12:15:00Z,0.7,0.7,1.31,2026-10-03T12:07:22.082675+00:00,down,down,1.0,0.3,2026-10-03T12:21:37.591016+00:00
ETH,KXETH15M-26OCT030830-30,eth-updown-15m-1791029700,B,2026-10-03T12:15:00+00:00,2026-10-03T12:30:00Z,0.75,1.25,0.75,2026-10-03T12:18:38.880004+00:00,down,down,1.0,0.25,2026-10-03T12:35:40.660739+00:00
BTC,KXBTC15M-26OCT030830-30,btc-updown-15m-1791030600,A,2026-10-03T12:30:00+00:00,2026-10-03T12:30:00Z,0.441,0.441,1.55,2026-10-03T12:30:03.356115+00:00,up,down,0.0,-0.441,2026-10-03T12:50:26.333472+00:00
BTC,KXBTC15M-26OCT030845-45,btc-updown-15m-1791030600,B,2026-10-03T12:30:00+00:00,2026-10-03T12:45:00Z,0.77,1.23,0.77,2026-10-03T12:39:35.533287+00:00,down,down,1.0,0.23,2026-10-03T12:50:26.333472+00:00
ETH,KXETH15M-26OCT030845-45,eth-updown-15m-1791030600,B,2026-10-03T12:30:00+00:00,2026-10-03T12:45:00Z,0.73,1.27,0.73,2026-10-03T12:39:35.533287+00:00,down,down,1.0,0.27,2026-10-03T12:52:06.572915+00:00
BTC,KXBTC15M-26OCT030900-00,btc-updown-15m-1791032400,A,2026-10-03T13:00:00+00:00,2026-10-03T13:00:00Z,0.441,0.441,1.55,2026-10-03T13:00:00.551722+00:00,up,down,0.0,-0.441,2026-10-03T13:19:11.017194+00:00
BTC,KXBTC15M-26OCT030915-15,btc-updown-15m-1791032400,A,2026-10-03T13:00:00+00:00,2026-10-03T13:15:00Z,0.79,0.79,1.22,2026-10-03T13:00:16.671153+00:00,down,down,1.0,0.21,2026-10-03T13:19:11.017194+00:00
ETH,KXETH15M-26OCT030900-00,eth-updown-15m-1791032400,A,2026-10-03T13:00:00+00:00,2026-10-03T13:00:00Z,0.461,0.461,1.51,2026-10-03T13:00:00.551722+00:00,up,down,0.0,-0.461,2026-10-03T13:22:13.839276+00:00
ETH,KXETH15M-26OCT030915-15,eth-updown-15m-1791032400,B,2026-10-03T13:00:00+00:00,2026-10-03T13:15:00Z,0.78,1.22,0.78,2026-10-03T13:03:25.380049+00:00,down,down,1.0,0.22,2026-10-03T13:22:13.839276+00:00
BTC,KXBTC15M-26OCT030930-30,btc-updown-15m-1791034200,B,2026-10-03T13:30:00+00:00,2026-10-03T13:30:00Z,0.541,1.45,0.541,2026-10-03T13:30:17.690355+00:00,down,up,0.0,-0.541,2026-10-03T13:50:11.778798+00:00
BTC,KXBTC15M-26OCT030945-45,btc-updown-15m-1791034200,B,2026-10-03T13:30:00+00:00,2026-10-03T13:45:00Z,0.79,1.21,0.79,2026-10-03T13:33:47.350282+00:00,up,up,1.0,0.21,2026-10-03T13:50:11.778798+00:00
ETH,KXETH15M-26OCT030945-45,eth-updown-15m-1791035100,A,2026-10-03T13:45:00+00:00,2026-10-03T13:45:00Z,0.421,0.421,1.57,2026-10-03T13:45:03.890176+00:00,up,up,1.0,0.579,2026-10-03T14:05:31.505354+00:00
ETH,KXETH15M-26OCT031000-00,eth-updown-15m-1791036000,A,2026-10-03T14:00:00+00:00,2026-10-03T14:00:00Z,0.521,0.521,1.47,2026-10-03T14:00:02.837484+00:00,up,down,0.0,-0.521,2026-10-03T14:21:59.383384+00:00
BTC,KXBTC15M-26OCT031015-15,btc-updown-15m-1791036900,B,2026-10-03T14:15:00+00:00,2026-10-03T14:15:00Z,0.501,1.49,0.501,2026-10-03T14:15:04.278703+00:00,down,up,0.0,-0.501,2026-10-03T14:32:52.884228+00:00
ETH,KXETH15M-26OCT031015-15,eth-updown-15m-1791036900,B,2026-10-03T14:15:00+00:00,2026-10-03T14:15:00Z,0.511,1.48,0.511,2026-10-03T14:15:04.278703+00:00,down,up,0.0,-0.511,2026-10-03T14:35:13.156212+00:00
BTC,KXBTC15M-26OCT031030-30,btc-updown-15m-1791037800,A,2026-10-03T14:30:00+00:00,2026-10-03T14:30:00Z,0.512,0.512,1.479,2026-10-03T14:30:01.368011+00:00,up,down,0.0,-0.512,2026-10-03T14:50:39.799482+00:00
ETH,KXETH15M-26OCT031030-30,eth-updown-15m-1791037800,A,2026-10-03T14:30:00+00:00,2026-10-03T14:30:00Z,0.471,0.471,1.5,2026-10-03T14:30:01.368011+00:00,up,down,0.0,-0.471,2026-10-03T14:51:52.651985+00:00
BTC,KXBTC15M-26OCT031045-45,btc-updown-15m-1791038700,B,2026-10-03T14:45:00+00:00,2026-10-03T14:45:00Z,0.431,1.56,0.431,2026-10-03T14:45:01.148345+00:00,down,up,0.0,-0.431,2026-10-03T15:06:31.777887+00:00
ETH,KXETH15M-26OCT031045-45,eth-updown-15m-1791038700,B,2026-10-03T14:45:00+00:00,2026-10-03T14:45:00Z,0.341,1.63,0.341,2026-10-03T14:45:01.148345+00:00,down,up,0.0,-0.341,2026-10-03T15:07:10.742024+00:00
ETH,KXETH15M-26OCT031100-00,eth-updown-15m-1791039600,A,2026-10-03T15:00:00+00:00,2026-10-03T15:00:00Z,0.491,0.491,1.5,2026-10-03T15:00:03.038477+00:00,up,down,0.0,-0.491,2026-10-03T15:19:35.735561+00:00
BTC,KXBTC15M-26OCT031100-00,btc-updown-15m-1791039600,A,2026-10-03T15:00:00+00:00,2026-10-03T15:00:00Z,0.571,0.571,1.42,2026-10-03T15:00:03.038477+00:00,up,up,1.0,0.429,2026-10-03T15:20:34.091506+00:00
BTC,KXBTC15M-26OCT031115-15,btc-updown-15m-1791039600,A,2026-10-03T15:00:00+00:00,2026-10-03T15:15:00Z,0.75,0.75,1.25,2026-10-03T15:00:14.587852+00:00,down,up,2.0,1.25,2026-10-03T15:20:34.091506+00:00
ETH,KXETH15M-26OCT031115-15,eth-updown-15m-1791040500,B,2026-10-03T15:15:00+00:00,2026-10-03T15:15:00Z,0.261,1.73,0.261,2026-10-03T15:15:04.282055+00:00,down,up,0.0,-0.261,2026-10-03T15:34:49.332645+00:00
ETH,KXETH15M-26OCT031130-30,eth-updown-15m-1791041400,A,2026-10-03T15:30:00+00:00,2026-10-03T15:30:00Z,0.525,0.525,1.466,2026-10-03T15:30:01.885956+00:00,up,down,0.0,-0.525,2026-10-03T15:50:26.366704+00:00
BTC,KXBTC15M-26OCT031130-30,btc-updown-15m-1791041400,A,2026-10-03T15:30:00+00:00,2026-10-03T15:30:00Z,0.397,0.397,1.594,2026-10-03T15:30:01.885956+00:00,up,down,0.0,-0.397,2026-10-03T15:51:35.879971+00:00
BTC,KXBTC15M-26OCT031145-45,btc-updown-15m-1791041400,A,2026-10-03T15:30:00+00:00,2026-10-03T15:45:00Z,0.23,0.23,1.77,2026-10-03T15:44:48.667804+00:00,up,down,0.0,-0.23,2026-10-03T15:51:35.879971+00:00
BTC,KXBTC15M-26OCT031200-00,btc-updown-15m-1791043200,A,2026-10-03T16:00:00+00:00,2026-10-03T16:00:00Z,0.521,0.521,1.47,2026-10-03T16:00:02.124244+00:00,up,down,0.0,-0.521,2026-10-03T16:21:40.498664+00:00
ETH,KXETH15M-26OCT031200-00,eth-updown-15m-1791043200,A,2026-10-03T16:00:00+00:00,2026-10-03T16:00:00Z,0.491,0.491,1.49,2026-10-03T16:00:02.124244+00:00,up,down,0.0,-0.491,2026-10-03T16:22:23.289288+00:00
ETH,KXETH15M-26OCT031215-15,eth-updown-15m-1791044100,B,2026-10-03T16:15:00+00:00,2026-10-03T16:15:00Z,0.471,1.52,0.471,2026-10-03T16:15:04.116176+00:00,down,up,0.0,-0.471,2026-10-03T16:32:58.614048+00:00
ETH,KXETH15M-26OCT031230-30,eth-updown-15m-1791044100,B,2026-10-03T16:15:00+00:00,2026-10-03T16:30:00Z,0.001,1.96,0.001,2026-10-03T16:29:24.594744+00:00,up,up,1.0,0.999,2026-10-03T16:32:58.614048+00:00
BTC,KXBTC15M-26OCT031215-15,btc-updown-15m-1791044100,B,2026-10-03T16:15:00+00:00,2026-10-03T16:15:00Z,0.521,1.47,0.521,2026-10-03T16:15:04.116176+00:00,down,down,1.0,0.479,2026-10-03T16:33:47.122709+00:00
BTC,KXBTC15M-26OCT031230-30,btc-updown-15m-1791045000,B,2026-10-03T16:30:00+00:00,2026-10-03T16:30:00Z,0.421,1.57,0.421,2026-10-03T16:30:04.658193+00:00,down,up,0.0,-0.421,2026-10-03T16:49:10.603201+00:00
BTC,KXBTC15M-26OCT031245-45,btc-updown-15m-1791045900,A,2026-10-03T16:45:00+00:00,2026-10-03T16:45:00Z,0.661,0.661,1.33,2026-10-03T16:45:03.249703+00:00,up,up,1.0,0.339,2026-10-03T17:04:54.314672+00:00
ETH,KXETH15M-26OCT031245-45,eth-updown-15m-1791045900,A,2026-10-03T16:45:00+00:00,2026-10-03T16:45:00Z,0.521,0.521,1.47,2026-10-03T16:45:03.249703+00:00,up,down,0.0,-0.521,2026-10-03T17:05:11.125459+00:00
ETH,KXETH15M-26OCT031330-30,eth-updown-15m-1791047700,A,2026-10-03T17:15:00+00:00,2026-10-03T17:30:00Z,0.73,0.73,1.27,2026-10-03T17:17:12.934792+00:00,down,down,1.0,0.27,2026-10-03T17:33:52.433608+00:00
BTC,KXBTC15M-26OCT031315-15,btc-updown-15m-1791047700,A,2026-10-03T17:15:00+00:00,2026-10-03T17:15:00Z,0.521,0.521,1.47,2026-10-03T17:15:04.911129+00:00,up,up,1.0,0.479,2026-10-03T17:34:49.319452+00:00
BTC,KXBTC15M-26OCT031330-30,btc-updown-15m-1791048600,A,2026-10-03T17:30:00+00:00,2026-10-03T17:30:00Z,0.352,0.352,1.639,2026-10-03T17:30:03.226597+00:00,up,up,1.0,0.648,2026-10-03T17:48:02.436106+00:00
BTC,KXBTC15M-26OCT031345-45,btc-updown-15m-1791048600,B,2026-10-03T17:30:00+00:00,2026-10-03T17:45:00Z,0.79,1.21,0.79,2026-10-03T17:35:00.187298+00:00,up,up,1.0,0.21,2026-10-03T17:48:02.436106+00:00
ETH,KXETH15M-26OCT031345-45,eth-updown-15m-1791048600,B,2026-10-03T17:30:00+00:00,2026-10-03T17:45:00Z,0.706,1.285,0.706,2026-10-03T17:35:00.187298+00:00,up,up,1.0,0.294,2026-10-03T17:49:52.630430+00:00
ETH,KXETH15M-26OCT031400-00,eth-updown-15m-1791049500,B,2026-10-03T17:45:00+00:00,2026-10-03T18:00:00Z,0.77,1.23,0.77,2026-10-03T17:47:00.090114+00:00,up,up,1.0,0.23,2026-10-03T18:02:32.756168+00:00
BTC,KXBTC15M-26OCT031400-00,btc-updown-15m-1791049500,A,2026-10-03T17:45:00+00:00,2026-10-03T18:00:00Z,0.79,0.79,1.21,2026-10-03T17:47:35.002803+00:00,up,up,1.0,0.21,2026-10-03T18:03:44.593989+00:00
ETH,KXETH15M-26OCT031415-15,eth-updown-15m-1791050400,B,2026-10-03T18:00:00+00:00,2026-10-03T18:15:00Z,0.79,1.21,0.79,2026-10-03T18:09:10.433579+00:00,down,down,1.0,0.21,2026-10-03T18:17:41.644339+00:00
BTC,KXBTC15M-26OCT031415-15,btc-updown-15m-1791050400,A,2026-10-03T18:00:00+00:00,2026-10-03T18:15:00Z,0.68,0.68,1.32,2026-10-03T18:07:40.086092+00:00,down,down,1.0,0.32,2026-10-03T18:21:36.895933+00:00
BTC,KXBTC15M-26OCT031430-30,btc-updown-15m-1791051300,B,2026-10-03T18:15:00+00:00,2026-10-03T18:30:00Z,0.609,1.382,0.609,2026-10-03T18:28:08.811216+00:00,down,up,0.0,-0.609,2026-10-03T18:35:27.062398+00:00
BTC,KXBTC15M-26OCT031445-45,btc-updown-15m-1791052200,A,2026-10-03T18:30:00+00:00,2026-10-03T18:45:00Z,0.79,0.79,1.21,2026-10-03T18:31:07.258711+00:00,down,down,1.0,0.21,2026-10-03T18:48:38.760607+00:00
ETH,KXETH15M-26OCT031430-30,eth-updown-15m-1791052200,B,2026-10-03T18:30:00+00:00,2026-10-03T18:30:00Z,0.497,1.485,0.497,2026-10-03T18:30:00.626730+00:00,down,down,1.0,0.503,2026-10-03T18:48:49.949661+00:00
BTC,KXBTC15M-26OCT031500-00,btc-updown-15m-1791053100,B,2026-10-03T18:45:00+00:00,2026-10-03T19:00:00Z,0.77,1.23,0.77,2026-10-03T18:54:29.700997+00:00,up,up,1.0,0.23,2026-10-03T19:02:33.766603+00:00
ETH,KXETH15M-26OCT031445-45,eth-updown-15m-1791053100,B,2026-10-03T18:45:00+00:00,2026-10-03T18:45:00Z,0.461,1.53,0.461,2026-10-03T18:45:00.946008+00:00,down,down,1.0,0.539,2026-10-03T19:04:26.654381+00:00
ETH,KXETH15M-26OCT031500-00,eth-updown-15m-1791054000,B,2026-10-03T19:00:00+00:00,2026-10-03T19:00:00Z,0.441,1.54,0.441,2026-10-03T19:00:00.824795+00:00,down,down,1.0,0.559,2026-10-03T19:17:31.796675+00:00
ETH,KXETH15M-26OCT031515-15,eth-updown-15m-1791054000,A,2026-10-03T19:00:00+00:00,2026-10-03T19:15:00Z,0.75,0.75,1.25,2026-10-03T19:00:44.845160+00:00,down,down,1.0,0.25,2026-10-03T19:17:31.796675+00:00
BTC,KXBTC15M-26OCT031515-15,btc-updown-15m-1791054900,B,2026-10-03T19:15:00+00:00,2026-10-03T19:15:00Z,0.481,1.51,0.481,2026-10-03T19:15:05.292642+00:00,down,down,1.0,0.519,2026-10-03T19:34:36.587797+00:00
BTC,KXBTC15M-26OCT031530-30,btc-updown-15m-1791054900,A,2026-10-03T19:15:00+00:00,2026-10-03T19:30:00Z,0.78,0.78,1.22,2026-10-03T19:16:31.047105+00:00,down,down,1.0,0.22,2026-10-03T19:34:36.587797+00:00
ETH,KXETH15M-26OCT031530-30,eth-updown-15m-1791055800,B,2026-10-03T19:30:00+00:00,2026-10-03T19:30:00Z,0.461,1.53,0.461,2026-10-03T19:30:01.684506+00:00,down,up,0.0,-0.461,2026-10-03T19:49:11.926710+00:00
ETH,KXETH15M-26OCT031545-45,eth-updown-15m-1791055800,A,2026-10-03T19:30:00+00:00,2026-10-03T19:45:00Z,0.78,0.78,1.22,2026-10-03T19:36:28.790489+00:00,up,up,1.0,0.22,2026-10-03T19:49:11.926710+00:00
ETH,KXETH15M-26OCT031600-00,eth-updown-15m-1791056700,B,2026-10-03T19:45:00+00:00,2026-10-03T20:00:00Z,0.76,1.23,0.76,2026-10-03T19:54:52.287480+00:00,up,up,1.0,0.24,2026-10-03T20:05:26.081700+00:00
BTC,KXBTC15M-26OCT031545-45,btc-updown-15m-1791056700,B,2026-10-03T19:45:00+00:00,2026-10-03T19:45:00Z,0.651,1.35,0.651,2026-10-03T19:45:03.892900+00:00,down,up,0.0,-0.651,2026-10-03T20:05:32.268141+00:00
BTC,KXBTC15M-26OCT031600-00,btc-updown-15m-1791056700,B,2026-10-03T19:45:00+00:00,2026-10-03T20:00:00Z,0.72,1.28,0.72,2026-10-03T19:54:52.287480+00:00,up,up,1.0,0.28,2026-10-03T20:05:32.268141+00:00
ETH,KXETH15M-26OCT031615-15,eth-updown-15m-1791058500,A,2026-10-03T20:15:00+00:00,2026-10-03T20:15:00Z,0.471,0.471,1.52,2026-10-03T20:15:00.958953+00:00,up,up,1.0,0.529,2026-10-03T20:36:10.329865+00:00
ETH,KXETH15M-26OCT031630-30,eth-updown-15m-1791058500,B,2026-10-03T20:15:00+00:00,2026-10-03T20:30:00Z,0.79,1.22,0.79,2026-10-03T20:19:41.890207+00:00,up,up,1.0,0.21,2026-10-03T20:36:10.329865+00:00
BTC,KXBTC15M-26OCT031615-15,btc-updown-15m-1791058500,A,2026-10-03T20:15:00+00:00,2026-10-03T20:15:00Z,0.501,0.501,1.48,2026-10-03T20:15:00.958953+00:00,up,up,1.0,0.499,2026-10-03T20:36:38.750679+00:00
BTC,KXBTC15M-26OCT031630-30,btc-updown-15m-1791058500,B,2026-10-03T20:15:00+00:00,2026-10-03T20:30:00Z,0.79,1.19,0.79,2026-10-03T20:19:41.890207+00:00,up,up,1.0,0.21,2026-10-03T20:36:38.750679+00:00
ETH,KXETH15M-26OCT031645-45,eth-updown-15m-1791060300,B,2026-10-03T20:45:00+00:00,2026-10-03T20:45:00Z,0.511,1.48,0.511,2026-10-03T20:45:04.265587+00:00,down,down,1.0,0.489,2026-10-03T21:04:29.069846+00:00
ETH,KXETH15M-26OCT031700-00,eth-updown-15m-1791060300,A,2026-10-03T20:45:00+00:00,2026-10-03T21:00:00Z,0.71,0.71,1.31,2026-10-03T20:49:16.808898+00:00,down,down,1.0,0.29,2026-10-03T21:04:29.069846+00:00
BTC,KXBTC15M-26OCT031645-45,btc-updown-15m-1791060300,B,2026-10-03T20:45:00+00:00,2026-10-03T20:45:00Z,0.521,1.47,0.521,2026-10-03T20:45:04.265587+00:00,down,down,1.0,0.479,2026-10-03T21:05:53.055537+00:00
BTC,KXBTC15M-26OCT031700-00,btc-updown-15m-1791060300,A,2026-10-03T20:45:00+00:00,2026-10-03T21:00:00Z,0.71,0.71,1.3,2026-10-03T20:49:05.179461+00:00,down,down,1.0,0.29,2026-10-03T21:05:53.055537+00:00
ETH,KXETH15M-26OCT031715-15,eth-updown-15m-1791061200,B,2026-10-03T21:00:00+00:00,2026-10-03T21:15:00Z,0.737,1.255,0.737,2026-10-03T21:12:42.075970+00:00,up,up,1.0,0.263,2026-10-03T21:21:31.142012+00:00
BTC,KXBTC15M-26OCT031715-15,btc-updown-15m-1791062100,B,2026-10-03T21:15:00+00:00,2026-10-03T21:15:00Z,0.451,1.54,0.451,2026-10-03T21:15:00.155483+00:00,down,up,0.0,-0.451,2026-10-03T21:33:30.746165+00:00
BTC,KXBTC15M-26OCT031730-30,btc-updown-15m-1791062100,A,2026-10-03T21:15:00+00:00,2026-10-03T21:30:00Z,0.794,0.794,1.197,2026-10-03T21:27:32.637314+00:00,up,up,1.0,0.206,2026-10-03T21:33:30.746165+00:00
ETH,KXETH15M-26OCT031730-30,eth-updown-15m-1791062100,A,2026-10-03T21:15:00+00:00,2026-10-03T21:30:00Z,0.78,0.78,1.24,2026-10-03T21:19:13.744482+00:00,down,down,1.0,0.22,2026-10-03T21:36:43.894918+00:00
BTC,KXBTC15M-26OCT031745-45,btc-updown-15m-1791063000,B,2026-10-03T21:30:00+00:00,2026-10-03T21:45:00Z,0.76,1.24,0.76,2026-10-03T21:42:06.758749+00:00,down,down,1.0,0.24,2026-10-03T21:48:33.902330+00:00
ETH,KXETH15M-26OCT031745-45,eth-updown-15m-1791063000,B,2026-10-03T21:30:00+00:00,2026-10-03T21:45:00Z,0.71,1.29,0.71,2026-10-03T21:34:11.735399+00:00,down,down,1.0,0.29,2026-10-03T21:49:38.634169+00:00
ETH,KXETH15M-26OCT031800-00,eth-updown-15m-1791063900,A,2026-10-03T21:45:00+00:00,2026-10-03T22:00:00Z,0.63,0.63,1.36,2026-10-03T21:52:14.382984+00:00,down,down,1.0,0.37,2026-10-03T22:02:51.948662+00:00
BTC,KXBTC15M-26OCT031800-00,btc-updown-15m-1791063900,A,2026-10-03T21:45:00+00:00,2026-10-03T22:00:00Z,0.78,0.78,1.22,2026-10-03T21:55:06.660998+00:00,up,up,1.0,0.22,2026-10-03T22:05:56.784779+00:00
ETH,KXETH15M-26OCT031815-15,eth-updown-15m-1791064800,B,2026-10-03T22:00:00+00:00,2026-10-03T22:15:00Z,0.72,1.28,0.72,2026-10-03T22:02:04.832626+00:00,up,up,1.0,0.28,2026-10-03T22:19:26.568848+00:00
BTC,KXBTC15M-26OCT031815-15,btc-updown-15m-1791064800,B,2026-10-03T22:00:00+00:00,2026-10-03T22:15:00Z,0.77,1.23,0.77,2026-10-03T22:02:04.832626+00:00,up,up,1.0,0.23,2026-10-03T22:21:50.826102+00:00
BTC,KXBTC15M-26OCT031830-30,btc-updown-15m-1791065700,A,2026-10-03T22:15:00+00:00,2026-10-03T22:30:00Z,0.78,0.78,1.22,2026-10-03T22:15:29.235808+00:00,down,down,1.0,0.22,2026-10-03T22:34:52.866943+00:00
ETH,KXETH15M-26OCT031830-30,eth-updown-15m-1791066600,B,2026-10-03T22:30:00+00:00,2026-10-03T22:30:00Z,0.501,1.48,0.501,2026-10-03T22:30:01.753353+00:00,down,up,0.0,-0.501,2026-10-03T22:49:40.252316+00:00
ETH,KXETH15M-26OCT031845-45,eth-updown-15m-1791066600,B,2026-10-03T22:30:00+00:00,2026-10-03T22:45:00Z,0.45,1.57,0.45,2026-10-03T22:44:54.398051+00:00,up,up,1.0,0.55,2026-10-03T22:49:40.252316+00:00
BTC,KXBTC15M-26OCT031845-45,btc-updown-15m-1791066600,A,2026-10-03T22:30:00+00:00,2026-10-03T22:45:00Z,0.63,0.63,1.33,2026-10-03T22:38:19.731355+00:00,up,up,1.0,0.37,2026-10-03T22:50:04.162094+00:00
BTC,KXBTC15M-26OCT031900-00,btc-updown-15m-1791067500,A,2026-10-03T22:45:00+00:00,2026-10-03T23:00:00Z,0.69,0.69,1.31,2026-10-03T22:55:20.804640+00:00,down,down,1.0,0.31,2026-10-03T23:06:22.153940+00:00
ETH,KXETH15M-26OCT031900-00,eth-updown-15m-1791068400,B,2026-10-03T23:00:00+00:00,2026-10-03T23:00:00Z,0.511,1.45,0.511,2026-10-03T23:00:00.820278+00:00,down,up,0.0,-0.511,2026-10-03T23:20:18.443975+00:00
ETH,KXETH15M-26OCT031915-15,eth-updown-15m-1791068400,B,2026-10-03T23:00:00+00:00,2026-10-03T23:15:00Z,0.387,1.508,0.387,2026-10-03T23:14:01.636130+00:00,up,up,1.0,0.613,2026-10-03T23:20:18.443975+00:00
BTC,KXBTC15M-26OCT031930-30,btc-updown-15m-1791069300,B,2026-10-03T23:15:00+00:00,2026-10-03T23:30:00Z,0.79,1.21,0.79,2026-10-03T23:22:29.936879+00:00,down,down,1.0,0.21,2026-10-03T23:37:29.037938+00:00
ETH,KXETH15M-26OCT031930-30,eth-updown-15m-1791069300,B,2026-10-03T23:15:00+00:00,2026-10-03T23:30:00Z,0.66,1.34,0.66,2026-10-03T23:22:29.936879+00:00,up,up,1.0,0.34,2026-10-03T23:37:29.037938+00:00
ETH,KXETH15M-26OCT031945-45,eth-updown-15m-1791070200,B,2026-10-03T23:30:00+00:00,2026-10-03T23:45:00Z,0.77,1.23,0.77,2026-10-03T23:42:19.005981+00:00,up,up,1.0,0.23,2026-10-03T23:49:37.382261+00:00
ETH,KXETH15M-26OCT032000-00,eth-updown-15m-1791071100,A,2026-10-03T23:45:00+00:00,2026-10-04T00:00:00Z,0.79,0.79,1.21,2026-10-03T23:54:17.930988+00:00,down,down,1.0,0.21,2026-10-04T00:02:39.065598+00:00
BTC,KXBTC15M-26OCT031945-45,btc-updown-15m-1791071100,A,2026-10-03T23:45:00+00:00,2026-10-03T23:45:00Z,0.491,0.491,1.5,2026-10-03T23:45:03.655122+00:00,up,down,0.0,-0.491,2026-10-04T00:03:22.175700+00:00
BTC,KXBTC15M-26OCT032000-00,btc-updown-15m-1791071100,B,2026-10-03T23:45:00+00:00,2026-10-04T00:00:00Z,0.79,1.18,0.79,2026-10-03T23:55:57.819629+00:00,down,down,1.0,0.21,2026-10-04T00:03:22.175700+00:00
ETH,KXETH15M-26OCT032015-15,eth-updown-15m-1791072000,B,2026-10-04T00:00:00+00:00,2026-10-04T00:15:00Z,0.69,1.25,0.69,2026-10-04T00:02:27.676651+00:00,up,up,1.0,0.31,2026-10-04T00:18:58.974087+00:00
BTC,KXBTC15M-26OCT032015-15,btc-updown-15m-1791072000,A,2026-10-04T00:00:00+00:00,2026-10-04T00:15:00Z,0.79,0.79,1.21,2026-10-04T00:09:40.814357+00:00,up,up,1.0,0.21,2026-10-04T00:18:58.974087+00:00
BTC,KXBTC15M-26OCT032030-30,btc-updown-15m-1791072900,A,2026-10-04T00:15:00+00:00,2026-10-04T00:30:00Z,0.52,0.52,1.36,2026-10-04T00:26:41.570373+00:00,down,down,1.0,0.48,2026-10-04T00:35:08.137848+00:00
BTC,KXBTC15M-26OCT032045-45,btc-updown-15m-1791073800,A,2026-10-04T00:30:00+00:00,2026-10-04T00:45:00Z,0.74,0.74,1.24,2026-10-04T00:40:36.081442+00:00,down,down,1.0,0.26,2026-10-04T00:48:32.035405+00:00
ETH,KXETH15M-26OCT032045-45,eth-updown-15m-1791073800,B,2026-10-04T00:30:00+00:00,2026-10-04T00:45:00Z,0.71,1.27,0.71,2026-10-04T00:34:14.431343+00:00,up,down,2.0,1.29,2026-10-04T00:51:03.107333+00:00
BTC,KXBTC15M-26OCT032100-00,btc-updown-15m-1791074700,A,2026-10-04T00:45:00+00:00,2026-10-04T01:00:00Z,0.66,0.66,1.34,2026-10-04T00:55:23.222925+00:00,down,down,1.0,0.34,2026-10-04T01:06:25.513513+00:00
ETH,KXETH15M-26OCT032100-00,eth-updown-15m-1791075600,A,2026-10-04T01:00:00+00:00,2026-10-04T01:00:00Z,0.491,0.491,1.5,2026-10-04T01:00:00.618171+00:00,up,up,1.0,0.509,2026-10-04T01:18:53.494969+00:00
ETH,KXETH15M-26OCT032115-15,eth-updown-15m-1791075600,B,2026-10-04T01:00:00+00:00,2026-10-04T01:15:00Z,0.76,1.22,0.76,2026-10-04T01:06:03.088566+00:00,up,up,1.0,0.24,2026-10-04T01:18:53.494969+00:00
BTC,KXBTC15M-26OCT032115-15,btc-updown-15m-1791075600,B,2026-10-04T01:00:00+00:00,2026-10-04T01:15:00Z,0.59,1.39,0.59,2026-10-04T01:10:33.299499+00:00,down,down,1.0,0.41,2026-10-04T01:19:38.132726+00:00
ETH,KXETH15M-26OCT032130-30,eth-updown-15m-1791077400,B,2026-10-04T01:30:00+00:00,2026-10-04T01:30:00Z,0.461,1.53,0.461,2026-10-04T01:30:04.991448+00:00,down,up,0.0,-0.461,2026-10-04T01:50:00.840772+00:00
BTC,KXBTC15M-26OCT032130-30,btc-updown-15m-1791077400,B,2026-10-04T01:30:00+00:00,2026-10-04T01:30:00Z,0.452,1.539,0.452,2026-10-04T01:30:04.991448+00:00,down,up,0.0,-0.452,2026-10-04T01:50:12.285150+00:00
BTC,KXBTC15M-26OCT032145-45,btc-updown-15m-1791077400,B,2026-10-04T01:30:00+00:00,2026-10-04T01:45:00Z,0.78,1.22,0.78,2026-10-04T01:34:42.578126+00:00,up,up,1.0,0.22,2026-10-04T01:50:12.285150+00:00
ETH,KXETH15M-26OCT032145-45,eth-updown-15m-1791078300,A,2026-10-04T01:45:00+00:00,2026-10-04T01:45:00Z,0.481,0.481,1.51,2026-10-04T01:45:04.769361+00:00,up,up,1.0,0.519,2026-10-04T02:06:05.608769+00:00
ETH,KXETH15M-26OCT032200-00,eth-updown-15m-1791079200,A,2026-10-04T02:00:00+00:00,2026-10-04T02:00:00Z,0.431,0.431,1.55,2026-10-04T02:00:00.980009+00:00,up,down,0.0,-0.431,2026-10-04T02:20:32.910707+00:00
ETH,KXETH15M-26OCT032215-15,eth-updown-15m-1791079200,A,2026-10-04T02:00:00+00:00,2026-10-04T02:15:00Z,0.78,0.78,1.23,2026-10-04T02:06:40.625837+00:00,down,down,1.0,0.22,2026-10-04T02:20:32.910707+00:00
BTC,KXBTC15M-26OCT032200-00,btc-updown-15m-1791079200,A,2026-10-04T02:00:00+00:00,2026-10-04T02:00:00Z,0.491,0.491,1.5,2026-10-04T02:00:00.980009+00:00,up,up,1.0,0.509,2026-10-04T02:20:58.822094+00:00
BTC,KXBTC15M-26OCT032215-15,btc-updown-15m-1791079200,A,2026-10-04T02:00:00+00:00,2026-10-04T02:15:00Z,0.75,0.75,1.25,2026-10-04T02:10:04.095175+00:00,up,up,1.0,0.25,2026-10-04T02:20:58.822094+00:00
BTC,KXBTC15M-26OCT032230-30,btc-updown-15m-1791080100,B,2026-10-04T02:15:00+00:00,2026-10-04T02:30:00Z,0.72,1.28,0.72,2026-10-04T02:17:39.430726+00:00,up,up,1.0,0.28,2026-10-04T02:33:17.322645+00:00
ETH,KXETH15M-26OCT032230-30,eth-updown-15m-1791080100,B,2026-10-04T02:15:00+00:00,2026-10-04T02:30:00Z,0.74,1.26,0.74,2026-10-04T02:17:39.430726+00:00,up,down,2.0,1.26,2026-10-04T02:36:16.121305+00:00
BTC,KXBTC15M-26OCT032245-45,btc-updown-15m-1791081000,A,2026-10-04T02:30:00+00:00,2026-10-04T02:45:00Z,0.77,0.77,1.23,2026-10-04T02:38:18.461095+00:00,down,down,1.0,0.23,2026-10-04T02:50:24.527115+00:00
ETH,KXETH15M-26OCT032245-45,eth-updown-15m-1791081000,B,2026-10-04T02:30:00+00:00,2026-10-04T02:45:00Z,0.77,1.23,0.77,2026-10-04T02:33:34.447291+00:00,down,down,1.0,0.23,2026-10-04T02:51:58.956184+00:00
BTC,KXBTC15M-26OCT032300-00,btc-updown-15m-1791081900,B,2026-10-04T02:45:00+00:00,2026-10-04T03:00:00Z,0.73,1.27,0.73,2026-10-04T02:48:46.712399+00:00,up,up,1.0,0.27,2026-10-04T03:04:18.226628+00:00
ETH,KXETH15M-26OCT032300-00,eth-updown-15m-1791081900,B,2026-10-04T02:45:00+00:00,2026-10-04T03:00:00Z,0.75,1.25,0.75,2026-10-04T02:48:46.712399+00:00,up,up,1.0,0.25,2026-10-04T03:06:38.145414+00:00
ETH,KXETH15M-26OCT032315-15,eth-updown-15m-1791082800,A,2026-10-04T03:00:00+00:00,2026-10-04T03:15:00Z,0.67,0.67,1.34,2026-10-04T03:13:36.353953+00:00,up,up,1.0,0.33,2026-10-04T03:19:42.581311+00:00
ETH,KXETH15M-26OCT032330-30,eth-updown-15m-1791083700,B,2026-10-04T03:15:00+00:00,2026-10-04T03:30:00Z,0.68,1.32,0.68,2026-10-04T03:21:32.496949+00:00,up,up,1.0,0.32,2026-10-04T03:33:23.553835+00:00
BTC,KXBTC15M-26OCT032315-15,btc-updown-15m-1791083700,A,2026-10-04T03:15:00+00:00,2026-10-04T03:15:00Z,0.491,0.491,1.5,2026-10-04T03:15:03.635331+00:00,up,down,0.0,-0.491,2026-10-04T03:37:07.039247+00:00
BTC,KXBTC15M-26OCT032330-30,btc-updown-15m-1791083700,A,2026-10-04T03:15:00+00:00,2026-10-04T03:30:00Z,0.706,0.706,1.285,2026-10-04T03:27:58.189219+00:00,down,down,1.0,0.294,2026-10-04T03:37:07.039247+00:00
ETH,KXETH15M-26OCT032345-45,eth-updown-15m-1791084600,A,2026-10-04T03:30:00+00:00,2026-10-04T03:45:00Z,0.778,0.778,1.213,2026-10-04T03:35:20.599186+00:00,up,up,1.0,0.222,2026-10-04T03:51:23.181802+00:00
BTC,KXBTC15M-26OCT032345-45,btc-updown-15m-1791085500,A,2026-10-04T03:45:00+00:00,2026-10-04T03:45:00Z,0.461,0.461,1.53,2026-10-04T03:45:03.549728+00:00,up,down,0.0,-0.461,2026-10-04T04:05:59.123752+00:00
ETH,KXETH15M-26OCT040000-00,eth-updown-15m-1791086400,B,2026-10-04T04:00:00+00:00,2026-10-04T04:00:00Z,0.521,1.47,0.521,2026-10-04T04:00:18.372394+00:00,down,up,0.0,-0.521,2026-10-04T04:20:35.300453+00:00
BTC,KXBTC15M-26OCT040015-15,btc-updown-15m-1791087300,B,2026-10-04T04:15:00+00:00,2026-10-04T04:15:00Z,0.521,1.47,0.521,2026-10-04T04:15:05.162041+00:00,down,up,0.0,-0.521,2026-10-04T04:34:05.098163+00:00
ETH,KXETH15M-26OCT040015-15,eth-updown-15m-1791087300,A,2026-10-04T04:15:00+00:00,2026-10-04T04:15:00Z,0.507,0.507,1.49,2026-10-04T04:15:05.162041+00:00,up,down,0.0,-0.507,2026-10-04T04:36:14.027401+00:00
ETH,KXETH15M-26OCT040030-30,eth-updown-15m-1791088200,B,2026-10-04T04:30:00+00:00,2026-10-04T04:30:00Z,0.511,1.48,0.511,2026-10-04T04:30:02.864189+00:00,down,down,1.0,0.489,2026-10-04T04:49:50.136851+00:00
BTC,KXBTC15M-26OCT040030-30,btc-updown-15m-1791088200,A,2026-10-04T04:30:00+00:00,2026-10-04T04:30:00Z,0.491,0.491,1.5,2026-10-04T04:30:02.864189+00:00,up,up,1.0,0.509,2026-10-04T04:50:45.804554+00:00
BTC,KXBTC15M-26OCT040045-45,btc-updown-15m-1791088200,B,2026-10-04T04:30:00+00:00,2026-10-04T04:45:00Z,0.37,1.57,0.37,2026-10-04T04:44:06.633835+00:00,down,up,0.0,-0.37,2026-10-04T04:50:45.804554+00:00
ETH,KXETH15M-26OCT040045-45,eth-updown-15m-1791089100,B,2026-10-04T04:45:00+00:00,2026-10-04T04:45:00Z,0.421,1.52,0.421,2026-10-04T04:45:00.106349+00:00,down,up,0.0,-0.421,2026-10-04T05:05:24.284574+00:00
ETH,KXETH15M-26OCT040100-00,eth-updown-15m-1791089100,B,2026-10-04T04:45:00+00:00,2026-10-04T05:00:00Z,0.71,1.3,0.71,2026-10-04T04:51:45.923519+00:00,up,up,1.0,0.29,2026-10-04T05:05:24.284574+00:00
BTC,KXBTC15M-26OCT040100-00,btc-updown-15m-1791089100,B,2026-10-04T04:45:00+00:00,2026-10-04T05:00:00Z,0.71,1.27,0.71,2026-10-04T04:58:10.293166+00:00,down,up,0.0,-0.71,2026-10-04T05:06:03.864717+00:00
BTC,KXBTC15M-26OCT040115-15,btc-updown-15m-1791090900,A,2026-10-04T05:15:00+00:00,2026-10-04T05:15:00Z,0.461,0.461,1.53,2026-10-04T05:15:01.387120+00:00,up,up,1.0,0.539,2026-10-04T05:32:30.323900+00:00
BTC,KXBTC15M-26OCT040130-30,btc-updown-15m-1791090900,A,2026-10-04T05:15:00+00:00,2026-10-04T05:30:00Z,0.63,0.63,1.36,2026-10-04T05:19:59.815424+00:00,up,up,1.0,0.37,2026-10-04T05:32:30.323900+00:00
ETH,KXETH15M-26OCT040115-15,eth-updown-15m-1791090900,A,2026-10-04T05:15:00+00:00,2026-10-04T05:15:00Z,0.491,0.491,1.49,2026-10-04T05:15:01.387120+00:00,up,up,1.0,0.509,2026-10-04T05:32:36.251602+00:00
ETH,KXETH15M-26OCT040130-30,eth-updown-15m-1791091800,A,2026-10-04T05:30:00+00:00,2026-10-04T05:30:00Z,0.401,0.401,1.54,2026-10-04T05:30:00.330769+00:00,up,up,1.0,0.599,2026-10-04T05:47:35.780102+00:00
ETH,KXETH15M-26OCT040145-45,eth-updown-15m-1791091800,B,2026-10-04T05:30:00+00:00,2026-10-04T05:45:00Z,0.73,1.26,0.73,2026-10-04T05:41:14.791682+00:00,up,up,1.0,0.27,2026-10-04T05:47:35.780102+00:00
ETH,KXETH15M-26OCT040200-00,eth-updown-15m-1791092700,A,2026-10-04T05:45:00+00:00,2026-10-04T06:00:00Z,0.77,0.77,1.24,2026-10-04T05:46:25.052875+00:00,down,down,1.0,0.23,2026-10-04T06:03:24.130868+00:00
BTC,KXBTC15M-26OCT040145-45,btc-updown-15m-1791092700,A,2026-10-04T05:45:00+00:00,2026-10-04T05:45:00Z,0.491,0.491,1.5,2026-10-04T05:45:03.328535+00:00,up,down,0.0,-0.491,2026-10-04T06:06:28.477469+00:00
BTC,KXBTC15M-26OCT040200-00,btc-updown-15m-1791092700,A,2026-10-04T05:45:00+00:00,2026-10-04T06:00:00Z,0.62,0.62,1.38,2026-10-04T05:55:58.585336+00:00,down,down,1.0,0.38,2026-10-04T06:06:28.477469+00:00
ETH,KXETH15M-26OCT040215-15,eth-updown-15m-1791093600,A,2026-10-04T06:00:00+00:00,2026-10-04T06:15:00Z,0.74,0.74,1.27,2026-10-04T06:11:48.164827+00:00,down,down,1.0,0.26,2026-10-04T06:18:15.931196+00:00
BTC,KXBTC15M-26OCT040215-15,btc-updown-15m-1791094500,A,2026-10-04T06:15:00+00:00,2026-10-04T06:15:00Z,0.592,0.592,1.4,2026-10-04T06:15:01.556211+00:00,up,down,0.0,-0.592,2026-10-04T06:34:19.948671+00:00
BTC,KXBTC15M-26OCT040230-30,btc-updown-15m-1791094500,A,2026-10-04T06:15:00+00:00,2026-10-04T06:30:00Z,0.73,0.73,1.27,2026-10-04T06:26:18.325637+00:00,down,down,1.0,0.27,2026-10-04T06:34:19.948671+00:00
ETH,KXETH15M-26OCT040230-30,eth-updown-15m-1791094500,A,2026-10-04T06:15:00+00:00,2026-10-04T06:30:00Z,0.77,0.77,1.22,2026-10-04T06:22:58.173294+00:00,down,down,1.0,0.23,2026-10-04T06:37:11.222669+00:00
ETH,KXETH15M-26OCT040245-45,eth-updown-15m-1791095400,B,2026-10-04T06:30:00+00:00,2026-10-04T06:45:00Z,0.78,1.22,0.78,2026-10-04T06:32:26.461658+00:00,up,up,1.0,0.22,2026-10-04T06:48:18.515459+00:00
BTC,KXBTC15M-26OCT040245-45,btc-updown-15m-1791096300,A,2026-10-04T06:45:00+00:00,2026-10-04T06:45:00Z,0.492,0.492,1.489,2026-10-04T06:45:02.258878+00:00,up,up,1.0,0.508,2026-10-04T07:06:18.632469+00:00
ETH,KXETH15M-26OCT040300-00,eth-updown-15m-1791097200,A,2026-10-04T07:00:00+00:00,2026-10-04T07:00:00Z,0.451,0.451,1.54,2026-10-04T07:00:03.270087+00:00,up,down,0.0,-0.451,2026-10-04T07:18:37.325772+00:00
BTC,KXBTC15M-26OCT040300-00,btc-updown-15m-1791097200,A,2026-10-04T07:00:00+00:00,2026-10-04T07:00:00Z,0.471,0.471,1.52,2026-10-04T07:00:03.270087+00:00,up,down,0.0,-0.471,2026-10-04T07:18:55.718099+00:00
BTC,KXBTC15M-26OCT040315-15,btc-updown-15m-1791098100,B,2026-10-04T07:15:00+00:00,2026-10-04T07:15:00Z,0.531,1.46,0.531,2026-10-04T07:15:03.698918+00:00,down,down,1.0,0.469,2026-10-04T07:32:16.917409+00:00
BTC,KXBTC15M-26OCT040330-30,btc-updown-15m-1791098100,B,2026-10-04T07:15:00+00:00,2026-10-04T07:30:00Z,0.75,1.25,0.75,2026-10-04T07:23:38.194312+00:00,down,down,1.0,0.25,2026-10-04T07:32:16.917409+00:00
ETH,KXETH15M-26OCT040315-15,eth-updown-15m-1791098100,B,2026-10-04T07:15:00+00:00,2026-10-04T07:15:00Z,0.481,1.51,0.481,2026-10-04T07:15:03.698918+00:00,down,down,1.0,0.519,2026-10-04T07:34:52.434588+00:00
BTC,KXBTC15M-26OCT040345-45,btc-updown-15m-1791099000,B,2026-10-04T07:30:00+00:00,2026-10-04T07:45:00Z,0.77,1.23,0.77,2026-10-04T07:35:31.817196+00:00,down,down,1.0,0.23,2026-10-04T07:49:55.355429+00:00
ETH,KXETH15M-26OCT040330-30,eth-updown-15m-1791099000,B,2026-10-04T07:30:00+00:00,2026-10-04T07:30:00Z,0.631,1.36,0.631,2026-10-04T07:30:19.135921+00:00,down,up,0.0,-0.631,2026-10-04T07:50:56.123432+00:00
ETH,KXETH15M-26OCT040345-45,eth-updown-15m-1791099000,B,2026-10-04T07:30:00+00:00,2026-10-04T07:45:00Z,0.64,1.37,0.64,2026-10-04T07:35:31.817196+00:00,up,up,1.0,0.36,2026-10-04T07:50:56.123432+00:00
BTC,KXBTC15M-26OCT040400-00,btc-updown-15m-1791100800,A,2026-10-04T08:00:00+00:00,2026-10-04T08:00:00Z,0.551,0.551,1.44,2026-10-04T08:00:00.659456+00:00,up,up,1.0,0.449,2026-10-04T08:19:02.846526+00:00
BTC,KXBTC15M-26OCT040415-15,btc-updown-15m-1791100800,A,2026-10-04T08:00:00+00:00,2026-10-04T08:15:00Z,0.79,0.79,1.21,2026-10-04T08:08:02.321806+00:00,up,up,1.0,0.21,2026-10-04T08:19:02.846526+00:00
ETH,KXETH15M-26OCT040400-00,eth-updown-15m-1791100800,A,2026-10-04T08:00:00+00:00,2026-10-04T08:00:00Z,0.431,0.431,1.56,2026-10-04T08:00:00.659456+00:00,up,down,0.0,-0.431,2026-10-04T08:21:37.396256+00:00
ETH,KXETH15M-26OCT040415-15,eth-updown-15m-1791100800,B,2026-10-04T08:00:00+00:00,2026-10-04T08:15:00Z,0.74,1.27,0.74,2026-10-04T08:01:35.064299+00:00,down,down,1.0,0.26,2026-10-04T08:21:37.396256+00:00
BTC,KXBTC15M-26OCT040430-30,btc-updown-15m-1791101700,B,2026-10-04T08:15:00+00:00,2026-10-04T08:30:00Z,0.75,1.25,0.75,2026-10-04T08:26:32.879416+00:00,up,up,1.0,0.25,2026-10-04T08:33:38.460080+00:00
ETH,KXETH15M-26OCT040430-30,eth-updown-15m-1791101700,B,2026-10-04T08:15:00+00:00,2026-10-04T08:30:00Z,0.67,1.31,0.67,2026-10-04T08:26:21.979021+00:00,down,down,1.0,0.33,2026-10-04T08:34:10.678384+00:00
BTC,KXBTC15M-26OCT040445-45,btc-updown-15m-1791102600,A,2026-10-04T08:30:00+00:00,2026-10-04T08:45:00Z,0.77,0.77,1.23,2026-10-04T08:30:28.730066+00:00,down,down,1.0,0.23,2026-10-04T08:51:17.806559+00:00
ETH,KXETH15M-26OCT040445-45,eth-updown-15m-1791103500,B,2026-10-04T08:45:00+00:00,2026-10-04T08:45:00Z,0.552,1.439,0.552,2026-10-04T08:45:04.579074+00:00,down,up,0.0,-0.552,2026-10-04T09:05:49.446631+00:00
BTC,KXBTC15M-26OCT040500-00,btc-updown-15m-1791104400,A,2026-10-04T09:00:00+00:00,2026-10-04T09:00:00Z,0.481,0.481,1.51,2026-10-04T09:00:05.377899+00:00,up,up,1.0,0.519,2026-10-04T09:17:20.996906+00:00
ETH,KXETH15M-26OCT040500-00,eth-updown-15m-1791104400,A,2026-10-04T09:00:00+00:00,2026-10-04T09:00:00Z,0.511,0.511,1.48,2026-10-04T09:00:05.377899+00:00,up,down,0.0,-0.511,2026-10-04T09:17:27.142805+00:00
ETH,KXETH15M-26OCT040515-15,eth-updown-15m-1791105300,B,2026-10-04T09:15:00+00:00,2026-10-04T09:15:00Z,0.571,1.42,0.571,2026-10-04T09:15:05.832218+00:00,down,up,0.0,-0.571,2026-10-04T09:34:33.403067+00:00
BTC,KXBTC15M-26OCT040515-15,btc-updown-15m-1791105300,A,2026-10-04T09:15:00+00:00,2026-10-04T09:15:00Z,0.451,0.451,1.54,2026-10-04T09:15:05.832218+00:00,up,up,1.0,0.549,2026-10-04T09:36:20.945485+00:00
ETH,KXETH15M-26OCT040530-30,eth-updown-15m-1791106200,A,2026-10-04T09:30:00+00:00,2026-10-04T09:30:00Z,0.401,0.401,1.54,2026-10-04T09:30:00.165966+00:00,up,up,1.0,0.599,2026-10-04T09:49:17.136951+00:00
ETH,KXETH15M-26OCT040545-45,eth-updown-15m-1791106200,B,2026-10-04T09:30:00+00:00,2026-10-04T09:45:00Z,0.787,1.213,0.787,2026-10-04T09:40:36.906720+00:00,up,up,1.0,0.213,2026-10-04T09:49:17.136951+00:00
BTC,KXBTC15M-26OCT040530-30,btc-updown-15m-1791106200,A,2026-10-04T09:30:00+00:00,2026-10-04T09:30:00Z,0.441,0.441,1.55,2026-10-04T09:30:00.165966+00:00,up,up,1.0,0.559,2026-10-04T09:50:16.569989+00:00
BTC,KXBTC15M-26OCT040545-45,btc-updown-15m-1791106200,B,2026-10-04T09:30:00+00:00,2026-10-04T09:45:00Z,0.78,1.22,0.78,2026-10-04T09:41:22.385051+00:00,up,up,1.0,0.22,2026-10-04T09:50:16.569989+00:00
BTC,KXBTC15M-26OCT040600-00,btc-updown-15m-1791107100,A,2026-10-04T09:45:00+00:00,2026-10-04T10:00:00Z,0.54,0.54,1.46,2026-10-04T09:50:15.509059+00:00,down,down,1.0,0.46,2026-10-04T10:05:07.529306+00:00
ETH,KXETH15M-26OCT040600-00,eth-updown-15m-1791108000,B,2026-10-04T10:00:00+00:00,2026-10-04T10:00:00Z,0.511,1.48,0.511,2026-10-04T10:00:01.907850+00:00,down,up,0.0,-0.511,2026-10-04T10:21:50.213209+00:00
ETH,KXETH15M-26OCT040615-15,eth-updown-15m-1791108000,A,2026-10-04T10:00:00+00:00,2026-10-04T10:15:00Z,0.66,0.66,1.33,2026-10-04T10:13:05.323503+00:00,up,up,1.0,0.34,2026-10-04T10:21:50.213209+00:00
BTC,KXBTC15M-26OCT040615-15,btc-updown-15m-1791108000,A,2026-10-04T10:00:00+00:00,2026-10-04T10:15:00Z,0.66,0.66,1.32,2026-10-04T10:13:05.323503+00:00,up,up,1.0,0.34,2026-10-04T10:22:01.708833+00:00
BTC,KXBTC15M-26OCT040645-45,btc-updown-15m-1791110700,B,2026-10-04T10:45:00+00:00,2026-10-04T10:45:00Z,0.501,1.49,0.501,2026-10-04T10:45:03.331419+00:00,down,down,1.0,0.499,2026-10-04T11:05:08.722175+00:00
BTC,KXBTC15M-26OCT040700-00,btc-updown-15m-1791110700,A,2026-10-04T10:45:00+00:00,2026-10-04T11:00:00Z,0.75,0.75,1.25,2026-10-04T10:57:24.168858+00:00,down,down,1.0,0.25,2026-10-04T11:05:08.722175+00:00
ETH,KXETH15M-26OCT040645-45,eth-updown-15m-1791110700,B,2026-10-04T10:45:00+00:00,2026-10-04T10:45:00Z,0.521,1.47,0.521,2026-10-04T10:45:03.331419+00:00,down,down,1.0,0.479,2026-10-04T11:05:14.614947+00:00
ETH,KXETH15M-26OCT040700-00,eth-updown-15m-1791110700,A,2026-10-04T10:45:00+00:00,2026-10-04T11:00:00Z,0.74,0.74,1.26,2026-10-04T10:57:18.598638+00:00,down,down,1.0,0.26,2026-10-04T11:05:14.614947+00:00
BTC,KXBTC15M-26OCT040715-15,btc-updown-15m-1791111600,B,2026-10-04T11:00:00+00:00,2026-10-04T11:15:00Z,0.79,1.21,0.79,2026-10-04T11:05:30.851199+00:00,down,down,1.0,0.21,2026-10-04T11:17:13.250496+00:00
ETH,KXETH15M-26OCT040715-15,eth-updown-15m-1791111600,A,2026-10-04T11:00:00+00:00,2026-10-04T11:15:00Z,0.64,0.64,1.36,2026-10-04T11:12:55.991139+00:00,down,down,1.0,0.36,2026-10-04T11:20:58.657781+00:00
ETH,KXETH15M-26OCT040730-30,eth-updown-15m-1791113400,A,2026-10-04T11:30:00+00:00,2026-10-04T11:30:00Z,0.551,0.551,1.44,2026-10-04T11:30:04.924183+00:00,up,down,0.0,-0.551,2026-10-04T11:47:06.689135+00:00
ETH,KXETH15M-26OCT040745-45,eth-updown-15m-1791113400,A,2026-10-04T11:30:00+00:00,2026-10-04T11:45:00Z,0.74,0.74,1.26,2026-10-04T11:32:39.565097+00:00,down,down,1.0,0.26,2026-10-04T11:47:06.689135+00:00
BTC,KXBTC15M-26OCT040730-30,btc-updown-15m-1791113400,A,2026-10-04T11:30:00+00:00,2026-10-04T11:30:00Z,0.571,0.571,1.42,2026-10-04T11:30:04.924183+00:00,up,down,0.0,-0.571,2026-10-04T11:47:12.388501+00:00
BTC,KXBTC15M-26OCT040745-45,btc-updown-15m-1791114300,B,2026-10-04T11:45:00+00:00,2026-10-04T11:45:00Z,0.431,1.56,0.431,2026-10-04T11:45:03.264050+00:00,down,up,0.0,-0.431,2026-10-04T12:03:44.641794+00:00
BTC,KXBTC15M-26OCT040800-00,btc-updown-15m-1791114300,A,2026-10-04T11:45:00+00:00,2026-10-04T12:00:00Z,0.79,0.79,1.21,2026-10-04T11:49:02.839859+00:00,up,up,1.0,0.21,2026-10-04T12:03:44.641794+00:00
BTC,KXBTC15M-26OCT040815-15,btc-updown-15m-1791115200,A,2026-10-04T12:00:00+00:00,2026-10-04T12:15:00Z,0.636,0.636,1.363,2026-10-04T12:12:57.498208+00:00,down,down,1.0,0.364,2026-10-04T12:18:05.983698+00:00
ETH,KXETH15M-26OCT040800-00,eth-updown-15m-1791115200,B,2026-10-04T12:00:00+00:00,2026-10-04T12:00:00Z,0.401,1.51,0.401,2026-10-04T12:00:00.088443+00:00,down,down,1.0,0.599,2026-10-04T12:20:50.029904+00:00
ETH,KXETH15M-26OCT040815-15,eth-updown-15m-1791115200,B,2026-10-04T12:00:00+00:00,2026-10-04T12:15:00Z,0.76,1.24,0.76,2026-10-04T12:01:27.556317+00:00,down,down,1.0,0.24,2026-10-04T12:20:50.029904+00:00
ETH,KXETH15M-26OCT040830-30,eth-updown-15m-1791116100,B,2026-10-04T12:15:00+00:00,2026-10-04T12:30:00Z,0.76,1.24,0.76,2026-10-04T12:18:05.381090+00:00,up,up,1.0,0.24,2026-10-04T12:32:23.736744+00:00
BTC,KXBTC15M-26OCT040830-30,btc-updown-15m-1791116100,B,2026-10-04T12:15:00+00:00,2026-10-04T12:30:00Z,0.78,1.22,0.78,2026-10-04T12:22:10.054577+00:00,up,up,1.0,0.22,2026-10-04T12:34:42.065816+00:00
BTC,KXBTC15M-26OCT040845-45,btc-updown-15m-1791117000,A,2026-10-04T12:30:00+00:00,2026-10-04T12:45:00Z,0.69,0.69,1.31,2026-10-04T12:32:28.847719+00:00,down,down,1.0,0.31,2026-10-04T12:47:56.120963+00:00
ETH,KXETH15M-26OCT040845-45,eth-updown-15m-1791117000,A,2026-10-04T12:30:00+00:00,2026-10-04T12:45:00Z,0.66,0.66,1.34,2026-10-04T12:32:28.847719+00:00,down,down,1.0,0.34,2026-10-04T12:50:09.462549+00:00
BTC,KXBTC15M-26OCT040900-00,btc-updown-15m-1791117900,A,2026-10-04T12:45:00+00:00,2026-10-04T13:00:00Z,0.79,0.79,1.22,2026-10-04T12:46:25.158646+00:00,down,down,1.0,0.21,2026-10-04T13:07:22.847819+00:00
BTC,KXBTC15M-26OCT040915-15,btc-updown-15m-1791118800,A,2026-10-04T13:00:00+00:00,2026-10-04T13:15:00Z,0.69,0.69,1.29,2026-10-04T13:10:00.194878+00:00,up,up,1.0,0.31,2026-10-04T13:17:53.075603+00:00
ETH,KXETH15M-26OCT040900-00,eth-updown-15m-1791118800,B,2026-10-04T13:00:00+00:00,2026-10-04T13:00:00Z,0.471,1.52,0.471,2026-10-04T13:00:05.131409+00:00,down,up,0.0,-0.471,2026-10-04T13:21:39.088498+00:00
ETH,KXETH15M-26OCT040915-15,eth-updown-15m-1791119700,A,2026-10-04T13:15:00+00:00,2026-10-04T13:15:00Z,0.521,0.521,1.47,2026-10-04T13:15:02.117323+00:00,up,up,1.0,0.479,2026-10-04T13:34:18.420915+00:00
ETH,KXETH15M-26OCT040930-30,eth-updown-15m-1791120600,A,2026-10-04T13:30:00+00:00,2026-10-04T13:30:00Z,0.521,0.521,1.48,2026-10-04T13:30:02.471387+00:00,up,down,0.0,-0.521,2026-10-04T13:49:59.963764+00:00
ETH,KXETH15M-26OCT040945-45,eth-updown-15m-1791120600,A,2026-10-04T13:30:00+00:00,2026-10-04T13:45:00Z,0.68,0.68,1.32,2026-10-04T13:35:38.701431+00:00,down,down,1.0,0.32,2026-10-04T13:49:59.963764+00:00
BTC,KXBTC15M-26OCT040930-30,btc-updown-15m-1791120600,A,2026-10-04T13:30:00+00:00,2026-10-04T13:30:00Z,0.501,0.501,1.49,2026-10-04T13:30:02.471387+00:00,up,up,1.0,0.499,2026-10-04T13:50:15.427907+00:00
BTC,KXBTC15M-26OCT040945-45,btc-updown-15m-1791120600,B,2026-10-04T13:30:00+00:00,2026-10-04T13:45:00Z,0.79,1.21,0.79,2026-10-04T13:36:44.879242+00:00,up,up,1.0,0.21,2026-10-04T13:50:15.427907+00:00
ETH,KXETH15M-26OCT041000-00,eth-updown-15m-1791121500,B,2026-10-04T13:45:00+00:00,2026-10-04T14:00:00Z,0.75,1.25,0.75,2026-10-04T13:46:11.746834+00:00,up,up,1.0,0.25,2026-10-04T14:02:50.982399+00:00
BTC,KXBTC15M-26OCT041000-00,btc-updown-15m-1791121500,B,2026-10-04T13:45:00+00:00,2026-10-04T14:00:00Z,0.79,1.21,0.79,2026-10-04T13:46:17.657285+00:00,up,up,1.0,0.21,2026-10-04T14:06:51.647287+00:00
ETH,KXETH15M-26OCT041015-15,eth-updown-15m-1791123300,B,2026-10-04T14:15:00+00:00,2026-10-04T14:15:00Z,0.451,1.51,0.451,2026-10-04T14:15:00.013107+00:00,down,down,1.0,0.549,2026-10-04T14:35:13.158277+00:00
BTC,KXBTC15M-26OCT041015-15,btc-updown-15m-1791123300,B,2026-10-04T14:15:00+00:00,2026-10-04T14:15:00Z,0.491,1.47,0.491,2026-10-04T14:15:00.013107+00:00,down,down,1.0,0.509,2026-10-04T14:35:25.433951+00:00
BTC,KXBTC15M-26OCT041030-30,btc-updown-15m-1791124200,B,2026-10-04T14:30:00+00:00,2026-10-04T14:30:00Z,0.511,1.48,0.511,2026-10-04T14:30:02.414541+00:00,down,down,1.0,0.489,2026-10-04T14:48:14.011986+00:00
BTC,KXBTC15M-26OCT041045-45,btc-updown-15m-1791124200,A,2026-10-04T14:30:00+00:00,2026-10-04T14:45:00Z,0.79,0.79,1.21,2026-10-04T14:36:36.577138+00:00,down,down,1.0,0.21,2026-10-04T14:48:14.011986+00:00
ETH,KXETH15M-26OCT041030-30,eth-updown-15m-1791124200,B,2026-10-04T14:30:00+00:00,2026-10-04T14:30:00Z,0.495,1.496,0.495,2026-10-04T14:30:02.414541+00:00,down,down,1.0,0.505,2026-10-04T14:52:28.896861+00:00
ETH,KXETH15M-26OCT041045-45,eth-updown-15m-1791124200,A,2026-10-04T14:30:00+00:00,2026-10-04T14:45:00Z,0.789,0.789,1.202,2026-10-04T14:36:36.577138+00:00,down,down,1.0,0.211,2026-10-04T14:52:28.896861+00:00
BTC,KXBTC15M-26OCT041100-00,btc-updown-15m-1791125100,B,2026-10-04T14:45:00+00:00,2026-10-04T15:00:00Z,0.79,1.21,0.79,2026-10-04T14:47:15.235016+00:00,up,up,1.0,0.21,2026-10-04T15:03:34.390875+00:00
ETH,KXETH15M-26OCT041100-00,eth-updown-15m-1791125100,B,2026-10-04T14:45:00+00:00,2026-10-04T15:00:00Z,0.76,1.24,0.76,2026-10-04T14:47:09.346952+00:00,up,up,1.0,0.24,2026-10-04T15:06:32.181141+00:00
BTC,KXBTC15M-26OCT041115-15,btc-updown-15m-1791126000,A,2026-10-04T15:00:00+00:00,2026-10-04T15:15:00Z,0.75,0.75,1.25,2026-10-04T15:07:37.862781+00:00,up,up,1.0,0.25,2026-10-04T15:18:48.404722+00:00
ETH,KXETH15M-26OCT041115-15,eth-updown-15m-1791126000,A,2026-10-04T15:00:00+00:00,2026-10-04T15:15:00Z,0.784,0.784,1.207,2026-10-04T15:04:50.787684+00:00,up,up,1.0,0.216,2026-10-04T15:19:45.128663+00:00
BTC,KXBTC15M-26OCT041130-30,btc-updown-15m-1791126900,A,2026-10-04T15:15:00+00:00,2026-10-04T15:30:00Z,0.78,0.78,1.22,2026-10-04T15:25:38.197179+00:00,down,up,2.0,1.22,2026-10-04T15:35:46.170875+00:00
ETH,KXETH15M-26OCT041130-30,eth-updown-15m-1791126900,A,2026-10-04T15:15:00+00:00,2026-10-04T15:30:00Z,0.75,0.75,1.26,2026-10-04T15:26:47.787685+00:00,up,up,1.0,0.25,2026-10-04T15:36:27.909407+00:00
BTC,KXBTC15M-26OCT041145-45,btc-updown-15m-1791127800,A,2026-10-04T15:30:00+00:00,2026-10-04T15:45:00Z,0.77,0.77,1.23,2026-10-04T15:43:33.624149+00:00,up,up,1.0,0.23,2026-10-04T15:47:40.341749+00:00
ETH,KXETH15M-26OCT041145-45,eth-updown-15m-1791128700,B,2026-10-04T15:45:00+00:00,2026-10-04T15:45:00Z,0.491,1.49,0.491,2026-10-04T15:45:03.612251+00:00,down,up,0.0,-0.491,2026-10-04T16:07:15.694304+00:00
BTC,KXBTC15M-26OCT041200-00,btc-updown-15m-1791129600,B,2026-10-04T16:00:00+00:00,2026-10-04T16:00:00Z,0.662,1.329,0.662,2026-10-04T16:00:00.016326+00:00,down,down,1.0,0.338,2026-10-04T16:18:45.803502+00:00
BTC,KXBTC15M-26OCT041215-15,btc-updown-15m-1791129600,B,2026-10-04T16:00:00+00:00,2026-10-04T16:15:00Z,0.74,1.26,0.74,2026-10-04T16:10:17.035728+00:00,down,down,1.0,0.26,2026-10-04T16:18:45.803502+00:00
ETH,KXETH15M-26OCT041200-00,eth-updown-15m-1791129600,A,2026-10-04T16:00:00+00:00,2026-10-04T16:00:00Z,0.372,0.372,1.54,2026-10-04T16:00:00.016326+00:00,up,up,1.0,0.628,2026-10-04T16:20:34.214060+00:00
ETH,KXETH15M-26OCT041215-15,eth-updown-15m-1791129600,B,2026-10-04T16:00:00+00:00,2026-10-04T16:15:00Z,0.79,1.21,0.79,2026-10-04T16:10:17.035728+00:00,up,up,1.0,0.21,2026-10-04T16:20:34.214060+00:00
ETH,KXETH15M-26OCT041230-30,eth-updown-15m-1791131400,B,2026-10-04T16:30:00+00:00,2026-10-04T16:30:00Z,0.531,1.43,0.531,2026-10-04T16:30:00.546354+00:00,down,up,0.0,-0.531,2026-10-04T16:48:25.915750+00:00
BTC,KXBTC15M-26OCT041230-30,btc-updown-15m-1791131400,B,2026-10-04T16:30:00+00:00,2026-10-04T16:30:00Z,0.481,1.51,0.481,2026-10-04T16:30:00.546354+00:00,down,up,0.0,-0.481,2026-10-04T16:49:22.217077+00:00
ETH,KXETH15M-26OCT041245-45,eth-updown-15m-1791132300,A,2026-10-04T16:45:00+00:00,2026-10-04T16:45:00Z,0.371,0.371,1.57,2026-10-04T16:45:01.769977+00:00,up,down,0.0,-0.371,2026-10-04T17:05:38.170504+00:00
ETH,KXETH15M-26OCT041300-00,eth-updown-15m-1791132300,B,2026-10-04T16:45:00+00:00,2026-10-04T17:00:00Z,0.78,1.22,0.78,2026-10-04T16:49:21.734655+00:00,down,down,1.0,0.22,2026-10-04T17:05:38.170504+00:00
BTC,KXBTC15M-26OCT041245-45,btc-updown-15m-1791132300,A,2026-10-04T16:45:00+00:00,2026-10-04T16:45:00Z,0.461,0.461,1.53,2026-10-04T16:45:01.769977+00:00,up,up,1.0,0.539,2026-10-04T17:06:00.895464+00:00
BTC,KXBTC15M-26OCT041300-00,btc-updown-15m-1791132300,B,2026-10-04T16:45:00+00:00,2026-10-04T17:00:00Z,0.65,1.34,0.65,2026-10-04T16:49:21.734655+00:00,up,up,1.0,0.35,2026-10-04T17:06:00.895464+00:00
BTC,KXBTC15M-26OCT041315-15,btc-updown-15m-1791133200,A,2026-10-04T17:00:00+00:00,2026-10-04T17:15:00Z,0.79,0.79,1.21,2026-10-04T17:09:22.811410+00:00,down,down,1.0,0.21,2026-10-04T17:19:46.562986+00:00
ETH,KXETH15M-26OCT041315-15,eth-updown-15m-1791134100,B,2026-10-04T17:15:00+00:00,2026-10-04T17:15:00Z,0.501,1.49,0.501,2026-10-04T17:15:02.370989+00:00,down,up,0.0,-0.501,2026-10-04T17:34:59.232472+00:00
BTC,KXBTC15M-26OCT041330-30,btc-updown-15m-1791135000,A,2026-10-04T17:30:00+00:00,2026-10-04T17:30:00Z,0.501,0.501,1.49,2026-10-04T17:30:03.645769+00:00,up,up,1.0,0.499,2026-10-04T17:49:08.718726+00:00
BTC,KXBTC15M-26OCT041345-45,btc-updown-15m-1791135000,B,2026-10-04T17:30:00+00:00,2026-10-04T17:45:00Z,0.451,1.541,0.451,2026-10-04T17:44:10.013250+00:00,up,up,1.0,0.549,2026-10-04T17:49:08.718726+00:00
ETH,KXETH15M-26OCT041330-30,eth-updown-15m-1791135000,A,2026-10-04T17:30:00+00:00,2026-10-04T17:30:00Z,0.481,0.481,1.52,2026-10-04T17:30:03.645769+00:00,up,up,1.0,0.519,2026-10-04T17:51:03.669362+00:00
ETH,KXETH15M-26OCT041345-45,eth-updown-15m-1791135000,B,2026-10-04T17:30:00+00:00,2026-10-04T17:45:00Z,0.742,1.2,0.742,2026-10-04T17:44:10.013250+00:00,up,up,1.0,0.258,2026-10-04T17:51:03.669362+00:00
ETH,KXETH15M-26OCT041400-00,eth-updown-15m-1791135900,A,2026-10-04T17:45:00+00:00,2026-10-04T18:00:00Z,0.78,0.78,1.21,2026-10-04T17:48:52.566634+00:00,down,down,1.0,0.22,2026-10-04T18:02:21.223330+00:00
BTC,KXBTC15M-26OCT041400-00,btc-updown-15m-1791135900,A,2026-10-04T17:45:00+00:00,2026-10-04T18:00:00Z,0.71,0.71,1.29,2026-10-04T17:48:52.566634+00:00,down,down,1.0,0.29,2026-10-04T18:02:32.556698+00:00
ETH,KXETH15M-26OCT041415-15,eth-updown-15m-1791136800,A,2026-10-04T18:00:00+00:00,2026-10-04T18:15:00Z,0.75,0.75,1.24,2026-10-04T18:06:00.362302+00:00,down,down,1.0,0.25,2026-10-04T18:18:20.559202+00:00
BTC,KXBTC15M-26OCT041415-15,btc-updown-15m-1791136800,A,2026-10-04T18:00:00+00:00,2026-10-04T18:15:00Z,0.79,0.79,1.21,2026-10-04T18:06:16.566647+00:00,down,down,1.0,0.21,2026-10-04T18:21:08.103782+00:00
ETH,KXETH15M-26OCT041430-30,eth-updown-15m-1791137700,A,2026-10-04T18:15:00+00:00,2026-10-04T18:30:00Z,0.74,0.74,1.26,2026-10-04T18:27:01.230329+00:00,down,down,1.0,0.26,2026-10-04T18:37:22.020613+00:00
BTC,KXBTC15M-26OCT041430-30,btc-updown-15m-1791138600,A,2026-10-04T18:30:00+00:00,2026-10-04T18:30:00Z,0.543,0.543,1.448,2026-10-04T18:30:01.860119+00:00,up,up,1.0,0.457,2026-10-04T18:48:10.352448+00:00
BTC,KXBTC15M-26OCT041445-45,btc-updown-15m-1791138600,A,2026-10-04T18:30:00+00:00,2026-10-04T18:45:00Z,0.78,0.78,1.23,2026-10-04T18:33:37.259944+00:00,up,up,1.0,0.22,2026-10-04T18:48:10.352448+00:00
ETH,KXETH15M-26OCT041445-45,eth-updown-15m-1791138600,A,2026-10-04T18:30:00+00:00,2026-10-04T18:45:00Z,0.69,0.69,1.32,2026-10-04T18:33:37.259944+00:00,up,up,1.0,0.31,2026-10-04T18:49:32.109841+00:00
ETH,KXETH15M-26OCT041500-00,eth-updown-15m-1791139500,A,2026-10-04T18:45:00+00:00,2026-10-04T19:00:00Z,0.72,0.72,1.28,2026-10-04T18:48:54.161716+00:00,down,down,1.0,0.28,2026-10-04T19:04:02.787095+00:00
BTC,KXBTC15M-26OCT041500-00,btc-updown-15m-1791139500,B,2026-10-04T18:45:00+00:00,2026-10-04T19:00:00Z,0.79,1.21,0.79,2026-10-04T18:54:27.992397+00:00,down,down,1.0,0.21,2026-10-04T19:07:28.530573+00:00
BTC,KXBTC15M-26OCT041515-15,btc-updown-15m-1791140400,B,2026-10-04T19:00:00+00:00,2026-10-04T19:15:00Z,0.77,1.23,0.77,2026-10-04T19:01:53.170635+00:00,up,up,1.0,0.23,2026-10-04T19:19:27.156245+00:00
ETH,KXETH15M-26OCT041515-15,eth-updown-15m-1791140400,B,2026-10-04T19:00:00+00:00,2026-10-04T19:15:00Z,0.66,1.34,0.66,2026-10-04T19:01:53.170635+00:00,up,up,1.0,0.34,2026-10-04T19:20:02.709708+00:00
BTC,KXBTC15M-26OCT041530-30,btc-updown-15m-1791141300,B,2026-10-04T19:15:00+00:00,2026-10-04T19:30:00Z,0.75,1.25,0.75,2026-10-04T19:25:06.595781+00:00,up,up,1.0,0.25,2026-10-04T19:36:27.865357+00:00
ETH,KXETH15M-26OCT041530-30,eth-updown-15m-1791142200,A,2026-10-04T19:30:00+00:00,2026-10-04T19:30:00Z,0.451,0.451,1.5,2026-10-04T19:30:01.709681+00:00,up,down,0.0,-0.451,2026-10-04T19:46:59.193683+00:00
ETH,KXETH15M-26OCT041545-45,eth-updown-15m-1791142200,B,2026-10-04T19:30:00+00:00,2026-10-04T19:45:00Z,0.77,1.24,0.77,2026-10-04T19:34:10.853219+00:00,down,down,1.0,0.23,2026-10-04T19:46:59.193683+00:00
BTC,KXBTC15M-26OCT041545-45,btc-updown-15m-1791142200,B,2026-10-04T19:30:00+00:00,2026-10-04T19:45:00Z,0.71,1.29,0.71,2026-10-04T19:31:57.268062+00:00,down,down,1.0,0.29,2026-10-04T19:50:21.210419+00:00
ETH,KXETH15M-26OCT041600-00,eth-updown-15m-1791143100,A,2026-10-04T19:45:00+00:00,2026-10-04T20:00:00Z,0.66,0.66,1.34,2026-10-04T19:50:55.390056+00:00,down,down,1.0,0.34,2026-10-04T20:03:07.257159+00:00
BTC,KXBTC15M-26OCT041600-00,btc-updown-15m-1791143100,A,2026-10-04T19:45:00+00:00,2026-10-04T20:00:00Z,0.71,0.71,1.25,2026-10-04T19:50:55.390056+00:00,down,down,1.0,0.29,2026-10-04T20:05:30.615589+00:00
ETH,KXETH15M-26OCT041615-15,eth-updown-15m-1791144000,B,2026-10-04T20:00:00+00:00,2026-10-04T20:15:00Z,0.74,1.26,0.74,2026-10-04T20:02:25.215004+00:00,down,down,1.0,0.26,2026-10-04T20:18:15.275445+00:00
BTC,KXBTC15M-26OCT041615-15,btc-updown-15m-1791144000,B,2026-10-04T20:00:00+00:00,2026-10-04T20:15:00Z,0.72,1.28,0.72,2026-10-04T20:02:25.215004+00:00,up,up,1.0,0.28,2026-10-04T20:21:10.940566+00:00
ETH,KXETH15M-26OCT041630-30,eth-updown-15m-1791145800,A,2026-10-04T20:30:00+00:00,2026-10-04T20:30:00Z,0.521,0.521,1.47,2026-10-04T20:30:03.787325+00:00,up,up,1.0,0.479,2026-10-04T20:47:30.925911+00:00
ETH,KXETH15M-26OCT041645-45,eth-updown-15m-1791145800,A,2026-10-04T20:30:00+00:00,2026-10-04T20:45:00Z,0.75,0.75,1.21,2026-10-04T20:30:58.333824+00:00,up,up,1.0,0.25,2026-10-04T20:47:30.925911+00:00
BTC,KXBTC15M-26OCT041630-30,btc-updown-15m-1791145800,A,2026-10-04T20:30:00+00:00,2026-10-04T20:30:00Z,0.551,0.551,1.45,2026-10-04T20:30:03.787325+00:00,up,up,1.0,0.449,2026-10-04T20:52:14.265046+00:00
BTC,KXBTC15M-26OCT041645-45,btc-updown-15m-1791146700,A,2026-10-04T20:45:00+00:00,2026-10-04T20:45:00Z,0.421,0.421,1.57,2026-10-04T20:45:04.016849+00:00,up,up,1.0,0.579,2026-10-04T21:05:03.508662+00:00
BTC,KXBTC15M-26OCT041700-00,btc-updown-15m-1791146700,B,2026-10-04T20:45:00+00:00,2026-10-04T21:00:00Z,0.79,1.21,0.79,2026-10-04T20:47:09.406058+00:00,up,up,1.0,0.21,2026-10-04T21:05:03.508662+00:00
ETH,KXETH15M-26OCT041700-00,eth-updown-15m-1791146700,B,2026-10-04T20:45:00+00:00,2026-10-04T21:00:00Z,0.78,1.24,0.78,2026-10-04T20:47:09.406058+00:00,up,up,1.0,0.22,2026-10-04T21:06:20.823094+00:00
BTC,KXBTC15M-26OCT041715-15,btc-updown-15m-1791148500,A,2026-10-04T21:15:00+00:00,2026-10-04T21:15:00Z,0.441,0.441,1.55,2026-10-04T21:15:00.829862+00:00,up,down,0.0,-0.441,2026-10-04T21:32:10.016589+00:00
ETH,KXETH15M-26OCT041715-15,eth-updown-15m-1791148500,A,2026-10-04T21:15:00+00:00,2026-10-04T21:15:00Z,0.401,0.401,1.56,2026-10-04T21:15:00.829862+00:00,up,down,0.0,-0.401,2026-10-04T21:34:58.067992+00:00
ETH,KXETH15M-26OCT041730-30,eth-updown-15m-1791148500,A,2026-10-04T21:15:00+00:00,2026-10-04T21:30:00Z,0.75,0.75,1.25,2026-10-04T21:20:55.116695+00:00,down,down,1.0,0.25,2026-10-04T21:34:58.067992+00:00
BTC,KXBTC15M-26OCT041730-30,btc-updown-15m-1791149400,B,2026-10-04T21:30:00+00:00,2026-10-04T21:30:00Z,0.491,1.5,0.491,2026-10-04T21:30:01.013521+00:00,down,up,0.0,-0.491,2026-10-04T21:50:27.752230+00:00
ETH,KXETH15M-26OCT041745-45,eth-updown-15m-1791149400,A,2026-10-04T21:30:00+00:00,2026-10-04T21:45:00Z,0.757,0.757,1.235,2026-10-04T21:40:43.086498+00:00,up,up,1.0,0.243,2026-10-04T21:51:05.922516+00:00
BTC,KXBTC15M-26OCT041745-45,btc-updown-15m-1791150300,A,2026-10-04T21:45:00+00:00,2026-10-04T21:45:00Z,0.531,0.531,1.46,2026-10-04T21:45:05.376761+00:00,up,down,0.0,-0.531,2026-10-04T22:03:17.814434+00:00
ETH,KXETH15M-26OCT041800-00,eth-updown-15m-1791150300,B,2026-10-04T21:45:00+00:00,2026-10-04T22:00:00Z,0.78,1.22,0.78,2026-10-04T21:50:10.631160+00:00,down,down,1.0,0.22,2026-10-04T22:06:12.584050+00:00
BTC,KXBTC15M-26OCT041800-00,btc-updown-15m-1791151200,B,2026-10-04T22:00:00+00:00,2026-10-04T22:00:00Z,0.381,1.61,0.381,2026-10-04T22:00:03.024777+00:00,down,up,0.0,-0.381,2026-10-04T22:21:54.389514+00:00
ETH,KXETH15M-26OCT041815-15,eth-updown-15m-1791152100,A,2026-10-04T22:15:00+00:00,2026-10-04T22:15:00Z,0.491,0.491,1.5,2026-10-04T22:15:01.963782+00:00,up,up,1.0,0.509,2026-10-04T22:33:07.562382+00:00
BTC,KXBTC15M-26OCT041815-15,btc-updown-15m-1791152100,A,2026-10-04T22:15:00+00:00,2026-10-04T22:15:00Z,0.441,0.441,1.55,2026-10-04T22:15:01.963782+00:00,up,down,0.0,-0.441,2026-10-04T22:33:43.546892+00:00
BTC,KXBTC15M-26OCT041830-30,btc-updown-15m-1791152100,B,2026-10-04T22:15:00+00:00,2026-10-04T22:30:00Z,0.7,1.3,0.7,2026-10-04T22:16:21.824563+00:00,down,down,1.0,0.3,2026-10-04T22:33:43.546892+00:00
ETH,KXETH15M-26OCT041845-45,eth-updown-15m-1791153000,A,2026-10-04T22:30:00+00:00,2026-10-04T22:45:00Z,0.79,0.79,1.21,2026-10-04T22:38:50.047954+00:00,up,up,1.0,0.21,2026-10-04T22:48:23.239720+00:00
BTC,KXBTC15M-26OCT041845-45,btc-updown-15m-1791153900,A,2026-10-04T22:45:00+00:00,2026-10-04T22:45:00Z,0.421,0.421,1.57,2026-10-04T22:45:01.745460+00:00,up,up,1.0,0.579,2026-10-04T23:06:37.380355+00:00
BTC,KXBTC15M-26OCT041900-00,btc-updown-15m-1791153900,B,2026-10-04T22:45:00+00:00,2026-10-04T23:00:00Z,0.76,1.24,0.76,2026-10-04T22:53:31.618531+00:00,up,up,1.0,0.24,2026-10-04T23:06:37.380355+00:00
ETH,KXETH15M-26OCT041900-00,eth-updown-15m-1791153900,B,2026-10-04T22:45:00+00:00,2026-10-04T23:00:00Z,0.77,1.23,0.77,2026-10-04T22:52:58.591285+00:00,up,up,1.0,0.23,2026-10-04T23:06:42.893364+00:00
ETH,KXETH15M-26OCT041915-15,eth-updown-15m-1791154800,B,2026-10-04T23:00:00+00:00,2026-10-04T23:15:00Z,0.78,1.23,0.78,2026-10-04T23:04:08.863867+00:00,up,up,1.0,0.22,2026-10-04T23:19:36.041217+00:00
ETH,KXETH15M-26OCT041930-30,eth-updown-15m-1791155700,A,2026-10-04T23:15:00+00:00,2026-10-04T23:30:00Z,0.78,0.78,1.22,2026-10-04T23:18:42.286289+00:00,down,down,1.0,0.22,2026-10-04T23:33:31.305230+00:00
BTC,KXBTC15M-26OCT041915-15,btc-updown-15m-1791155700,A,2026-10-04T23:15:00+00:00,2026-10-04T23:15:00Z,0.421,0.421,1.57,2026-10-04T23:15:05.132689+00:00,up,up,1.0,0.579,2026-10-04T23:35:20.836623+00:00
BTC,KXBTC15M-26OCT041930-30,btc-updown-15m-1791155700,B,2026-10-04T23:15:00+00:00,2026-10-04T23:30:00Z,0.77,1.23,0.77,2026-10-04T23:17:22.330401+00:00,up,up,1.0,0.23,2026-10-04T23:35:20.836623+00:00
BTC,KXBTC15M-26OCT041945-45,btc-updown-15m-1791156600,A,2026-10-04T23:30:00+00:00,2026-10-04T23:45:00Z,0.78,0.78,1.22,2026-10-04T23:32:02.910260+00:00,down,down,1.0,0.22,2026-10-04T23:50:49.243418+00:00
BTC,KXBTC15M-26OCT042000-00,btc-updown-15m-1791157500,A,2026-10-04T23:45:00+00:00,2026-10-05T00:00:00Z,0.76,0.76,1.24,2026-10-04T23:53:13.539816+00:00,up,up,1.0,0.24,2026-10-05T00:02:05.799145+00:00
ETH,KXETH15M-26OCT041945-45,eth-updown-15m-1791157500,B,2026-10-04T23:45:00+00:00,2026-10-04T23:45:00Z,0.461,1.53,0.461,2026-10-04T23:45:03.158379+00:00,down,down,1.0,0.539,2026-10-05T00:05:00.842482+00:00
ETH,KXETH15M-26OCT042000-00,eth-updown-15m-1791157500,A,2026-10-04T23:45:00+00:00,2026-10-05T00:00:00Z,0.75,0.75,1.24,2026-10-04T23:53:13.539816+00:00,down,down,1.0,0.25,2026-10-05T00:05:00.842482+00:00
ETH,KXETH15M-26OCT042015-15,eth-updown-15m-1791158400,B,2026-10-05T00:00:00+00:00,2026-10-05T00:15:00Z,0.788,1.193,0.788,2026-10-05T00:10:53.414755+00:00,down,down,1.0,0.212,2026-10-05T00:20:21.881669+00:00
BTC,KXBTC15M-26OCT042015-15,btc-updown-15m-1791159300,B,2026-10-05T00:15:00+00:00,2026-10-05T00:15:00Z,0.501,1.49,0.501,2026-10-05T00:15:04.633233+00:00,down,down,1.0,0.499,2026-10-05T00:35:13.911289+00:00
BTC,KXBTC15M-26OCT042030-30,btc-updown-15m-1791159300,A,2026-10-05T00:15:00+00:00,2026-10-05T00:30:00Z,0.79,0.79,1.21,2026-10-05T00:24:20.097685+00:00,down,down,1.0,0.21,2026-10-05T00:35:13.911289+00:00
ETH,KXETH15M-26OCT042030-30,eth-updown-15m-1791159300,A,2026-10-05T00:15:00+00:00,2026-10-05T00:30:00Z,0.75,0.75,1.26,2026-10-05T00:24:08.507886+00:00,down,down,1.0,0.25,2026-10-05T00:36:35.290665+00:00
BTC,KXBTC15M-26OCT042045-45,btc-updown-15m-1791160200,B,2026-10-05T00:30:00+00:00,2026-10-05T00:45:00Z,0.79,1.21,0.79,2026-10-05T00:36:23.306602+00:00,up,up,1.0,0.21,2026-10-05T00:47:53.247289+00:00
BTC,KXBTC15M-26OCT042100-00,btc-updown-15m-1791161100,B,2026-10-05T00:45:00+00:00,2026-10-05T01:00:00Z,0.73,1.27,0.73,2026-10-05T00:51:19.828509+00:00,up,up,1.0,0.27,2026-10-05T01:05:00.775047+00:00
ETH,KXETH15M-26OCT042045-45,eth-updown-15m-1791161100,A,2026-10-05T00:45:00+00:00,2026-10-05T00:45:00Z,0.481,0.481,1.49,2026-10-05T00:45:00.189878+00:00,up,up,1.0,0.519,2026-10-05T01:05:12.022305+00:00
ETH,KXETH15M-26OCT042100-00,eth-updown-15m-1791161100,B,2026-10-05T00:45:00+00:00,2026-10-05T01:00:00Z,0.79,1.21,0.79,2026-10-05T00:48:34.225404+00:00,up,up,1.0,0.21,2026-10-05T01:05:12.022305+00:00
BTC,KXBTC15M-26OCT042115-15,btc-updown-15m-1791162000,A,2026-10-05T01:00:00+00:00,2026-10-05T01:15:00Z,0.51,0.51,1.49,2026-10-05T01:14:53.553138+00:00,up,down,0.0,-0.51,2026-10-05T01:18:15.415010+00:00
ETH,KXETH15M-26OCT042130-30,eth-updown-15m-1791162900,A,2026-10-05T01:15:00+00:00,2026-10-05T01:30:00Z,0.78,0.78,1.2,2026-10-05T01:16:32.257000+00:00,up,up,1.0,0.22,2026-10-05T01:33:19.166341+00:00
BTC,KXBTC15M-26OCT042145-45,btc-updown-15m-1791163800,A,2026-10-05T01:30:00+00:00,2026-10-05T01:45:00Z,0.76,0.76,1.24,2026-10-05T01:30:34.009262+00:00,down,down,1.0,0.24,2026-10-05T01:51:34.819044+00:00
ETH,KXETH15M-26OCT042145-45,eth-updown-15m-1791164700,B,2026-10-05T01:45:00+00:00,2026-10-05T01:45:00Z,0.511,1.48,0.511,2026-10-05T01:45:04.148545+00:00,down,down,1.0,0.489,2026-10-05T02:06:40.375758+00:00
BTC,KXBTC15M-26OCT042200-00,btc-updown-15m-1791164700,A,2026-10-05T01:45:00+00:00,2026-10-05T02:00:00Z,0.77,0.77,1.23,2026-10-05T01:50:37.440085+00:00,down,down,1.0,0.23,2026-10-05T02:06:40.375758+00:00
ETH,KXETH15M-26OCT042200-00,eth-updown-15m-1791164700,A,2026-10-05T01:45:00+00:00,2026-10-05T02:00:00Z,0.73,0.73,1.27,2026-10-05T01:50:37.440085+00:00,down,down,1.0,0.27,2026-10-05T02:06:40.375758+00:00
BTC,KXBTC15M-26OCT042215-15,btc-updown-15m-1791165600,B,2026-10-05T02:00:00+00:00,2026-10-05T02:15:00Z,0.79,1.21,0.79,2026-10-05T02:04:09.031468+00:00,up,up,1.0,0.21,2026-10-05T02:19:49.061404+00:00
BTC,KXBTC15M-26OCT042230-30,btc-updown-15m-1791166500,A,2026-10-05T02:15:00+00:00,2026-10-05T02:30:00Z,0.78,0.78,1.22,2026-10-05T02:17:07.824941+00:00,down,down,1.0,0.22,2026-10-05T02:35:01.668767+00:00
ETH,KXETH15M-26OCT042215-15,eth-updown-15m-1791166500,A,2026-10-05T02:15:00+00:00,2026-10-05T02:15:00Z,0.441,0.441,1.54,2026-10-05T02:15:01.534437+00:00,up,up,1.0,0.559,2026-10-05T02:35:24.806388+00:00
ETH,KXETH15M-26OCT042230-30,eth-updown-15m-1791166500,A,2026-10-05T02:15:00+00:00,2026-10-05T02:30:00Z,0.72,0.72,1.28,2026-10-05T02:21:24.624480+00:00,up,up,1.0,0.28,2026-10-05T02:35:24.806388+00:00
BTC,KXBTC15M-26OCT042245-45,btc-updown-15m-1791167400,A,2026-10-05T02:30:00+00:00,2026-10-05T02:45:00Z,0.78,0.78,1.22,2026-10-05T02:37:09.488360+00:00,up,up,1.0,0.22,2026-10-05T02:51:12.059097+00:00
ETH,KXETH15M-26OCT042245-45,eth-updown-15m-1791167400,A,2026-10-05T02:30:00+00:00,2026-10-05T02:45:00Z,0.75,0.75,1.25,2026-10-05T02:31:06.191496+00:00,up,up,1.0,0.25,2026-10-05T02:52:05.610637+00:00
ETH,KXETH15M-26OCT042300-00,eth-updown-15m-1791168300,B,2026-10-05T02:45:00+00:00,2026-10-05T03:00:00Z,0.52,1.47,0.52,2026-10-05T02:45:04.882908+00:00,down,down,1.0,0.48,2026-10-05T03:02:09.599487+00:00
BTC,KXBTC15M-26OCT042300-00,btc-updown-15m-1791169200,B,2026-10-05T03:00:00+00:00,2026-10-05T03:00:00Z,0.471,1.52,0.471,2026-10-05T03:00:02.569815+00:00,down,down,1.0,0.529,2026-10-05T03:19:47.945939+00:00
BTC,KXBTC15M-26OCT042315-15,btc-updown-15m-1791170100,B,2026-10-05T03:15:00+00:00,2026-10-05T03:15:00Z,0.493,1.498,0.493,2026-10-05T03:15:05.189479+00:00,down,down,1.0,0.507,2026-10-05T03:34:50.949616+00:00
BTC,KXBTC15M-26OCT042330-30,btc-updown-15m-1791170100,A,2026-10-05T03:15:00+00:00,2026-10-05T03:30:00Z,0.75,0.75,1.25,2026-10-05T03:15:45.138993+00:00,down,down,1.0,0.25,2026-10-05T03:34:50.949616+00:00
ETH,KXETH15M-26OCT042330-30,eth-updown-15m-1791171000,B,2026-10-05T03:30:00+00:00,2026-10-05T03:30:00Z,0.481,1.51,0.481,2026-10-05T03:30:01.661662+00:00,down,down,1.0,0.519,2026-10-05T03:48:02.815363+00:00
BTC,KXBTC15M-26OCT042345-45,btc-updown-15m-1791171900,B,2026-10-05T03:45:00+00:00,2026-10-05T03:45:00Z,0.451,1.54,0.451,2026-10-05T03:45:04.083489+00:00,down,down,1.0,0.549,2026-10-05T04:04:01.896988+00:00
ETH,KXETH15M-26OCT042345-45,eth-updown-15m-1791171900,B,2026-10-05T03:45:00+00:00,2026-10-05T03:45:00Z,0.451,1.54,0.451,2026-10-05T03:45:04.083489+00:00,down,down,1.0,0.549,2026-10-05T04:04:30.914464+00:00
ETH,KXETH15M-26OCT050000-00,eth-updown-15m-1791171900,A,2026-10-05T03:45:00+00:00,2026-10-05T04:00:00Z,0.79,0.79,1.21,2026-10-05T03:50:49.951968+00:00,down,down,1.0,0.21,2026-10-05T04:04:30.914464+00:00
ETH,KXETH15M-26OCT050015-15,eth-updown-15m-1791172800,B,2026-10-05T04:00:00+00:00,2026-10-05T04:15:00Z,0.75,1.25,0.75,2026-10-05T04:01:28.312731+00:00,down,down,1.0,0.25,2026-10-05T04:20:17.364221+00:00
BTC,KXBTC15M-26OCT050000-00,btc-updown-15m-1791172800,B,2026-10-05T04:00:00+00:00,2026-10-05T04:00:00Z,0.371,1.62,0.371,2026-10-05T04:00:02.991184+00:00,down,down,1.0,0.629,2026-10-05T04:22:37.154171+00:00
BTC,KXBTC15M-26OCT050015-15,btc-updown-15m-1791172800,A,2026-10-05T04:00:00+00:00,2026-10-05T04:15:00Z,0.62,0.62,1.37,2026-10-05T04:08:06.740071+00:00,down,down,1.0,0.38,2026-10-05T04:22:37.154171+00:00
ETH,KXETH15M-26OCT050030-30,eth-updown-15m-1791173700,B,2026-10-05T04:15:00+00:00,2026-10-05T04:30:00Z,0.79,1.21,0.79,2026-10-05T04:24:32.734764+00:00,down,down,1.0,0.21,2026-10-05T04:34:59.167132+00:00
ETH,KXETH15M-26OCT050045-45,eth-updown-15m-1791174600,A,2026-10-05T04:30:00+00:00,2026-10-05T04:45:00Z,0.77,0.77,1.23,2026-10-05T04:32:31.023583+00:00,down,down,1.0,0.23,2026-10-05T04:49:32.657717+00:00
BTC,KXBTC15M-26OCT050030-30,btc-updown-15m-1791174600,B,2026-10-05T04:30:00+00:00,2026-10-05T04:30:00Z,0.531,1.46,0.531,2026-10-05T04:30:01.900445+00:00,down,down,1.0,0.469,2026-10-05T04:50:39.414292+00:00
BTC,KXBTC15M-26OCT050045-45,btc-updown-15m-1791175500,B,2026-10-05T04:45:00+00:00,2026-10-05T04:45:00Z,0.471,1.52,0.471,2026-10-05T04:45:05.251045+00:00,down,down,1.0,0.529,2026-10-05T05:06:18.345469+00:00
ETH,KXETH15M-26OCT050100-00,eth-updown-15m-1791175500,B,2026-10-05T04:45:00+00:00,2026-10-05T05:00:00Z,0.79,1.21,0.79,2026-10-05T04:55:59.352868+00:00,down,down,1.0,0.21,2026-10-05T05:06:44.120027+00:00
BTC,KXBTC15M-26OCT050100-00,btc-updown-15m-1791176400,B,2026-10-05T05:00:00+00:00,2026-10-05T05:00:00Z,0.411,1.58,0.411,2026-10-05T05:00:04.558910+00:00,down,down,1.0,0.589,2026-10-05T05:21:41.709120+00:00
BTC,KXBTC15M-26OCT050115-15,btc-updown-15m-1791176400,B,2026-10-05T05:00:00+00:00,2026-10-05T05:15:00Z,0.64,1.36,0.64,2026-10-05T05:12:09.428389+00:00,down,down,1.0,0.36,2026-10-05T05:21:41.709120+00:00
BTC,KXBTC15M-26OCT050130-30,btc-updown-15m-1791177300,B,2026-10-05T05:15:00+00:00,2026-10-05T05:30:00Z,0.77,1.19,0.77,2026-10-05T05:25:32.312493+00:00,up,up,1.0,0.23,2026-10-05T05:36:11.687284+00:00
ETH,KXETH15M-26OCT050115-15,eth-updown-15m-1791177300,B,2026-10-05T05:15:00+00:00,2026-10-05T05:15:00Z,0.471,1.52,0.471,2026-10-05T05:15:05.340817+00:00,down,down,1.0,0.529,2026-10-05T05:36:28.375638+00:00
ETH,KXETH15M-26OCT050130-30,eth-updown-15m-1791178200,B,2026-10-05T05:30:00+00:00,2026-10-05T05:30:00Z,0.601,1.39,0.601,2026-10-05T05:30:15.711458+00:00,down,up,0.0,-0.601,2026-10-05T05:48:38.852589+00:00
BTC,KXBTC15M-26OCT050145-45,btc-updown-15m-1791178200,B,2026-10-05T05:30:00+00:00,2026-10-05T05:45:00Z,0.78,1.22,0.78,2026-10-05T05:33:17.587478+00:00,up,up,1.0,0.22,2026-10-05T05:49:12.066505+00:00
BTC,KXBTC15M-26OCT050200-00,btc-updown-15m-1791179100,B,2026-10-05T05:45:00+00:00,2026-10-05T06:00:00Z,0.71,1.29,0.71,2026-10-05T05:58:23.627875+00:00,up,up,1.0,0.29,2026-10-05T06:04:10.932396+00:00
ETH,KXETH15M-26OCT050145-45,eth-updown-15m-1791179100,A,2026-10-05T05:45:00+00:00,2026-10-05T05:45:00Z,0.511,0.511,1.43,2026-10-05T05:45:01.700288+00:00,up,up,1.0,0.489,2026-10-05T06:06:35.027071+00:00
ETH,KXETH15M-26OCT050200-00,eth-updown-15m-1791179100,B,2026-10-05T05:45:00+00:00,2026-10-05T06:00:00Z,0.73,1.27,0.73,2026-10-05T05:58:23.627875+00:00,up,up,1.0,0.27,2026-10-05T06:06:35.027071+00:00
BTC,KXBTC15M-26OCT050215-15,btc-updown-15m-1791180900,A,2026-10-05T06:15:00+00:00,2026-10-05T06:15:00Z,0.491,0.491,1.5,2026-10-05T06:15:02.730832+00:00,up,down,0.0,-0.491,2026-10-05T06:33:24.537385+00:00
BTC,KXBTC15M-26OCT050230-30,btc-updown-15m-1791180900,A,2026-10-05T06:15:00+00:00,2026-10-05T06:30:00Z,0.31,0.31,1.69,2026-10-05T06:29:25.892405+00:00,down,down,1.0,0.69,2026-10-05T06:33:24.537385+00:00
ETH,KXETH15M-26OCT050215-15,eth-updown-15m-1791180900,A,2026-10-05T06:15:00+00:00,2026-10-05T06:15:00Z,0.511,0.511,1.48,2026-10-05T06:15:02.730832+00:00,up,up,1.0,0.489,2026-10-05T06:34:02.917387+00:00
ETH,KXETH15M-26OCT050230-30,eth-updown-15m-1791180900,A,2026-10-05T06:15:00+00:00,2026-10-05T06:30:00Z,0.77,0.77,1.23,2026-10-05T06:22:14.292547+00:00,up,up,1.0,0.23,2026-10-05T06:34:02.917387+00:00
BTC,KXBTC15M-26OCT050245-45,btc-updown-15m-1791181800,A,2026-10-05T06:30:00+00:00,2026-10-05T06:45:00Z,0.74,0.74,1.26,2026-10-05T06:32:28.160423+00:00,down,down,1.0,0.26,2026-10-05T06:49:30.210683+00:00
ETH,KXETH15M-26OCT050245-45,eth-updown-15m-1791181800,A,2026-10-05T06:30:00+00:00,2026-10-05T06:45:00Z,0.66,0.66,1.34,2026-10-05T06:43:21.399675+00:00,down,down,1.0,0.34,2026-10-05T06:49:40.457239+00:00
BTC,KXBTC15M-26OCT050300-00,btc-updown-15m-1791182700,B,2026-10-05T06:45:00+00:00,2026-10-05T07:00:00Z,0.74,1.25,0.74,2026-10-05T06:46:40.673649+00:00,up,up,1.0,0.26,2026-10-05T07:03:28.024575+00:00
ETH,KXETH15M-26OCT050300-00,eth-updown-15m-1791182700,B,2026-10-05T06:45:00+00:00,2026-10-05T07:00:00Z,0.77,1.23,0.77,2026-10-05T06:46:40.673649+00:00,up,up,1.0,0.23,2026-10-05T07:06:13.839560+00:00
ETH,KXETH15M-26OCT050315-15,eth-updown-15m-1791183600,A,2026-10-05T07:00:00+00:00,2026-10-05T07:15:00Z,0.786,0.786,1.217,2026-10-05T07:10:44.769122+00:00,up,up,1.0,0.214,2026-10-05T07:17:15.711113+00:00
BTC,KXBTC15M-26OCT050315-15,btc-updown-15m-1791183600,A,2026-10-05T07:00:00+00:00,2026-10-05T07:15:00Z,0.73,0.73,1.27,2026-10-05T07:10:44.769122+00:00,up,up,1.0,0.27,2026-10-05T07:22:16.151656+00:00
BTC,KXBTC15M-26OCT050330-30,btc-updown-15m-1791184500,B,2026-10-05T07:15:00+00:00,2026-10-05T07:30:00Z,0.77,1.23,0.77,2026-10-05T07:16:53.852516+00:00,down,down,1.0,0.23,2026-10-05T07:35:13.599336+00:00
ETH,KXETH15M-26OCT050330-30,eth-updown-15m-1791185400,B,2026-10-05T07:30:00+00:00,2026-10-05T07:30:00Z,0.381,1.6,0.381,2026-10-05T07:30:00.761997+00:00,down,up,0.0,-0.381,2026-10-05T07:50:34.576802+00:00
ETH,KXETH15M-26OCT050345-45,eth-updown-15m-1791185400,A,2026-10-05T07:30:00+00:00,2026-10-05T07:45:00Z,0.74,0.74,1.26,2026-10-05T07:35:07.480993+00:00,up,up,1.0,0.26,2026-10-05T07:50:34.576802+00:00
BTC,KXBTC15M-26OCT050345-45,btc-updown-15m-1791186300,A,2026-10-05T07:45:00+00:00,2026-10-05T07:45:00Z,0.421,0.421,1.57,2026-10-05T07:45:03.241690+00:00,up,down,0.0,-0.421,2026-10-05T08:04:18.679131+00:00
ETH,KXETH15M-26OCT050400-00,eth-updown-15m-1791186300,B,2026-10-05T07:45:00+00:00,2026-10-05T08:00:00Z,0.72,1.27,0.72,2026-10-05T07:51:52.103031+00:00,down,down,1.0,0.28,2026-10-05T08:04:36.542090+00:00
BTC,KXBTC15M-26OCT050400-00,btc-updown-15m-1791187200,B,2026-10-05T08:00:00+00:00,2026-10-05T08:00:00Z,0.361,1.61,0.361,2026-10-05T08:00:02.279602+00:00,down,up,0.0,-0.361,2026-10-05T08:21:59.300276+00:00
ETH,KXETH15M-26OCT050415-15,eth-updown-15m-1791188100,A,2026-10-05T08:15:00+00:00,2026-10-05T08:15:00Z,0.421,0.421,1.57,2026-10-05T08:15:03.857203+00:00,up,down,0.0,-0.421,2026-10-05T08:34:19.785683+00:00
ETH,KXETH15M-26OCT050430-30,eth-updown-15m-1791188100,A,2026-10-05T08:15:00+00:00,2026-10-05T08:30:00Z,0.79,0.79,1.21,2026-10-05T08:18:33.324362+00:00,down,down,1.0,0.21,2026-10-05T08:34:19.785683+00:00
BTC,KXBTC15M-26OCT050415-15,btc-updown-15m-1791188100,A,2026-10-05T08:15:00+00:00,2026-10-05T08:15:00Z,0.451,0.451,1.55,2026-10-05T08:15:03.857203+00:00,up,up,1.0,0.549,2026-10-05T08:37:15.631123+00:00
BTC,KXBTC15M-26OCT050430-30,btc-updown-15m-1791188100,B,2026-10-05T08:15:00+00:00,2026-10-05T08:30:00Z,0.73,1.27,0.73,2026-10-05T08:28:04.929376+00:00,up,up,1.0,0.27,2026-10-05T08:37:15.631123+00:00
ETH,KXETH15M-26OCT050445-45,eth-updown-15m-1791189000,A,2026-10-05T08:30:00+00:00,2026-10-05T08:45:00Z,0.73,0.73,1.28,2026-10-05T08:34:25.306918+00:00,down,down,1.0,0.27,2026-10-05T08:52:01.574970+00:00
ETH,KXETH15M-26OCT050500-00,eth-updown-15m-1791189900,A,2026-10-05T08:45:00+00:00,2026-10-05T09:00:00Z,0.74,0.74,1.26,2026-10-05T08:46:21.356564+00:00,down,down,1.0,0.26,2026-10-05T09:02:10.211640+00:00
BTC,KXBTC15M-26OCT050445-45,btc-updown-15m-1791189900,B,2026-10-05T08:45:00+00:00,2026-10-05T08:45:00Z,0.571,1.42,0.571,2026-10-05T08:45:01.842157+00:00,down,down,1.0,0.429,2026-10-05T09:04:51.819407+00:00
BTC,KXBTC15M-26OCT050500-00,btc-updown-15m-1791189900,A,2026-10-05T08:45:00+00:00,2026-10-05T09:00:00Z,0.79,0.79,1.21,2026-10-05T08:46:21.356564+00:00,down,down,1.0,0.21,2026-10-05T09:04:51.819407+00:00
ETH,KXETH15M-26OCT050515-15,eth-updown-15m-1791190800,B,2026-10-05T09:00:00+00:00,2026-10-05T09:15:00Z,0.78,1.22,0.78,2026-10-05T09:05:20.238423+00:00,down,down,1.0,0.22,2026-10-05T09:21:29.771986+00:00
BTC,KXBTC15M-26OCT050515-15,btc-updown-15m-1791191700,B,2026-10-05T09:15:00+00:00,2026-10-05T09:15:00Z,0.501,1.46,0.501,2026-10-05T09:15:00.000356+00:00,down,down,1.0,0.499,2026-10-05T09:32:15.469059+00:00
BTC,KXBTC15M-26OCT050530-30,btc-updown-15m-1791191700,A,2026-10-05T09:15:00+00:00,2026-10-05T09:30:00Z,0.77,0.77,1.23,2026-10-05T09:16:22.417202+00:00,down,down,1.0,0.23,2026-10-05T09:32:15.469059+00:00
ETH,KXETH15M-26OCT050530-30,eth-updown-15m-1791191700,B,2026-10-05T09:15:00+00:00,2026-10-05T09:30:00Z,0.78,1.22,0.78,2026-10-05T09:19:36.242096+00:00,up,down,2.0,1.22,2026-10-05T09:33:32.316034+00:00
ETH,KXETH15M-26OCT050545-45,eth-updown-15m-1791192600,B,2026-10-05T09:30:00+00:00,2026-10-05T09:45:00Z,0.72,1.28,0.72,2026-10-05T09:38:33.395522+00:00,down,down,1.0,0.28,2026-10-05T09:49:14.054474+00:00
BTC,KXBTC15M-26OCT050545-45,btc-updown-15m-1791193500,A,2026-10-05T09:45:00+00:00,2026-10-05T09:45:00Z,0.541,0.541,1.45,2026-10-05T09:45:02.353745+00:00,up,up,1.0,0.459,2026-10-05T10:03:39.598460+00:00
ETH,KXETH15M-26OCT050600-00,eth-updown-15m-1791193500,B,2026-10-05T09:45:00+00:00,2026-10-05T10:00:00Z,0.78,1.22,0.78,2026-10-05T09:47:18.998241+00:00,down,down,1.0,0.22,2026-10-05T10:03:50.373520+00:00
BTC,KXBTC15M-26OCT050600-00,btc-updown-15m-1791194400,A,2026-10-05T10:00:00+00:00,2026-10-05T10:00:00Z,0.491,0.491,1.5,2026-10-05T10:00:01.387260+00:00,up,up,1.0,0.509,2026-10-05T10:21:47.702357+00:00
BTC,KXBTC15M-26OCT050615-15,btc-updown-15m-1791194400,A,2026-10-05T10:00:00+00:00,2026-10-05T10:15:00Z,0.762,0.762,1.231,2026-10-05T10:11:24.325113+00:00,up,up,1.0,0.238,2026-10-05T10:21:47.702357+00:00
ETH,KXETH15M-26OCT050615-15,eth-updown-15m-1791194400,B,2026-10-05T10:00:00+00:00,2026-10-05T10:15:00Z,0.77,1.23,0.77,2026-10-05T10:01:40.260029+00:00,down,down,1.0,0.23,2026-10-05T10:21:53.506378+00:00
ETH,KXETH15M-26OCT050630-30,eth-updown-15m-1791196200,A,2026-10-05T10:30:00+00:00,2026-10-05T10:30:00Z,0.331,0.331,1.66,2026-10-05T10:30:05.733131+00:00,up,down,0.0,-0.331,2026-10-05T10:48:35.439809+00:00
BTC,KXBTC15M-26OCT050630-30,btc-updown-15m-1791196200,A,2026-10-05T10:30:00+00:00,2026-10-05T10:30:00Z,0.321,0.321,1.67,2026-10-05T10:30:05.733131+00:00,up,down,0.0,-0.321,2026-10-05T10:48:41.287898+00:00
BTC,KXBTC15M-26OCT050645-45,btc-updown-15m-1791196200,B,2026-10-05T10:30:00+00:00,2026-10-05T10:45:00Z,0.7,1.2,0.7,2026-10-05T10:34:09.751969+00:00,down,down,1.0,0.3,2026-10-05T10:48:41.287898+00:00
ETH,KXETH15M-26OCT050645-45,eth-updown-15m-1791197100,B,2026-10-05T10:45:00+00:00,2026-10-05T10:45:00Z,0.511,1.48,0.511,2026-10-05T10:45:02.066971+00:00,down,up,0.0,-0.511,2026-10-05T11:04:19.535816+00:00
ETH,KXETH15M-26OCT050700-00,eth-updown-15m-1791198000,A,2026-10-05T11:00:00+00:00,2026-10-05T11:00:00Z,0.411,0.411,1.57,2026-10-05T11:00:02.152857+00:00,up,down,0.0,-0.411,2026-10-05T11:18:12.936541+00:00
BTC,KXBTC15M-26OCT050700-00,btc-updown-15m-1791198000,A,2026-10-05T11:00:00+00:00,2026-10-05T11:00:00Z,0.481,0.481,1.51,2026-10-05T11:00:02.152857+00:00,up,down,0.0,-0.481,2026-10-05T11:18:18.774787+00:00
BTC,KXBTC15M-26OCT050715-15,btc-updown-15m-1791198900,B,2026-10-05T11:15:00+00:00,2026-10-05T11:15:00Z,0.491,1.5,0.491,2026-10-05T11:15:00.998554+00:00,down,up,0.0,-0.491,2026-10-05T11:34:20.567516+00:00
ETH,KXETH15M-26OCT050715-15,eth-updown-15m-1791198900,B,2026-10-05T11:15:00+00:00,2026-10-05T11:15:00Z,0.421,1.52,0.421,2026-10-05T11:15:00.998554+00:00,down,up,0.0,-0.421,2026-10-05T11:35:18.138290+00:00
BTC,KXBTC15M-26OCT050730-30,btc-updown-15m-1791199800,A,2026-10-05T11:30:00+00:00,2026-10-05T11:30:00Z,0.561,0.561,1.43,2026-10-05T11:30:05.004780+00:00,up,down,0.0,-0.561,2026-10-05T11:48:49.599390+00:00
BTC,KXBTC15M-26OCT050745-45,btc-updown-15m-1791199800,A,2026-10-05T11:30:00+00:00,2026-10-05T11:45:00Z,0.74,0.74,1.26,2026-10-05T11:30:44.394969+00:00,down,down,1.0,0.26,2026-10-05T11:48:49.599390+00:00
ETH,KXETH15M-26OCT050730-30,eth-updown-15m-1791199800,A,2026-10-05T11:30:00+00:00,2026-10-05T11:30:00Z,0.561,0.561,1.43,2026-10-05T11:30:05.004780+00:00,up,down,0.0,-0.561,2026-10-05T11:49:13.802429+00:00
ETH,KXETH15M-26OCT050745-45,eth-updown-15m-1791199800,A,2026-10-05T11:30:00+00:00,2026-10-05T11:45:00Z,0.77,0.77,1.25,2026-10-05T11:30:33.255484+00:00,down,down,1.0,0.23,2026-10-05T11:49:13.802429+00:00
ETH,KXETH15M-26OCT050800-00,eth-updown-15m-1791200700,B,2026-10-05T11:45:00+00:00,2026-10-05T12:00:00Z,0.77,1.23,0.77,2026-10-05T11:56:17.458167+00:00,up,up,1.0,0.23,2026-10-05T12:06:42.644528+00:00
BTC,KXBTC15M-26OCT050800-00,btc-updown-15m-1791201600,A,2026-10-05T12:00:00+00:00,2026-10-05T12:00:00Z,0.431,0.431,1.56,2026-10-05T12:00:02.980768+00:00,up,down,0.0,-0.431,2026-10-05T12:21:06.478082+00:00
ETH,KXETH15M-26OCT050815-15,eth-updown-15m-1791201600,B,2026-10-05T12:00:00+00:00,2026-10-05T12:15:00Z,0.72,1.28,0.72,2026-10-05T12:05:21.781861+00:00,down,down,1.0,0.28,2026-10-05T12:21:24.286584+00:00
ETH,KXETH15M-26OCT050830-30,eth-updown-15m-1791202500,A,2026-10-05T12:15:00+00:00,2026-10-05T12:30:00Z,0.79,0.79,1.21,2026-10-05T12:23:14.402351+00:00,down,down,1.0,0.21,2026-10-05T12:32:44.036576+00:00
BTC,KXBTC15M-26OCT050815-15,btc-updown-15m-1791202500,B,2026-10-05T12:15:00+00:00,2026-10-05T12:15:00Z,0.441,1.55,0.441,2026-10-05T12:15:03.493523+00:00,down,down,1.0,0.559,2026-10-05T12:33:38.314891+00:00
BTC,KXBTC15M-26OCT050830-30,btc-updown-15m-1791203400,B,2026-10-05T12:30:00+00:00,2026-10-05T12:30:00Z,0.621,1.37,0.621,2026-10-05T12:30:22.549119+00:00,down,down,1.0,0.379,2026-10-05T12:50:08.077921+00:00
BTC,KXBTC15M-26OCT050845-45,btc-updown-15m-1791204300,B,2026-10-05T12:45:00+00:00,2026-10-05T12:45:00Z,0.611,1.38,0.611,2026-10-05T12:45:02.215267+00:00,down,down,1.0,0.389,2026-10-05T13:03:38.296539+00:00
BTC,KXBTC15M-26OCT050900-00,btc-updown-15m-1791204300,B,2026-10-05T12:45:00+00:00,2026-10-05T13:00:00Z,0.78,1.21,0.78,2026-10-05T12:50:41.280397+00:00,down,down,1.0,0.22,2026-10-05T13:03:38.296539+00:00
ETH,KXETH15M-26OCT050900-00,eth-updown-15m-1791204300,B,2026-10-05T12:45:00+00:00,2026-10-05T13:00:00Z,0.79,1.21,0.79,2026-10-05T12:52:28.949916+00:00,up,down,2.0,1.21,2026-10-05T13:06:05.328021+00:00
ETH,KXETH15M-26OCT050915-15,eth-updown-15m-1791206100,A,2026-10-05T13:15:00+00:00,2026-10-05T13:15:00Z,0.401,0.401,1.59,2026-10-05T13:15:03.453022+00:00,up,up,1.0,0.599,2026-10-05T13:32:21.433891+00:00
ETH,KXETH15M-26OCT050930-30,eth-updown-15m-1791206100,A,2026-10-05T13:15:00+00:00,2026-10-05T13:30:00Z,0.75,0.75,1.25,2026-10-05T13:24:33.735068+00:00,up,up,1.0,0.25,2026-10-05T13:32:21.433891+00:00
BTC,KXBTC15M-26OCT050915-15,btc-updown-15m-1791206100,A,2026-10-05T13:15:00+00:00,2026-10-05T13:15:00Z,0.371,0.371,1.62,2026-10-05T13:15:03.453022+00:00,up,down,0.0,-0.371,2026-10-05T13:34:08.489449+00:00
BTC,KXBTC15M-26OCT050930-30,btc-updown-15m-1791206100,A,2026-10-05T13:15:00+00:00,2026-10-05T13:30:00Z,0.76,0.76,1.24,2026-10-05T13:22:08.158017+00:00,down,down,1.0,0.24,2026-10-05T13:34:08.489449+00:00
BTC,KXBTC15M-26OCT050945-45,btc-updown-15m-1791207000,B,2026-10-05T13:30:00+00:00,2026-10-05T13:45:00Z,0.61,1.38,0.61,2026-10-05T13:30:05.265494+00:00,down,down,1.0,0.39,2026-10-05T13:49:59.051070+00:00
ETH,KXETH15M-26OCT050945-45,eth-updown-15m-1791207900,B,2026-10-05T13:45:00+00:00,2026-10-05T13:45:00Z,0.501,1.49,0.501,2026-10-05T13:45:03.040446+00:00,down,up,0.0,-0.501,2026-10-05T14:02:46.061098+00:00
ETH,KXETH15M-26OCT051000-00,eth-updown-15m-1791207900,B,2026-10-05T13:45:00+00:00,2026-10-05T14:00:00Z,0.76,1.24,0.76,2026-10-05T13:46:44.413755+00:00,up,up,1.0,0.24,2026-10-05T14:02:46.061098+00:00
BTC,KXBTC15M-26OCT051000-00,btc-updown-15m-1791207900,B,2026-10-05T13:45:00+00:00,2026-10-05T14:00:00Z,0.79,1.2,0.79,2026-10-05T13:47:28.420438+00:00,up,up,1.0,0.21,2026-10-05T14:03:09.984690+00:00
BTC,KXBTC15M-26OCT051015-15,btc-updown-15m-1791209700,A,2026-10-05T14:15:00+00:00,2026-10-05T14:15:00Z,0.441,0.441,1.55,2026-10-05T14:15:00.268546+00:00,up,down,0.0,-0.441,2026-10-05T14:36:28.092010+00:00
ETH,KXETH15M-26OCT051015-15,eth-updown-15m-1791209700,A,2026-10-05T14:15:00+00:00,2026-10-05T14:15:00Z,0.401,0.401,1.54,2026-10-05T14:15:00.268546+00:00,up,down,0.0,-0.401,2026-10-05T14:37:02.969924+00:00
BTC,KXBTC15M-26OCT051030-30,btc-updown-15m-1791210600,B,2026-10-05T14:30:00+00:00,2026-10-05T14:30:00Z,0.601,1.39,0.601,2026-10-05T14:30:01.995492+00:00,down,down,1.0,0.399,2026-10-05T14:49:03.677049+00:00
ETH,KXETH15M-26OCT051030-30,eth-updown-15m-1791210600,B,2026-10-05T14:30:00+00:00,2026-10-05T14:30:00Z,0.591,1.4,0.591,2026-10-05T14:30:01.995492+00:00,down,down,1.0,0.409,2026-10-05T14:50:19.499291+00:00
BTC,KXBTC15M-26OCT051045-45,btc-updown-15m-1791211500,B,2026-10-05T14:45:00+00:00,2026-10-05T14:45:00Z,0.541,1.45,0.541,2026-10-05T14:45:03.710596+00:00,down,down,1.0,0.459,2026-10-05T15:03:09.834020+00:00
ETH,KXETH15M-26OCT051045-45,eth-updown-15m-1791211500,B,2026-10-05T14:45:00+00:00,2026-10-05T14:45:00Z,0.521,1.47,0.521,2026-10-05T14:45:03.710596+00:00,down,down,1.0,0.479,2026-10-05T15:05:40.005047+00:00
BTC,KXBTC15M-26OCT051100-00,btc-updown-15m-1791212400,B,2026-10-05T15:00:00+00:00,2026-10-05T15:00:00Z,0.451,1.53,0.451,2026-10-05T15:00:00.697081+00:00,down,down,1.0,0.549,2026-10-05T15:18:33.381509+00:00
ETH,KXETH15M-26OCT051100-00,eth-updown-15m-1791212400,B,2026-10-05T15:00:00+00:00,2026-10-05T15:00:00Z,0.471,1.52,0.471,2026-10-05T15:00:00.697081+00:00,down,down,1.0,0.529,2026-10-05T15:21:25.138388+00:00
ETH,KXETH15M-26OCT051115-15,eth-updown-15m-1791212400,B,2026-10-05T15:00:00+00:00,2026-10-05T15:15:00Z,0.79,1.21,0.79,2026-10-05T15:07:41.784695+00:00,down,down,1.0,0.21,2026-10-05T15:21:25.138388+00:00
ETH,KXETH15M-26OCT051130-30,eth-updown-15m-1791213300,A,2026-10-05T15:15:00+00:00,2026-10-05T15:30:00Z,0.78,0.78,1.22,2026-10-05T15:22:00.291426+00:00,up,up,1.0,0.22,2026-10-05T15:32:35.310315+00:00
BTC,KXBTC15M-26OCT051115-15,btc-updown-15m-1791213300,B,2026-10-05T15:15:00+00:00,2026-10-05T15:15:00Z,0.511,1.47,0.511,2026-10-05T15:15:04.226496+00:00,down,down,1.0,0.489,2026-10-05T15:34:54.008219+00:00
BTC,KXBTC15M-26OCT051130-30,btc-updown-15m-1791213300,A,2026-10-05T15:15:00+00:00,2026-10-05T15:30:00Z,0.76,0.76,1.24,2026-10-05T15:22:00.291426+00:00,down,down,1.0,0.24,2026-10-05T15:34:54.008219+00:00
BTC,KXBTC15M-26OCT051145-45,btc-updown-15m-1791215100,B,2026-10-05T15:45:00+00:00,2026-10-05T15:45:00Z,0.441,1.55,0.441,2026-10-05T15:45:03.899893+00:00,down,down,1.0,0.559,2026-10-05T16:04:26.851343+00:00
BTC,KXBTC15M-26OCT051200-00,btc-updown-15m-1791215100,B,2026-10-05T15:45:00+00:00,2026-10-05T16:00:00Z,0.79,1.21,0.79,2026-10-05T15:54:28.641521+00:00,down,down,1.0,0.21,2026-10-05T16:04:26.851343+00:00
ETH,KXETH15M-26OCT051145-45,eth-updown-15m-1791215100,B,2026-10-05T15:45:00+00:00,2026-10-05T15:45:00Z,0.451,1.54,0.451,2026-10-05T15:45:03.899893+00:00,down,down,1.0,0.549,2026-10-05T16:04:32.835676+00:00
BTC,KXBTC15M-26OCT051215-15,btc-updown-15m-1791216000,B,2026-10-05T16:00:00+00:00,2026-10-05T16:15:00Z,0.78,1.22,0.78,2026-10-05T16:10:36.404352+00:00,down,down,1.0,0.22,2026-10-05T16:19:25.066202+00:00
ETH,KXETH15M-26OCT051200-00,eth-updown-15m-1791216000,B,2026-10-05T16:00:00+00:00,2026-10-05T16:00:00Z,0.481,1.51,0.481,2026-10-05T16:00:26.896300+00:00,down,down,1.0,0.519,2026-10-05T16:19:59.376921+00:00
ETH,KXETH15M-26OCT051215-15,eth-updown-15m-1791216000,B,2026-10-05T16:00:00+00:00,2026-10-05T16:15:00Z,0.72,1.26,0.72,2026-10-05T16:07:19.041275+00:00,down,down,1.0,0.28,2026-10-05T16:19:59.376921+00:00
ETH,KXETH15M-26OCT051230-30,eth-updown-15m-1791216900,A,2026-10-05T16:15:00+00:00,2026-10-05T16:30:00Z,0.79,0.79,1.22,2026-10-05T16:16:35.695770+00:00,down,down,1.0,0.21,2026-10-05T16:35:51.922075+00:00
BTC,KXBTC15M-26OCT051230-30,btc-updown-15m-1791217800,B,2026-10-05T16:30:00+00:00,2026-10-05T16:30:00Z,0.491,1.48,0.491,2026-10-05T16:30:00.294393+00:00,down,up,0.0,-0.491,2026-10-05T16:52:11.075995+00:00
BTC,KXBTC15M-26OCT051245-45,btc-updown-15m-1791218700,A,2026-10-05T16:45:00+00:00,2026-10-05T16:45:00Z,0.511,0.511,1.48,2026-10-05T16:45:03.715592+00:00,up,up,1.0,0.489,2026-10-05T17:04:26.930469+00:00
ETH,KXETH15M-26OCT051245-45,eth-updown-15m-1791218700,A,2026-10-05T16:45:00+00:00,2026-10-05T16:45:00Z,0.491,0.491,1.5,2026-10-05T16:45:03.715592+00:00,up,up,1.0,0.509,2026-10-05T17:05:37.211773+00:00
ETH,KXETH15M-26OCT051300-00,eth-updown-15m-1791219600,A,2026-10-05T17:00:00+00:00,2026-10-05T17:00:00Z,0.431,0.431,1.56,2026-10-05T17:00:04.929425+00:00,up,down,0.0,-0.431,2026-10-05T17:17:11.892896+00:00
BTC,KXBTC15M-26OCT051300-00,btc-updown-15m-1791219600,A,2026-10-05T17:00:00+00:00,2026-10-05T17:00:00Z,0.451,0.451,1.54,2026-10-05T17:00:04.929425+00:00,up,down,0.0,-0.451,2026-10-05T17:19:00.775935+00:00
ETH,KXETH15M-26OCT051315-15,eth-updown-15m-1791220500,B,2026-10-05T17:15:00+00:00,2026-10-05T17:15:00Z,0.472,1.519,0.472,2026-10-05T17:15:04.559934+00:00,down,up,0.0,-0.472,2026-10-05T17:32:27.924297+00:00
ETH,KXETH15M-26OCT051330-30,eth-updown-15m-1791221400,A,2026-10-05T17:30:00+00:00,2026-10-05T17:30:00Z,0.541,0.541,1.45,2026-10-05T17:30:01.640722+00:00,up,down,0.0,-0.541,2026-10-05T17:48:00.981630+00:00
ETH,KXETH15M-26OCT051345-45,eth-updown-15m-1791221400,B,2026-10-05T17:30:00+00:00,2026-10-05T17:45:00Z,0.79,1.22,0.79,2026-10-05T17:34:54.725956+00:00,down,down,1.0,0.21,2026-10-05T17:48:00.981630+00:00
BTC,KXBTC15M-26OCT051330-30,btc-updown-15m-1791221400,A,2026-10-05T17:30:00+00:00,2026-10-05T17:30:00Z,0.531,0.531,1.46,2026-10-05T17:30:01.640722+00:00,up,down,0.0,-0.531,2026-10-05T17:50:19.438544+00:00
BTC,KXBTC15M-26OCT051345-45,btc-updown-15m-1791221400,A,2026-10-05T17:30:00+00:00,2026-10-05T17:45:00Z,0.78,0.78,1.22,2026-10-05T17:33:23.361050+00:00,down,down,1.0,0.22,2026-10-05T17:50:19.438544+00:00
ETH,KXETH15M-26OCT051400-00,eth-updown-15m-1791222300,B,2026-10-05T17:45:00+00:00,2026-10-05T18:00:00Z,0.77,1.23,0.77,2026-10-05T17:50:12.961319+00:00,up,up,1.0,0.23,2026-10-05T18:03:37.168988+00:00
ETH,KXETH15M-26OCT051415-15,eth-updown-15m-1791223200,B,2026-10-05T18:00:00+00:00,2026-10-05T18:15:00Z,0.76,1.24,0.76,2026-10-05T18:01:37.272586+00:00,up,up,1.0,0.24,2026-10-05T18:17:43.760803+00:00
BTC,KXBTC15M-26OCT051400-00,btc-updown-15m-1791223200,A,2026-10-05T18:00:00+00:00,2026-10-05T18:00:00Z,0.491,0.491,1.49,2026-10-05T18:00:01.527675+00:00,up,up,1.0,0.509,2026-10-05T18:18:31.350053+00:00
BTC,KXBTC15M-26OCT051415-15,btc-updown-15m-1791223200,B,2026-10-05T18:00:00+00:00,2026-10-05T18:15:00Z,0.753,1.218,0.753,2026-10-05T18:13:03.307513+00:00,up,up,1.0,0.247,2026-10-05T18:18:31.350053+00:00
ETH,KXETH15M-26OCT051430-30,eth-updown-15m-1791225000,A,2026-10-05T18:30:00+00:00,2026-10-05T18:30:00Z,0.391,0.391,1.59,2026-10-05T18:30:00.049697+00:00,up,down,0.0,-0.391,2026-10-05T18:50:23.725643+00:00
ETH,KXETH15M-26OCT051445-45,eth-updown-15m-1791225000,B,2026-10-05T18:30:00+00:00,2026-10-05T18:45:00Z,0.74,1.26,0.74,2026-10-05T18:43:07.996544+00:00,down,down,1.0,0.26,2026-10-05T18:50:23.725643+00:00
BTC,KXBTC15M-26OCT051430-30,btc-updown-15m-1791225000,A,2026-10-05T18:30:00+00:00,2026-10-05T18:30:00Z,0.371,0.371,1.61,2026-10-05T18:30:00.049697+00:00,up,up,1.0,0.629,2026-10-05T18:52:01.436124+00:00
BTC,KXBTC15M-26OCT051445-45,btc-updown-15m-1791225000,A,2026-10-05T18:30:00+00:00,2026-10-05T18:45:00Z,0.79,0.79,1.21,2026-10-05T18:38:06.372634+00:00,up,up,1.0,0.21,2026-10-05T18:52:01.436124+00:00
BTC,KXBTC15M-26OCT051500-00,btc-updown-15m-1791225900,B,2026-10-05T18:45:00+00:00,2026-10-05T19:00:00Z,0.79,1.21,0.79,2026-10-05T18:55:06.368324+00:00,up,up,1.0,0.21,2026-10-05T19:02:20.392285+00:00
ETH,KXETH15M-26OCT051500-00,eth-updown-15m-1791225900,A,2026-10-05T18:45:00+00:00,2026-10-05T19:00:00Z,0.78,0.78,1.22,2026-10-05T18:54:27.386758+00:00,up,up,1.0,0.22,2026-10-05T19:04:22.289050+00:00
BTC,KXBTC15M-26OCT051515-15,btc-updown-15m-1791226800,B,2026-10-05T19:00:00+00:00,2026-10-05T19:15:00Z,0.79,1.21,0.79,2026-10-05T19:12:11.695019+00:00,up,up,1.0,0.21,2026-10-05T19:18:29.634011+00:00
ETH,KXETH15M-26OCT051515-15,eth-updown-15m-1791226800,B,2026-10-05T19:00:00+00:00,2026-10-05T19:15:00Z,0.209,1.762,0.209,2026-10-05T19:14:07.834305+00:00,up,down,2.0,1.791,2026-10-05T19:22:29.825040+00:00
ETH,KXETH15M-26OCT051530-30,eth-updown-15m-1791227700,B,2026-10-05T19:15:00+00:00,2026-10-05T19:30:00Z,0.73,1.27,0.73,2026-10-05T19:18:28.612323+00:00,down,down,1.0,0.27,2026-10-05T19:46:52.478508+00:00
BTC,KXBTC15M-26OCT051530-30,btc-updown-15m-1791228600,A,2026-10-05T19:30:00+00:00,2026-10-05T19:30:00Z,0.401,0.401,1.59,2026-10-05T19:30:05.570770+00:00,up,down,0.0,-0.401,2026-10-05T19:51:34.292512+00:00
BTC,KXBTC15M-26OCT051600-00,btc-updown-15m-1791229500,B,2026-10-05T19:45:00+00:00,2026-10-05T20:00:00Z,0.72,1.25,0.72,2026-10-05T19:52:13.870850+00:00,up,up,1.0,0.28,2026-10-05T20:21:39.380561+00:00
BTC,KXBTC15M-26OCT051630-30,btc-updown-15m-1791232200,A,2026-10-05T20:30:00+00:00,2026-10-05T20:30:00Z,0.491,0.491,1.5,2026-10-05T20:30:03.938619+00:00,up,up,1.0,0.509,2026-10-05T20:54:58.966614+00:00
ETH,KXETH15M-26OCT051630-30,eth-updown-15m-1791232200,A,2026-10-05T20:30:00+00:00,2026-10-05T20:30:00Z,0.491,0.491,1.5,2026-10-05T20:30:03.938619+00:00,up,up,1.0,0.509,2026-10-05T20:54:58.966614+00:00
BTC,KXBTC15M-26OCT051700-00,btc-updown-15m-1791233100,B,2026-10-05T20:45:00+00:00,2026-10-05T21:00:00Z,0.78,1.22,0.78,2026-10-05T20:55:04.085460+00:00,up,down,2.0,1.22,2026-10-05T21:03:16.695373+00:00
ETH,KXETH15M-26OCT051700-00,eth-updown-15m-1791233100,B,2026-10-05T20:45:00+00:00,2026-10-05T21:00:00Z,0.78,1.22,0.78,2026-10-05T20:55:04.085460+00:00,down,down,1.0,0.22,2026-10-05T21:03:16.695373+00:00
BTC,KXBTC15M-26OCT051715-15,btc-updown-15m-1791234000,A,2026-10-05T21:00:00+00:00,2026-10-05T21:15:00Z,0.79,0.79,1.21,2026-10-05T21:01:55.659338+00:00,down,down,1.0,0.21,2026-10-05T21:27:42.986705+00:00
BTC,KXBTC15M-26OCT051730-30,btc-updown-15m-1791235800,A,2026-10-05T21:30:00+00:00,2026-10-05T21:30:00Z,0.431,0.431,1.56,2026-10-05T21:30:02.199395+00:00,up,up,1.0,0.569,2026-10-05T21:48:34.522059+00:00
ETH,KXETH15M-26OCT051745-45,eth-updown-15m-1791236700,A,2026-10-05T21:45:00+00:00,2026-10-05T21:45:00Z,0.411,0.411,1.58,2026-10-05T21:45:04.294870+00:00,up,up,1.0,0.589,2026-10-05T22:06:36.114818+00:00
ETH,KXETH15M-26OCT051800-00,eth-updown-15m-1791236700,A,2026-10-05T21:45:00+00:00,2026-10-05T22:00:00Z,0.77,0.77,1.23,2026-10-05T21:47:10.181343+00:00,up,up,1.0,0.23,2026-10-05T22:06:36.114818+00:00
BTC,KXBTC15M-26OCT051745-45,btc-updown-15m-1791236700,A,2026-10-05T21:45:00+00:00,2026-10-05T21:45:00Z,0.431,0.431,1.56,2026-10-05T21:45:04.294870+00:00,up,up,1.0,0.569,2026-10-05T22:06:41.669301+00:00
BTC,KXBTC15M-26OCT051800-00,btc-updown-15m-1791236700,A,2026-10-05T21:45:00+00:00,2026-10-05T22:00:00Z,0.77,0.77,1.23,2026-10-05T21:47:15.962349+00:00,up,up,1.0,0.23,2026-10-05T22:06:41.669301+00:00
BTC,KXBTC15M-26OCT051815-15,btc-updown-15m-1791237600,B,2026-10-05T22:00:00+00:00,2026-10-05T22:15:00Z,0.79,1.21,0.79,2026-10-05T22:12:34.671810+00:00,up,up,1.0,0.21,2026-10-05T22:17:33.059480+00:00
ETH,KXETH15M-26OCT051815-15,eth-updown-15m-1791237600,B,2026-10-05T22:00:00+00:00,2026-10-05T22:15:00Z,0.79,1.2,0.79,2026-10-05T22:03:22.006922+00:00,up,up,1.0,0.21,2026-10-05T22:19:10.901924+00:00
BTC,KXBTC15M-26OCT051830-30,btc-updown-15m-1791238500,A,2026-10-05T22:15:00+00:00,2026-10-05T22:30:00Z,0.76,0.76,1.24,2026-10-05T22:22:28.665596+00:00,up,up,1.0,0.24,2026-10-05T22:36:53.078119+00:00
BTC,KXBTC15M-26OCT051845-45,btc-updown-15m-1791239400,B,2026-10-05T22:30:00+00:00,2026-10-05T22:45:00Z,0.798,1.193,0.798,2026-10-05T22:43:04.714497+00:00,down,down,1.0,0.202,2026-10-05T22:47:56.685726+00:00
ETH,KXETH15M-26OCT051830-30,eth-updown-15m-1791239400,B,2026-10-05T22:30:00+00:00,2026-10-05T22:30:00Z,0.491,1.5,0.491,2026-10-05T22:30:03.547836+00:00,down,up,0.0,-0.491,2026-10-05T22:49:33.240674+00:00
ETH,KXETH15M-26OCT051845-45,eth-updown-15m-1791239400,A,2026-10-05T22:30:00+00:00,2026-10-05T22:45:00Z,0.75,0.75,1.25,2026-10-05T22:37:10.250470+00:00,up,up,1.0,0.25,2026-10-05T22:49:33.240674+00:00
ETH,KXETH15M-26OCT051900-00,eth-updown-15m-1791240300,A,2026-10-05T22:45:00+00:00,2026-10-05T23:00:00Z,0.79,0.79,1.21,2026-10-05T22:49:10.807616+00:00,down,down,1.0,0.21,2026-10-05T23:03:22.488054+00:00
BTC,KXBTC15M-26OCT051900-00,btc-updown-15m-1791241200,B,2026-10-05T23:00:00+00:00,2026-10-05T23:00:00Z,0.491,1.5,0.491,2026-10-05T23:00:04.164603+00:00,down,down,1.0,0.509,2026-10-05T23:18:59.645530+00:00
BTC,KXBTC15M-26OCT051915-15,btc-updown-15m-1791241200,A,2026-10-05T23:00:00+00:00,2026-10-05T23:15:00Z,0.586,0.586,1.395,2026-10-05T23:13:30.093427+00:00,down,down,1.0,0.414,2026-10-05T23:18:59.645530+00:00
ETH,KXETH15M-26OCT051915-15,eth-updown-15m-1791241200,A,2026-10-05T23:00:00+00:00,2026-10-05T23:15:00Z,0.558,0.558,1.413,2026-10-05T23:13:35.678386+00:00,down,down,1.0,0.442,2026-10-05T23:22:19.257566+00:00
BTC,KXBTC15M-26OCT051930-30,btc-updown-15m-1791242100,A,2026-10-05T23:15:00+00:00,2026-10-05T23:30:00Z,0.741,0.741,1.24,2026-10-05T23:27:33.137554+00:00,up,up,1.0,0.259,2026-10-05T23:36:24.037082+00:00
ETH,KXETH15M-26OCT051930-30,eth-updown-15m-1791243000,A,2026-10-05T23:30:00+00:00,2026-10-05T23:30:00Z,0.461,0.461,1.53,2026-10-05T23:30:02.069706+00:00,up,down,0.0,-0.461,2026-10-05T23:48:02.077206+00:00
BTC,KXBTC15M-26OCT051945-45,btc-updown-15m-1791243900,B,2026-10-05T23:45:00+00:00,2026-10-05T23:45:00Z,0.571,1.43,0.571,2026-10-05T23:45:05.778140+00:00,down,down,1.0,0.429,2026-10-06T00:02:10.437921+00:00
ETH,KXETH15M-26OCT051945-45,eth-updown-15m-1791243900,B,2026-10-05T23:45:00+00:00,2026-10-05T23:45:00Z,0.661,1.34,0.661,2026-10-05T23:45:05.778140+00:00,down,down,1.0,0.339,2026-10-06T00:04:15.039936+00:00
BTC,KXBTC15M-26OCT052015-15,btc-updown-15m-1791244800,A,2026-10-06T00:00:00+00:00,2026-10-06T00:15:00Z,0.79,0.79,1.21,2026-10-06T00:04:48.870436+00:00,up,up,1.0,0.21,2026-10-06T00:20:01.377460+00:00
ETH,KXETH15M-26OCT052000-00,eth-updown-15m-1791244800,B,2026-10-06T00:00:00+00:00,2026-10-06T00:00:00Z,0.511,1.47,0.511,2026-10-06T00:00:05.550507+00:00,down,up,0.0,-0.511,2026-10-06T00:20:47.681936+00:00
ETH,KXETH15M-26OCT052015-15,eth-updown-15m-1791245700,A,2026-10-06T00:15:00+00:00,2026-10-06T00:15:00Z,0.371,0.371,1.62,2026-10-06T00:15:00.884626+00:00,up,down,0.0,-0.371,2026-10-06T00:34:30.659653+00:00
ETH,KXETH15M-26OCT052030-30,eth-updown-15m-1791245700,B,2026-10-06T00:15:00+00:00,2026-10-06T00:30:00Z,0.79,1.21,0.79,2026-10-06T00:21:04.552947+00:00,down,down,1.0,0.21,2026-10-06T00:34:30.659653+00:00
BTC,KXBTC15M-26OCT052030-30,btc-updown-15m-1791245700,A,2026-10-06T00:15:00+00:00,2026-10-06T00:30:00Z,0.78,0.78,1.22,2026-10-06T00:26:13.832172+00:00,down,down,1.0,0.22,2026-10-06T00:35:32.270695+00:00
ETH,KXETH15M-26OCT052045-45,eth-updown-15m-1791246600,B,2026-10-06T00:30:00+00:00,2026-10-06T00:45:00Z,0.78,1.22,0.78,2026-10-06T00:30:38.696173+00:00,down,down,1.0,0.22,2026-10-06T00:52:20.040673+00:00
BTC,KXBTC15M-26OCT052045-45,btc-updown-15m-1791247500,B,2026-10-06T00:45:00+00:00,2026-10-06T00:45:00Z,0.441,1.54,0.441,2026-10-06T00:45:04.840481+00:00,down,up,0.0,-0.441,2026-10-06T01:03:32.627752+00:00
ETH,KXETH15M-26OCT052115-15,eth-updown-15m-1791249300,A,2026-10-06T01:15:00+00:00,2026-10-06T01:15:00Z,0.541,0.541,1.45,2026-10-06T01:15:02.665418+00:00,up,down,0.0,-0.541,2026-10-06T01:33:46.425443+00:00
BTC,KXBTC15M-26OCT052115-15,btc-updown-15m-1791249300,A,2026-10-06T01:15:00+00:00,2026-10-06T01:15:00Z,0.511,0.511,1.49,2026-10-06T01:15:02.665418+00:00,up,down,0.0,-0.511,2026-10-06T01:34:53.607223+00:00
ETH,KXETH15M-26OCT052130-30,eth-updown-15m-1791250200,B,2026-10-06T01:30:00+00:00,2026-10-06T01:30:00Z,0.471,1.5,0.471,2026-10-06T01:30:04.658416+00:00,down,down,1.0,0.529,2026-10-06T01:48:51.969037+00:00
BTC,KXBTC15M-26OCT052145-45,btc-updown-15m-1791251100,B,2026-10-06T01:45:00+00:00,2026-10-06T01:45:00Z,0.471,1.52,0.471,2026-10-06T01:45:04.921133+00:00,down,down,1.0,0.529,2026-10-06T02:03:50.078511+00:00
ETH,KXETH15M-26OCT052145-45,eth-updown-15m-1791251100,B,2026-10-06T01:45:00+00:00,2026-10-06T01:45:00Z,0.501,1.49,0.501,2026-10-06T01:45:04.921133+00:00,down,down,1.0,0.499,2026-10-06T02:04:01.530189+00:00
ETH,KXETH15M-26OCT052200-00,eth-updown-15m-1791251100,B,2026-10-06T01:45:00+00:00,2026-10-06T02:00:00Z,0.76,1.24,0.76,2026-10-06T01:47:24.820660+00:00,down,down,1.0,0.24,2026-10-06T02:04:01.530189+00:00
BTC,KXBTC15M-26OCT052200-00,btc-updown-15m-1791252000,B,2026-10-06T02:00:00+00:00,2026-10-06T02:00:00Z,0.471,1.52,0.471,2026-10-06T02:00:02.648449+00:00,down,down,1.0,0.529,2026-10-06T02:19:14.928723+00:00
ETH,KXETH15M-26OCT052215-15,eth-updown-15m-1791252900,B,2026-10-06T02:15:00+00:00,2026-10-06T02:15:00Z,0.491,1.5,0.491,2026-10-06T02:15:04.513907+00:00,down,up,0.0,-0.491,2026-10-06T02:34:15.207471+00:00
BTC,KXBTC15M-26OCT052230-30,btc-updown-15m-1791253800,A,2026-10-06T02:30:00+00:00,2026-10-06T02:30:00Z,0.501,0.501,1.49,2026-10-06T02:30:02.759112+00:00,up,down,0.0,-0.501,2026-10-06T02:51:03.041427+00:00
BTC,KXBTC15M-26OCT052245-45,btc-updown-15m-1791253800,B,2026-10-06T02:30:00+00:00,2026-10-06T02:45:00Z,0.69,1.31,0.69,2026-10-06T02:43:13.874110+00:00,down,down,1.0,0.31,2026-10-06T02:51:03.041427+00:00
ETH,KXETH15M-26OCT052230-30,eth-updown-15m-1791253800,A,2026-10-06T02:30:00+00:00,2026-10-06T02:30:00Z,0.501,0.501,1.49,2026-10-06T02:30:02.759112+00:00,up,down,0.0,-0.501,2026-10-06T02:51:09.404527+00:00
ETH,KXETH15M-26OCT052245-45,eth-updown-15m-1791253800,B,2026-10-06T02:30:00+00:00,2026-10-06T02:45:00Z,0.78,1.23,0.78,2026-10-06T02:31:45.635978+00:00,down,down,1.0,0.22,2026-10-06T02:51:09.404527+00:00
ETH,KXETH15M-26OCT052300-00,eth-updown-15m-1791255600,B,2026-10-06T03:00:00+00:00,2026-10-06T03:00:00Z,0.421,1.57,0.421,2026-10-06T03:00:00.183138+00:00,down,down,1.0,0.579,2026-10-06T03:17:39.468857+00:00
ETH,KXETH15M-26OCT052315-15,eth-updown-15m-1791255600,B,2026-10-06T03:00:00+00:00,2026-10-06T03:15:00Z,0.79,1.22,0.79,2026-10-06T03:02:47.626339+00:00,down,down,1.0,0.21,2026-10-06T03:17:39.468857+00:00
BTC,KXBTC15M-26OCT052300-00,btc-updown-15m-1791255600,B,2026-10-06T03:00:00+00:00,2026-10-06T03:00:00Z,0.451,1.52,0.451,2026-10-06T03:00:00.183138+00:00,down,up,0.0,-0.451,2026-10-06T03:18:53.579741+00:00
BTC,KXBTC15M-26OCT052315-15,btc-updown-15m-1791255600,A,2026-10-06T03:00:00+00:00,2026-10-06T03:15:00Z,0.74,0.74,1.26,2026-10-06T03:11:58.387463+00:00,up,up,1.0,0.26,2026-10-06T03:18:53.579741+00:00
BTC,KXBTC15M-26OCT052330-30,btc-updown-15m-1791256500,B,2026-10-06T03:15:00+00:00,2026-10-06T03:30:00Z,0.79,1.21,0.79,2026-10-06T03:17:15.225270+00:00,down,down,1.0,0.21,2026-10-06T03:34:34.436237+00:00
ETH,KXETH15M-26OCT052330-30,eth-updown-15m-1791257400,B,2026-10-06T03:30:00+00:00,2026-10-06T03:30:00Z,0.461,1.53,0.461,2026-10-06T03:30:00.646641+00:00,down,down,1.0,0.539,2026-10-06T03:50:16.845760+00:00
ETH,KXETH15M-26OCT052345-45,eth-updown-15m-1791257400,A,2026-10-06T03:30:00+00:00,2026-10-06T03:45:00Z,0.76,0.76,1.24,2026-10-06T03:30:33.057107+00:00,down,down,1.0,0.24,2026-10-06T03:50:16.845760+00:00
BTC,KXBTC15M-26OCT052345-45,btc-updown-15m-1791257400,B,2026-10-06T03:30:00+00:00,2026-10-06T03:45:00Z,0.756,1.235,0.756,2026-10-06T03:43:12.009073+00:00,down,down,1.0,0.244,2026-10-06T03:50:16.845760+00:00
BTC,KXBTC15M-26OCT060000-00,btc-updown-15m-1791259200,A,2026-10-06T04:00:00+00:00,2026-10-06T04:00:00Z,0.551,0.551,1.42,2026-10-06T04:00:01.241878+00:00,up,up,1.0,0.449,2026-10-06T04:18:16.438966+00:00
ETH,KXETH15M-26OCT060000-00,eth-updown-15m-1791259200,A,2026-10-06T04:00:00+00:00,2026-10-06T04:00:00Z,0.561,0.561,1.41,2026-10-06T04:00:01.241878+00:00,up,up,1.0,0.439,2026-10-06T04:22:28.394812+00:00
ETH,KXETH15M-26OCT060015-15,eth-updown-15m-1791259200,B,2026-10-06T04:00:00+00:00,2026-10-06T04:15:00Z,0.78,1.22,0.78,2026-10-06T04:05:14.254762+00:00,up,up,1.0,0.22,2026-10-06T04:22:28.394812+00:00
BTC,KXBTC15M-26OCT060015-15,btc-updown-15m-1791260100,A,2026-10-06T04:15:00+00:00,2026-10-06T04:15:00Z,0.461,0.461,1.51,2026-10-06T04:15:00.231673+00:00,up,down,0.0,-0.461,2026-10-06T04:32:19.364841+00:00
BTC,KXBTC15M-26OCT060030-30,btc-updown-15m-1791260100,A,2026-10-06T04:15:00+00:00,2026-10-06T04:30:00Z,0.78,0.78,1.22,2026-10-06T04:27:53.700520+00:00,down,down,1.0,0.22,2026-10-06T04:32:19.364841+00:00
ETH,KXETH15M-26OCT060030-30,eth-updown-15m-1791260100,A,2026-10-06T04:15:00+00:00,2026-10-06T04:30:00Z,0.732,0.732,1.269,2026-10-06T04:28:25.786128+00:00,down,down,1.0,0.268,2026-10-06T04:33:13.035469+00:00
ETH,KXETH15M-26OCT060045-45,eth-updown-15m-1791261000,B,2026-10-06T04:30:00+00:00,2026-10-06T04:45:00Z,0.79,1.21,0.79,2026-10-06T04:36:13.254161+00:00,down,down,1.0,0.21,2026-10-06T04:49:31.577580+00:00
BTC,KXBTC15M-26OCT060045-45,btc-updown-15m-1791261000,B,2026-10-06T04:30:00+00:00,2026-10-06T04:45:00Z,0.79,1.17,0.79,2026-10-06T04:36:13.254161+00:00,up,up,1.0,0.21,2026-10-06T04:50:19.275754+00:00
ETH,KXETH15M-26OCT060100-00,eth-updown-15m-1791261900,A,2026-10-06T04:45:00+00:00,2026-10-06T05:00:00Z,0.79,0.79,1.21,2026-10-06T04:52:04.018384+00:00,down,down,1.0,0.21,2026-10-06T05:04:28.710416+00:00
BTC,KXBTC15M-26OCT060100-00,btc-updown-15m-1791261900,A,2026-10-06T04:45:00+00:00,2026-10-06T05:00:00Z,0.78,0.78,1.22,2026-10-06T04:52:09.924021+00:00,up,up,1.0,0.22,2026-10-06T05:04:28.710416+00:00
ETH,KXETH15M-26OCT060115-15,eth-updown-15m-1791262800,B,2026-10-06T05:00:00+00:00,2026-10-06T05:15:00Z,0.79,1.21,0.79,2026-10-06T05:06:37.318813+00:00,up,up,1.0,0.21,2026-10-06T05:19:39.979144+00:00
BTC,KXBTC15M-26OCT060115-15,btc-updown-15m-1791262800,B,2026-10-06T05:00:00+00:00,2026-10-06T05:15:00Z,0.78,1.22,0.78,2026-10-06T05:07:27.266434+00:00,up,up,1.0,0.22,2026-10-06T05:22:09.072149+00:00
ETH,KXETH15M-26OCT060130-30,eth-updown-15m-1791263700,B,2026-10-06T05:15:00+00:00,2026-10-06T05:30:00Z,0.77,1.24,0.77,2026-10-06T05:25:14.527337+00:00,down,down,1.0,0.23,2026-10-06T05:33:37.633134+00:00
BTC,KXBTC15M-26OCT060130-30,btc-updown-15m-1791263700,A,2026-10-06T05:15:00+00:00,2026-10-06T05:30:00Z,0.73,0.73,1.27,2026-10-06T05:26:02.306335+00:00,down,down,1.0,0.27,2026-10-06T05:35:53.282275+00:00
ETH,KXETH15M-26OCT060145-45,eth-updown-15m-1791264600,B,2026-10-06T05:30:00+00:00,2026-10-06T05:45:00Z,0.78,1.22,0.78,2026-10-06T05:33:08.046223+00:00,down,down,1.0,0.22,2026-10-06T05:48:52.466305+00:00
BTC,KXBTC15M-26OCT060145-45,btc-updown-15m-1791264600,A,2026-10-06T05:30:00+00:00,2026-10-06T05:45:00Z,0.75,0.75,1.25,2026-10-06T05:40:07.073563+00:00,down,down,1.0,0.25,2026-10-06T05:49:28.055908+00:00
BTC,KXBTC15M-26OCT060200-00,btc-updown-15m-1791266400,B,2026-10-06T06:00:00+00:00,2026-10-06T06:00:00Z,0.491,1.5,0.491,2026-10-06T06:00:01.487164+00:00,down,down,1.0,0.509,2026-10-06T06:18:22.654318+00:00
ETH,KXETH15M-26OCT060200-00,eth-updown-15m-1791266400,B,2026-10-06T06:00:00+00:00,2026-10-06T06:00:00Z,0.491,1.5,0.491,2026-10-06T06:00:01.487164+00:00,down,down,1.0,0.509,2026-10-06T06:22:10.619930+00:00
BTC,KXBTC15M-26OCT060215-15,btc-updown-15m-1791267300,B,2026-10-06T06:15:00+00:00,2026-10-06T06:15:00Z,0.531,1.46,0.531,2026-10-06T06:15:01.031205+00:00,down,up,0.0,-0.531,2026-10-06T06:34:35.284002+00:00
ETH,KXETH15M-26OCT060215-15,eth-updown-15m-1791267300,B,2026-10-06T06:15:00+00:00,2026-10-06T06:15:00Z,0.401,1.54,0.401,2026-10-06T06:15:01.031205+00:00,down,up,0.0,-0.401,2026-10-06T06:36:53.947761+00:00
ETH,KXETH15M-26OCT060230-30,eth-updown-15m-1791267300,B,2026-10-06T06:15:00+00:00,2026-10-06T06:30:00Z,0.79,1.21,0.79,2026-10-06T06:16:43.175685+00:00,up,up,1.0,0.21,2026-10-06T06:36:53.947761+00:00
BTC,KXBTC15M-26OCT060230-30,btc-updown-15m-1791268200,A,2026-10-06T06:30:00+00:00,2026-10-06T06:30:00Z,0.521,0.521,1.47,2026-10-06T06:30:03.488150+00:00,up,up,1.0,0.479,2026-10-06T06:48:58.966952+00:00
BTC,KXBTC15M-26OCT060245-45,btc-updown-15m-1791269100,A,2026-10-06T06:45:00+00:00,2026-10-06T06:45:00Z,0.611,0.611,1.38,2026-10-06T06:45:04.533408+00:00,up,down,0.0,-0.611,2026-10-06T07:02:16.631408+00:00
BTC,KXBTC15M-26OCT060300-00,btc-updown-15m-1791269100,A,2026-10-06T06:45:00+00:00,2026-10-06T07:00:00Z,0.79,0.79,1.21,2026-10-06T06:54:41.813933+00:00,down,down,1.0,0.21,2026-10-06T07:02:16.631408+00:00
ETH,KXETH15M-26OCT060245-45,eth-updown-15m-1791269100,A,2026-10-06T06:45:00+00:00,2026-10-06T06:45:00Z,0.631,0.631,1.35,2026-10-06T06:45:04.533408+00:00,up,up,1.0,0.369,2026-10-06T07:04:52.304626+00:00
ETH,KXETH15M-26OCT060300-00,eth-updown-15m-1791269100,B,2026-10-06T06:45:00+00:00,2026-10-06T07:00:00Z,0.76,1.24,0.76,2026-10-06T06:56:02.043027+00:00,up,up,1.0,0.24,2026-10-06T07:04:52.304626+00:00
BTC,KXBTC15M-26OCT060315-15,btc-updown-15m-1791270000,A,2026-10-06T07:00:00+00:00,2026-10-06T07:15:00Z,0.75,0.75,1.25,2026-10-06T07:09:09.713649+00:00,up,up,1.0,0.25,2026-10-06T07:17:47.916483+00:00
ETH,KXETH15M-26OCT060315-15,eth-updown-15m-1791270000,B,2026-10-06T07:00:00+00:00,2026-10-06T07:15:00Z,0.79,1.21,0.79,2026-10-06T07:10:03.352658+00:00,up,up,1.0,0.21,2026-10-06T07:20:48.164591+00:00
ETH,KXETH15M-26OCT060330-30,eth-updown-15m-1791270900,A,2026-10-06T07:15:00+00:00,2026-10-06T07:30:00Z,0.77,0.77,1.23,2026-10-06T07:18:04.487429+00:00,up,up,1.0,0.23,2026-10-06T07:36:28.289300+00:00
BTC,KXBTC15M-26OCT060330-30,btc-updown-15m-1791271800,B,2026-10-06T07:30:00+00:00,2026-10-06T07:30:00Z,0.501,1.49,0.501,2026-10-06T07:30:02.465498+00:00,down,up,0.0,-0.501,2026-10-06T07:48:36.358984+00:00
BTC,KXBTC15M-26OCT060345-45,btc-updown-15m-1791271800,B,2026-10-06T07:30:00+00:00,2026-10-06T07:45:00Z,0.78,1.22,0.78,2026-10-06T07:32:09.430893+00:00,up,up,1.0,0.22,2026-10-06T07:48:36.358984+00:00
ETH,KXETH15M-26OCT060400-00,eth-updown-15m-1791273600,A,2026-10-06T08:00:00+00:00,2026-10-06T08:00:00Z,0.441,0.441,1.55,2026-10-06T08:00:00.900947+00:00,up,up,1.0,0.559,2026-10-06T08:20:09.613748+00:00
BTC,KXBTC15M-26OCT060400-00,btc-updown-15m-1791273600,A,2026-10-06T08:00:00+00:00,2026-10-06T08:00:00Z,0.411,0.411,1.58,2026-10-06T08:00:00.900947+00:00,up,up,1.0,0.589,2026-10-06T08:20:15.239738+00:00
BTC,KXBTC15M-26OCT060415-15,btc-updown-15m-1791274500,A,2026-10-06T08:15:00+00:00,2026-10-06T08:15:00Z,0.441,0.441,1.55,2026-10-06T08:15:02.197159+00:00,up,up,1.0,0.559,2026-10-06T08:32:38.693031+00:00
ETH,KXETH15M-26OCT060415-15,eth-updown-15m-1791274500,A,2026-10-06T08:15:00+00:00,2026-10-06T08:15:00Z,0.461,0.461,1.53,2026-10-06T08:15:02.197159+00:00,up,up,1.0,0.539,2026-10-06T08:35:21.967979+00:00
BTC,KXBTC15M-26OCT060445-45,btc-updown-15m-1791275400,A,2026-10-06T08:30:00+00:00,2026-10-06T08:45:00Z,0.78,0.78,1.23,2026-10-06T08:35:21.567532+00:00,up,up,1.0,0.22,2026-10-06T08:48:17.047979+00:00
ETH,KXETH15M-26OCT060445-45,eth-updown-15m-1791275400,A,2026-10-06T08:30:00+00:00,2026-10-06T08:45:00Z,0.77,0.77,1.21,2026-10-06T08:30:25.881347+00:00,down,down,1.0,0.23,2026-10-06T08:50:51.429838+00:00
ETH,KXETH15M-26OCT060500-00,eth-updown-15m-1791276300,B,2026-10-06T08:45:00+00:00,2026-10-06T09:00:00Z,0.79,1.21,0.79,2026-10-06T08:53:34.358704+00:00,up,up,1.0,0.21,2026-10-06T09:05:24.076631+00:00
ETH,KXETH15M-26OCT060515-15,eth-updown-15m-1791277200,A,2026-10-06T09:00:00+00:00,2026-10-06T09:15:00Z,0.79,0.79,1.21,2026-10-06T09:08:47.454321+00:00,down,down,1.0,0.21,2026-10-06T09:20:01.715637+00:00
BTC,KXBTC15M-26OCT060515-15,btc-updown-15m-1791278100,B,2026-10-06T09:15:00+00:00,2026-10-06T09:15:00Z,0.481,1.51,0.481,2026-10-06T09:15:01.303181+00:00,down,down,1.0,0.519,2026-10-06T09:36:59.786539+00:00
ETH,KXETH15M-26OCT060530-30,eth-updown-15m-1791278100,A,2026-10-06T09:15:00+00:00,2026-10-06T09:30:00Z,0.78,0.78,1.22,2026-10-06T09:17:28.851910+00:00,down,down,1.0,0.22,2026-10-06T09:36:59.786539+00:00
BTC,KXBTC15M-26OCT060530-30,btc-updown-15m-1791278100,A,2026-10-06T09:15:00+00:00,2026-10-06T09:30:00Z,0.753,0.753,1.255,2026-10-06T09:27:31.137608+00:00,down,down,1.0,0.247,2026-10-06T09:36:59.786539+00:00
BTC,KXBTC15M-26OCT060545-45,btc-updown-15m-1791279900,A,2026-10-06T09:45:00+00:00,2026-10-06T09:45:00Z,0.481,0.481,1.51,2026-10-06T09:45:00.350563+00:00,up,up,1.0,0.519,2026-10-06T10:05:07.130466+00:00
ETH,KXETH15M-26OCT060545-45,eth-updown-15m-1791279900,A,2026-10-06T09:45:00+00:00,2026-10-06T09:45:00Z,0.461,0.461,1.5,2026-10-06T09:45:00.350563+00:00,up,up,1.0,0.539,2026-10-06T10:05:18.686626+00:00
ETH,KXETH15M-26OCT060600-00,eth-updown-15m-1791280800,A,2026-10-06T10:00:00+00:00,2026-10-06T10:00:00Z,0.461,0.461,1.53,2026-10-06T10:00:02.986752+00:00,up,up,1.0,0.539,2026-10-06T10:18:30.429416+00:00
BTC,KXBTC15M-26OCT060600-00,btc-updown-15m-1791280800,A,2026-10-06T10:00:00+00:00,2026-10-06T10:00:00Z,0.421,0.421,1.57,2026-10-06T10:00:02.986752+00:00,up,up,1.0,0.579,2026-10-06T10:21:03.911967+00:00
BTC,KXBTC15M-26OCT060615-15,btc-updown-15m-1791280800,B,2026-10-06T10:00:00+00:00,2026-10-06T10:15:00Z,0.79,1.2,0.79,2026-10-06T10:02:41.102547+00:00,up,up,1.0,0.21,2026-10-06T10:21:03.911967+00:00
ETH,KXETH15M-26OCT060630-30,eth-updown-15m-1791281700,A,2026-10-06T10:15:00+00:00,2026-10-06T10:30:00Z,0.77,0.77,1.24,2026-10-06T10:25:22.705228+00:00,up,up,1.0,0.23,2026-10-06T10:33:59.170578+00:00
ETH,KXETH15M-26OCT060615-15,eth-updown-15m-1791281700,A,2026-10-06T10:15:00+00:00,2026-10-06T10:15:00Z,0.381,0.381,1.61,2026-10-06T10:15:04.417692+00:00,up,up,1.0,0.619,2026-10-06T10:34:05.310275+00:00
BTC,KXBTC15M-26OCT060630-30,btc-updown-15m-1791281700,A,2026-10-06T10:15:00+00:00,2026-10-06T10:30:00Z,0.78,0.78,1.22,2026-10-06T10:24:59.801156+00:00,down,down,1.0,0.22,2026-10-06T10:36:15.691745+00:00
BTC,KXBTC15M-26OCT060645-45,btc-updown-15m-1791282600,B,2026-10-06T10:30:00+00:00,2026-10-06T10:45:00Z,0.79,1.21,0.79,2026-10-06T10:42:02.197671+00:00,up,up,1.0,0.21,2026-10-06T10:47:55.381868+00:00
ETH,KXETH15M-26OCT060645-45,eth-updown-15m-1791282600,A,2026-10-06T10:30:00+00:00,2026-10-06T10:45:00Z,0.77,0.77,1.24,2026-10-06T10:36:38.230427+00:00,up,up,1.0,0.23,2026-10-06T10:51:59.187041+00:00
BTC,KXBTC15M-26OCT060700-00,btc-updown-15m-1791283500,A,2026-10-06T10:45:00+00:00,2026-10-06T11:00:00Z,0.79,0.79,1.21,2026-10-06T10:54:11.976835+00:00,down,down,1.0,0.21,2026-10-06T11:04:18.971003+00:00
BTC,KXBTC15M-26OCT060715-15,btc-updown-15m-1791284400,A,2026-10-06T11:00:00+00:00,2026-10-06T11:15:00Z,0.79,0.79,1.21,2026-10-06T11:08:01.542522+00:00,up,up,1.0,0.21,2026-10-06T11:17:00.098204+00:00
ETH,KXETH15M-26OCT060700-00,eth-updown-15m-1791284400,B,2026-10-06T11:00:00+00:00,2026-10-06T11:00:00Z,0.501,1.49,0.501,2026-10-06T11:00:02.167842+00:00,down,down,1.0,0.499,2026-10-06T11:20:07.299604+00:00
ETH,KXETH15M-26OCT060730-30,eth-updown-15m-1791285300,B,2026-10-06T11:15:00+00:00,2026-10-06T11:30:00Z,0.75,1.25,0.75,2026-10-06T11:15:48.047256+00:00,up,up,1.0,0.25,2026-10-06T11:33:56.945116+00:00
BTC,KXBTC15M-26OCT060730-30,btc-updown-15m-1791285300,B,2026-10-06T11:15:00+00:00,2026-10-06T11:30:00Z,0.65,1.32,0.65,2026-10-06T11:15:42.402172+00:00,up,up,1.0,0.35,2026-10-06T11:36:02.037464+00:00
ETH,KXETH15M-26OCT060745-45,eth-updown-15m-1791286200,A,2026-10-06T11:30:00+00:00,2026-10-06T11:45:00Z,0.79,0.79,1.21,2026-10-06T11:36:59.919075+00:00,up,up,1.0,0.21,2026-10-06T11:50:39.862567+00:00
BTC,KXBTC15M-26OCT060745-45,btc-updown-15m-1791287100,A,2026-10-06T11:45:00+00:00,2026-10-06T11:45:00Z,0.521,0.521,1.47,2026-10-06T11:45:00.930394+00:00,up,down,0.0,-0.521,2026-10-06T12:05:23.808687+00:00
BTC,KXBTC15M-26OCT060800-00,btc-updown-15m-1791287100,A,2026-10-06T11:45:00+00:00,2026-10-06T12:00:00Z,0.78,0.78,1.22,2026-10-06T11:54:15.352438+00:00,down,down,1.0,0.22,2026-10-06T12:05:23.808687+00:00
BTC,KXBTC15M-26OCT060815-15,btc-updown-15m-1791288000,A,2026-10-06T12:00:00+00:00,2026-10-06T12:15:00Z,0.76,0.76,1.24,2026-10-06T12:06:19.516609+00:00,up,up,1.0,0.24,2026-10-06T12:19:14.084383+00:00
ETH,KXETH15M-26OCT060815-15,eth-updown-15m-1791288000,A,2026-10-06T12:00:00+00:00,2026-10-06T12:15:00Z,0.75,0.75,1.24,2026-10-06T12:09:27.159293+00:00,up,up,1.0,0.25,2026-10-06T12:22:23.496069+00:00
BTC,KXBTC15M-26OCT060830-30,btc-updown-15m-1791289800,B,2026-10-06T12:30:00+00:00,2026-10-06T12:30:00Z,0.521,1.47,0.521,2026-10-06T12:30:02.881918+00:00,down,up,0.0,-0.521,2026-10-06T12:48:10.563690+00:00
BTC,KXBTC15M-26OCT060845-45,btc-updown-15m-1791289800,A,2026-10-06T12:30:00+00:00,2026-10-06T12:45:00Z,0.79,0.79,1.17,2026-10-06T12:36:51.293375+00:00,up,up,1.0,0.21,2026-10-06T12:48:10.563690+00:00
ETH,KXETH15M-26OCT060830-30,eth-updown-15m-1791289800,B,2026-10-06T12:30:00+00:00,2026-10-06T12:30:00Z,0.481,1.51,0.481,2026-10-06T12:30:02.881918+00:00,down,up,0.0,-0.481,2026-10-06T12:51:41.384710+00:00
BTC,KXBTC15M-26OCT060900-00,btc-updown-15m-1791290700,B,2026-10-06T12:45:00+00:00,2026-10-06T13:00:00Z,0.64,1.29,0.64,2026-10-06T12:50:20.953312+00:00,down,down,1.0,0.36,2026-10-06T13:06:25.986074+00:00
ETH,KXETH15M-26OCT060845-45,eth-updown-15m-1791290700,A,2026-10-06T12:45:00+00:00,2026-10-06T12:45:00Z,0.491,0.491,1.45,2026-10-06T12:45:01.125125+00:00,up,up,1.0,0.509,2026-10-06T13:06:36.401247+00:00
ETH,KXETH15M-26OCT060900-00,eth-updown-15m-1791290700,B,2026-10-06T12:45:00+00:00,2026-10-06T13:00:00Z,0.57,1.38,0.57,2026-10-06T12:50:20.953312+00:00,up,up,1.0,0.43,2026-10-06T13:06:36.401247+00:00
BTC,KXBTC15M-26OCT060915-15,btc-updown-15m-1791291600,B,2026-10-06T13:00:00+00:00,2026-10-06T13:15:00Z,0.66,1.34,0.66,2026-10-06T13:05:38.549736+00:00,down,down,1.0,0.34,2026-10-06T13:18:34.481803+00:00
ETH,KXETH15M-26OCT060915-15,eth-updown-15m-1791291600,B,2026-10-06T13:00:00+00:00,2026-10-06T13:15:00Z,0.76,1.24,0.76,2026-10-06T13:05:38.549736+00:00,down,down,1.0,0.24,2026-10-06T13:19:31.621320+00:00
ETH,KXETH15M-26OCT060930-30,eth-updown-15m-1791292500,A,2026-10-06T13:15:00+00:00,2026-10-06T13:30:00Z,0.76,0.76,1.24,2026-10-06T13:26:39.457875+00:00,down,down,1.0,0.24,2026-10-06T13:35:04.046433+00:00
BTC,KXBTC15M-26OCT060930-30,btc-updown-15m-1791292500,A,2026-10-06T13:15:00+00:00,2026-10-06T13:30:00Z,0.75,0.75,1.25,2026-10-06T13:27:32.725104+00:00,down,down,1.0,0.25,2026-10-06T13:36:34.944726+00:00
ETH,KXETH15M-26OCT060945-45,eth-updown-15m-1791293400,B,2026-10-06T13:30:00+00:00,2026-10-06T13:45:00Z,0.72,1.28,0.72,2026-10-06T13:31:44.539447+00:00,up,up,1.0,0.28,2026-10-06T13:51:10.894583+00:00
ETH,KXETH15M-26OCT061000-00,eth-updown-15m-1791294300,A,2026-10-06T13:45:00+00:00,2026-10-06T14:00:00Z,0.78,0.78,1.19,2026-10-06T13:57:23.296246+00:00,down,down,1.0,0.22,2026-10-06T14:06:22.919393+00:00
BTC,KXBTC15M-26OCT060945-45,btc-updown-15m-1791294300,A,2026-10-06T13:45:00+00:00,2026-10-06T13:45:00Z,0.511,0.511,1.48,2026-10-06T13:45:02.555782+00:00,up,down,0.0,-0.511,2026-10-06T14:07:19.700305+00:00
BTC,KXBTC15M-26OCT061000-00,btc-updown-15m-1791294300,A,2026-10-06T13:45:00+00:00,2026-10-06T14:00:00Z,0.78,0.78,1.22,2026-10-06T13:57:12.330633+00:00,down,down,1.0,0.22,2026-10-06T14:07:19.700305+00:00
BTC,KXBTC15M-26OCT061015-15,btc-updown-15m-1791295200,B,2026-10-06T14:00:00+00:00,2026-10-06T14:15:00Z,0.79,1.21,0.79,2026-10-06T14:09:04.576862+00:00,up,up,1.0,0.21,2026-10-06T14:18:53.910112+00:00
ETH,KXETH15M-26OCT061015-15,eth-updown-15m-1791295200,B,2026-10-06T14:00:00+00:00,2026-10-06T14:15:00Z,0.43,1.57,0.43,2026-10-06T14:14:02.130478+00:00,up,up,1.0,0.57,2026-10-06T14:22:28.269144+00:00
BTC,KXBTC15M-26OCT061030-30,btc-updown-15m-1791296100,A,2026-10-06T14:15:00+00:00,2026-10-06T14:30:00Z,0.79,0.79,1.2,2026-10-06T14:17:05.676869+00:00,down,down,1.0,0.21,2026-10-06T14:38:17.204378+00:00
ETH,KXETH15M-26OCT061030-30,eth-updown-15m-1791297000,B,2026-10-06T14:30:00+00:00,2026-10-06T14:30:00Z,0.541,1.45,0.541,2026-10-06T14:30:02.699932+00:00,down,up,0.0,-0.541,2026-10-06T14:50:16.286030+00:00
ETH,KXETH15M-26OCT061045-45,eth-updown-15m-1791297900,A,2026-10-06T14:45:00+00:00,2026-10-06T14:45:00Z,0.451,0.451,1.54,2026-10-06T14:45:02.351087+00:00,up,up,1.0,0.549,2026-10-06T15:06:00.565850+00:00
ETH,KXETH15M-26OCT061100-00,eth-updown-15m-1791297900,A,2026-10-06T14:45:00+00:00,2026-10-06T15:00:00Z,0.76,0.76,1.24,2026-10-06T14:46:03.911948+00:00,up,up,1.0,0.24,2026-10-06T15:06:00.565850+00:00
BTC,KXBTC15M-26OCT061045-45,btc-updown-15m-1791297900,A,2026-10-06T14:45:00+00:00,2026-10-06T14:45:00Z,0.471,0.471,1.52,2026-10-06T14:45:02.351087+00:00,up,up,1.0,0.529,2026-10-06T15:06:51.241250+00:00
BTC,KXBTC15M-26OCT061100-00,btc-updown-15m-1791297900,B,2026-10-06T14:45:00+00:00,2026-10-06T15:00:00Z,0.77,1.23,0.77,2026-10-06T14:51:45.025838+00:00,up,up,1.0,0.23,2026-10-06T15:06:51.241250+00:00
ETH,KXETH15M-26OCT061115-15,eth-updown-15m-1791298800,B,2026-10-06T15:00:00+00:00,2026-10-06T15:15:00Z,0.75,1.22,0.75,2026-10-06T15:11:37.896578+00:00,up,up,1.0,0.25,2026-10-06T15:20:09.521793+00:00
BTC,KXBTC15M-26OCT061115-15,btc-updown-15m-1791298800,B,2026-10-06T15:00:00+00:00,2026-10-06T15:15:00Z,0.77,1.19,0.77,2026-10-06T15:11:37.896578+00:00,up,up,1.0,0.23,2026-10-06T15:20:43.373063+00:00
BTC,KXBTC15M-26OCT061130-30,btc-updown-15m-1791299700,A,2026-10-06T15:15:00+00:00,2026-10-06T15:30:00Z,0.78,0.78,1.22,2026-10-06T15:18:20.349529+00:00,down,down,1.0,0.22,2026-10-06T15:32:46.496553+00:00
ETH,KXETH15M-26OCT061145-45,eth-updown-15m-1791300600,B,2026-10-06T15:30:00+00:00,2026-10-06T15:45:00Z,0.78,1.2,0.78,2026-10-06T15:33:03.484202+00:00,down,down,1.0,0.22,2026-10-06T15:48:16.265990+00:00
BTC,KXBTC15M-26OCT061145-45,btc-updown-15m-1791300600,B,2026-10-06T15:30:00+00:00,2026-10-06T15:45:00Z,0.74,1.26,0.74,2026-10-06T15:33:09.326588+00:00,down,down,1.0,0.26,2026-10-06T15:49:21.567228+00:00
ETH,KXETH15M-26OCT061200-00,eth-updown-15m-1791301500,A,2026-10-06T15:45:00+00:00,2026-10-06T16:00:00Z,0.76,0.76,1.25,2026-10-06T15:49:09.539712+00:00,down,down,1.0,0.24,2026-10-06T16:02:28.729981+00:00
BTC,KXBTC15M-26OCT061200-00,btc-updown-15m-1791302400,B,2026-10-06T16:00:00+00:00,2026-10-06T16:00:00Z,0.441,1.55,0.441,2026-10-06T16:00:04.221713+00:00,down,up,0.0,-0.441,2026-10-06T16:20:03.125870+00:00
BTC,KXBTC15M-26OCT061215-15,btc-updown-15m-1791302400,A,2026-10-06T16:00:00+00:00,2026-10-06T16:15:00Z,0.79,0.79,1.21,2026-10-06T16:02:01.291389+00:00,up,up,1.0,0.21,2026-10-06T16:20:03.125870+00:00
ETH,KXETH15M-26OCT061215-15,eth-updown-15m-1791303300,A,2026-10-06T16:15:00+00:00,2026-10-06T16:15:00Z,0.521,0.521,1.46,2026-10-06T16:15:02.868668+00:00,up,down,0.0,-0.521,2026-10-06T16:33:38.806852+00:00
ETH,KXETH15M-26OCT061230-30,eth-updown-15m-1791303300,A,2026-10-06T16:15:00+00:00,2026-10-06T16:30:00Z,0.73,0.73,1.26,2026-10-06T16:28:15.992381+00:00,down,down,1.0,0.27,2026-10-06T16:33:38.806852+00:00
BTC,KXBTC15M-26OCT061230-30,btc-updown-15m-1791303300,B,2026-10-06T16:15:00+00:00,2026-10-06T16:30:00Z,0.79,1.2,0.79,2026-10-06T16:19:03.312339+00:00,down,down,1.0,0.21,2026-10-06T16:36:42.357915+00:00
BTC,KXBTC15M-26OCT061245-45,btc-updown-15m-1791305100,B,2026-10-06T16:45:00+00:00,2026-10-06T16:45:00Z,0.441,1.52,0.441,2026-10-06T16:45:00.621480+00:00,down,down,1.0,0.559,2026-10-06T17:04:20.230052+00:00
BTC,KXBTC15M-26OCT061300-00,btc-updown-15m-1791305100,B,2026-10-06T16:45:00+00:00,2026-10-06T17:00:00Z,0.79,1.21,0.79,2026-10-06T16:52:21.741479+00:00,down,down,1.0,0.21,2026-10-06T17:04:20.230052+00:00
ETH,KXETH15M-26OCT061245-45,eth-updown-15m-1791305100,B,2026-10-06T16:45:00+00:00,2026-10-06T16:45:00Z,0.341,1.52,0.341,2026-10-06T16:45:00.621480+00:00,down,down,1.0,0.659,2026-10-06T17:05:21.233515+00:00
ETH,KXETH15M-26OCT061300-00,eth-updown-15m-1791305100,A,2026-10-06T16:45:00+00:00,2026-10-06T17:00:00Z,0.79,0.79,1.21,2026-10-06T16:52:49.168675+00:00,down,down,1.0,0.21,2026-10-06T17:05:21.233515+00:00
BTC,KXBTC15M-26OCT061315-15,btc-updown-15m-1791306000,B,2026-10-06T17:00:00+00:00,2026-10-06T17:15:00Z,0.79,1.21,0.79,2026-10-06T17:09:53.103033+00:00,down,down,1.0,0.21,2026-10-06T17:19:55.435745+00:00
ETH,KXETH15M-26OCT061315-15,eth-updown-15m-1791306000,B,2026-10-06T17:00:00+00:00,2026-10-06T17:15:00Z,0.78,1.22,0.78,2026-10-06T17:07:18.639965+00:00,down,down,1.0,0.22,2026-10-06T17:22:18.676148+00:00
BTC,KXBTC15M-26OCT061330-30,btc-updown-15m-1791306900,B,2026-10-06T17:15:00+00:00,2026-10-06T17:30:00Z,0.79,1.21,0.79,2026-10-06T17:25:31.978360+00:00,up,up,1.0,0.21,2026-10-06T17:36:30.276586+00:00
ETH,KXETH15M-26OCT061330-30,eth-updown-15m-1791307800,A,2026-10-06T17:30:00+00:00,2026-10-06T17:30:00Z,0.521,0.521,1.47,2026-10-06T17:30:03.166159+00:00,up,down,0.0,-0.521,2026-10-06T17:48:42.199273+00:00
ETH,KXETH15M-26OCT061345-45,eth-updown-15m-1791307800,A,2026-10-06T17:30:00+00:00,2026-10-06T17:45:00Z,0.79,0.79,1.21,2026-10-06T17:36:29.687017+00:00,down,down,1.0,0.21,2026-10-06T17:48:42.199273+00:00
BTC,KXBTC15M-26OCT061345-45,btc-updown-15m-1791308700,B,2026-10-06T17:45:00+00:00,2026-10-06T17:45:00Z,0.411,1.58,0.411,2026-10-06T17:45:04.044253+00:00,down,up,0.0,-0.411,2026-10-06T18:06:17.215039+00:00
ETH,KXETH15M-26OCT061400-00,eth-updown-15m-1791309600,A,2026-10-06T18:00:00+00:00,2026-10-06T18:00:00Z,0.591,0.591,1.4,2026-10-06T18:00:01.419206+00:00,up,up,1.0,0.409,2026-10-06T18:21:06.085494+00:00
BTC,KXBTC15M-26OCT061400-00,btc-updown-15m-1791309600,A,2026-10-06T18:00:00+00:00,2026-10-06T18:00:00Z,0.581,0.581,1.41,2026-10-06T18:00:01.419206+00:00,up,up,1.0,0.419,2026-10-06T18:21:18.542585+00:00
BTC,KXBTC15M-26OCT061415-15,btc-updown-15m-1791310500,A,2026-10-06T18:15:00+00:00,2026-10-06T18:15:00Z,0.461,0.461,1.53,2026-10-06T18:15:00.999614+00:00,up,down,0.0,-0.461,2026-10-06T18:34:47.162410+00:00
ETH,KXETH15M-26OCT061415-15,eth-updown-15m-1791310500,A,2026-10-06T18:15:00+00:00,2026-10-06T18:15:00Z,0.461,0.461,1.52,2026-10-06T18:15:00.999614+00:00,up,down,0.0,-0.461,2026-10-06T18:37:11.073697+00:00
ETH,KXETH15M-26OCT061430-30,eth-updown-15m-1791311400,B,2026-10-06T18:30:00+00:00,2026-10-06T18:30:00Z,0.601,1.39,0.601,2026-10-06T18:30:03.397145+00:00,down,down,1.0,0.399,2026-10-06T18:49:21.974095+00:00
BTC,KXBTC15M-26OCT061445-45,btc-updown-15m-1791312300,B,2026-10-06T18:45:00+00:00,2026-10-06T18:45:00Z,0.491,1.5,0.491,2026-10-06T18:45:03.599652+00:00,down,down,1.0,0.509,2026-10-06T19:03:34.684644+00:00
ETH,KXETH15M-26OCT061445-45,eth-updown-15m-1791312300,B,2026-10-06T18:45:00+00:00,2026-10-06T18:45:00Z,0.601,1.38,0.601,2026-10-06T18:45:03.599652+00:00,down,down,1.0,0.399,2026-10-06T19:06:22.506057+00:00
BTC,KXBTC15M-26OCT061515-15,btc-updown-15m-1791313200,A,2026-10-06T19:00:00+00:00,2026-10-06T19:15:00Z,0.79,0.79,1.21,2026-10-06T19:06:56.076708+00:00,down,down,1.0,0.21,2026-10-06T19:17:12.038039+00:00
ETH,KXETH15M-26OCT061500-00,eth-updown-15m-1791313200,B,2026-10-06T19:00:00+00:00,2026-10-06T19:00:00Z,0.441,1.55,0.441,2026-10-06T19:00:20.336192+00:00,down,down,1.0,0.559,2026-10-06T19:17:17.836064+00:00
BTC,KXBTC15M-26OCT061530-30,btc-updown-15m-1791314100,B,2026-10-06T19:15:00+00:00,2026-10-06T19:30:00Z,0.57,1.43,0.57,2026-10-06T19:27:38.036461+00:00,up,up,1.0,0.43,2026-10-06T19:32:11.631817+00:00
ETH,KXETH15M-26OCT061530-30,eth-updown-15m-1791314100,A,2026-10-06T19:15:00+00:00,2026-10-06T19:30:00Z,0.75,0.75,1.24,2026-10-06T19:28:26.130631+00:00,down,down,1.0,0.25,2026-10-06T19:35:20.463305+00:00
BTC,KXBTC15M-26OCT061545-45,btc-updown-15m-1791315000,A,2026-10-06T19:30:00+00:00,2026-10-06T19:45:00Z,0.75,0.75,1.19,2026-10-06T19:43:40.528411+00:00,down,up,2.0,1.25,2026-10-06T19:50:19.740878+00:00
ETH,KXETH15M-26OCT061545-45,eth-updown-15m-1791315900,A,2026-10-06T19:45:00+00:00,2026-10-06T19:45:00Z,0.521,0.521,1.47,2026-10-06T19:45:03.403070+00:00,up,up,1.0,0.479,2026-10-06T20:06:49.991772+00:00
ETH,KXETH15M-26OCT061600-00,eth-updown-15m-1791315900,B,2026-10-06T19:45:00+00:00,2026-10-06T20:00:00Z,0.79,1.21,0.79,2026-10-06T19:48:02.634010+00:00,up,up,1.0,0.21,2026-10-06T20:06:49.991772+00:00
BTC,KXBTC15M-26OCT061600-00,btc-updown-15m-1791316800,A,2026-10-06T20:00:00+00:00,2026-10-06T20:00:00Z,0.441,0.441,1.56,2026-10-06T20:00:00.412471+00:00,up,down,0.0,-0.441,2026-10-06T20:21:09.624530+00:00
BTC,KXBTC15M-26OCT061615-15,btc-updown-15m-1791316800,A,2026-10-06T20:00:00+00:00,2026-10-06T20:15:00Z,0.75,0.75,1.251,2026-10-06T20:14:32.209499+00:00,down,down,1.0,0.25,2026-10-06T20:21:09.624530+00:00
ETH,KXETH15M-26OCT061615-15,eth-updown-15m-1791316800,A,2026-10-06T20:00:00+00:00,2026-10-06T20:15:00Z,0.75,0.75,1.25,2026-10-06T20:10:58.135462+00:00,up,down,0.0,-0.75,2026-10-06T20:22:00.105275+00:00
BTC,KXBTC15M-26OCT061630-30,btc-updown-15m-1791317700,A,2026-10-06T20:15:00+00:00,2026-10-06T20:30:00Z,0.73,0.73,1.27,2026-10-06T20:22:38.530408+00:00,down,down,1.0,0.27,2026-10-06T20:32:11.027171+00:00
ETH,KXETH15M-26OCT061630-30,eth-updown-15m-1791318600,A,2026-10-06T20:30:00+00:00,2026-10-06T20:30:00Z,0.531,0.531,1.41,2026-10-06T20:30:00.075338+00:00,up,up,1.0,0.469,2026-10-06T20:50:17.871137+00:00
ETH,KXETH15M-26OCT061645-45,eth-updown-15m-1791319500,A,2026-10-06T20:45:00+00:00,2026-10-06T20:45:00Z,0.471,0.471,1.52,2026-10-06T20:45:01.821832+00:00,up,up,1.0,0.529,2026-10-06T21:03:31.258185+00:00
BTC,KXBTC15M-26OCT061645-45,btc-updown-15m-1791319500,A,2026-10-06T20:45:00+00:00,2026-10-06T20:45:00Z,0.481,0.481,1.51,2026-10-06T20:45:01.821832+00:00,up,down,0.0,-0.481,2026-10-06T21:07:02.335701+00:00
BTC,KXBTC15M-26OCT061700-00,btc-updown-15m-1791320400,B,2026-10-06T21:00:00+00:00,2026-10-06T21:00:00Z,0.402,1.589,0.402,2026-10-06T21:00:03.477658+00:00,down,down,1.0,0.598,2026-10-06T21:17:15.533218+00:00
BTC,KXBTC15M-26OCT061715-15,btc-updown-15m-1791321300,B,2026-10-06T21:15:00+00:00,2026-10-06T21:15:00Z,0.481,1.51,0.481,2026-10-06T21:15:04.634456+00:00,down,up,0.0,-0.481,2026-10-06T21:32:42.790786+00:00
BTC,KXBTC15M-26OCT061730-30,btc-updown-15m-1791321300,B,2026-10-06T21:15:00+00:00,2026-10-06T21:30:00Z,0.69,1.31,0.69,2026-10-06T21:28:06.419659+00:00,up,up,1.0,0.31,2026-10-06T21:32:42.790786+00:00
ETH,KXETH15M-26OCT061730-30,eth-updown-15m-1791321300,B,2026-10-06T21:15:00+00:00,2026-10-06T21:30:00Z,0.663,1.328,0.663,2026-10-06T21:25:03.698033+00:00,down,down,1.0,0.337,2026-10-06T21:34:17.723463+00:00
ETH,KXETH15M-26OCT061745-45,eth-updown-15m-1791322200,A,2026-10-06T21:30:00+00:00,2026-10-06T21:45:00Z,0.56,0.56,1.44,2026-10-06T21:38:03.171468+00:00,down,down,1.0,0.44,2026-10-06T21:48:23.063318+00:00
ETH,KXETH15M-26OCT061800-00,eth-updown-15m-1791323100,B,2026-10-06T21:45:00+00:00,2026-10-06T22:00:00Z,0.61,1.34,0.61,2026-10-06T21:57:53.693782+00:00,up,up,1.0,0.39,2026-10-06T22:02:47.328824+00:00
BTC,KXBTC15M-26OCT061745-45,btc-updown-15m-1791323100,A,2026-10-06T21:45:00+00:00,2026-10-06T21:45:00Z,0.491,0.491,1.5,2026-10-06T21:45:02.427716+00:00,up,up,1.0,0.509,2026-10-06T22:04:25.097555+00:00
BTC,KXBTC15M-26OCT061800-00,btc-updown-15m-1791323100,B,2026-10-06T21:45:00+00:00,2026-10-06T22:00:00Z,0.74,1.24,0.74,2026-10-06T21:57:32.088805+00:00,up,up,1.0,0.26,2026-10-06T22:04:25.097555+00:00
ETH,KXETH15M-26OCT061815-15,eth-updown-15m-1791324000,A,2026-10-06T22:00:00+00:00,2026-10-06T22:15:00Z,0.692,0.692,1.302,2026-10-06T22:12:49.677720+00:00,down,down,1.0,0.308,2026-10-06T22:18:07.714357+00:00
BTC,KXBTC15M-26OCT061815-15,btc-updown-15m-1791324000,A,2026-10-06T22:00:00+00:00,2026-10-06T22:15:00Z,0.59,0.59,1.39,2026-10-06T22:12:49.677720+00:00,down,down,1.0,0.41,2026-10-06T22:18:19.178427+00:00
ETH,KXETH15M-26OCT061845-45,eth-updown-15m-1791325800,B,2026-10-06T22:30:00+00:00,2026-10-06T22:45:00Z,0.65,1.36,0.65,2026-10-06T22:41:00.730172+00:00,up,up,1.0,0.35,2026-10-06T22:47:26.832187+00:00
BTC,KXBTC15M-26OCT061830-30,btc-updown-15m-1791325800,B,2026-10-06T22:30:00+00:00,2026-10-06T22:30:00Z,0.491,1.5,0.491,2026-10-06T22:30:17.869646+00:00,down,up,0.0,-0.491,2026-10-06T22:49:35.176396+00:00
BTC,KXBTC15M-26OCT061845-45,btc-updown-15m-1791326700,A,2026-10-06T22:45:00+00:00,2026-10-06T22:45:00Z,0.551,0.551,1.43,2026-10-06T22:45:00.128965+00:00,up,down,0.0,-0.551,2026-10-06T23:06:22.286916+00:00
BTC,KXBTC15M-26OCT061900-00,btc-updown-15m-1791326700,A,2026-10-06T22:45:00+00:00,2026-10-06T23:00:00Z,0.45,0.45,1.55,2026-10-06T22:58:41.731893+00:00,down,down,1.0,0.55,2026-10-06T23:06:22.286916+00:00
ETH,KXETH15M-26OCT061900-00,eth-updown-15m-1791327600,A,2026-10-06T23:00:00+00:00,2026-10-06T23:00:00Z,0.422,0.422,1.505,2026-10-06T23:00:00.758560+00:00,up,up,1.0,0.578,2026-10-06T23:17:46.490724+00:00
ETH,KXETH15M-26OCT061915-15,eth-updown-15m-1791327600,B,2026-10-06T23:00:00+00:00,2026-10-06T23:15:00Z,0.79,1.21,0.79,2026-10-06T23:01:19.636801+00:00,up,up,1.0,0.21,2026-10-06T23:17:46.490724+00:00
BTC,KXBTC15M-26OCT061915-15,btc-updown-15m-1791327600,A,2026-10-06T23:00:00+00:00,2026-10-06T23:15:00Z,0.7,0.7,1.3,2026-10-06T23:14:04.292042+00:00,down,down,1.0,0.3,2026-10-06T23:20:10.848578+00:00
BTC,KXBTC15M-26OCT061930-30,btc-updown-15m-1791328500,B,2026-10-06T23:15:00+00:00,2026-10-06T23:30:00Z,0.79,1.21,0.79,2026-10-06T23:21:41.020010+00:00,down,down,1.0,0.21,2026-10-06T23:33:14.107066+00:00
ETH,KXETH15M-26OCT061930-30,eth-updown-15m-1791328500,A,2026-10-06T23:15:00+00:00,2026-10-06T23:30:00Z,0.76,0.76,1.24,2026-10-06T23:16:51.670589+00:00,down,down,1.0,0.24,2026-10-06T23:34:43.248924+00:00
BTC,KXBTC15M-26OCT061945-45,btc-updown-15m-1791329400,B,2026-10-06T23:30:00+00:00,2026-10-06T23:45:00Z,0.79,1.21,0.79,2026-10-06T23:39:40.529421+00:00,up,up,1.0,0.21,2026-10-06T23:51:07.406670+00:00
BTC,KXBTC15M-26OCT062000-00,btc-updown-15m-1791330300,A,2026-10-06T23:45:00+00:00,2026-10-07T00:00:00Z,0.45,0.45,1.55,2026-10-06T23:58:52.066777+00:00,down,down,1.0,0.55,2026-10-07T00:02:13.824360+00:00
ETH,KXETH15M-26OCT061945-45,eth-updown-15m-1791330300,A,2026-10-06T23:45:00+00:00,2026-10-06T23:45:00Z,0.501,0.501,1.49,2026-10-06T23:45:04.191292+00:00,up,down,0.0,-0.501,2026-10-07T00:05:56.401896+00:00
ETH,KXETH15M-26OCT062000-00,eth-updown-15m-1791331200,B,2026-10-07T00:00:00+00:00,2026-10-07T00:00:00Z,0.533,1.459,0.533,2026-10-07T00:00:04.875778+00:00,down,up,0.0,-0.533,2026-10-07T00:20:18.375169+00:00
ETH,KXETH15M-26OCT062015-15,eth-updown-15m-1791332100,A,2026-10-07T00:15:00+00:00,2026-10-07T00:15:00Z,0.536,0.536,1.459,2026-10-07T00:15:05.397581+00:00,up,down,0.0,-0.536,2026-10-07T00:32:55.828111+00:00
ETH,KXETH15M-26OCT062030-30,eth-updown-15m-1791332100,A,2026-10-07T00:15:00+00:00,2026-10-07T00:30:00Z,0.79,0.79,1.21,2026-10-07T00:17:10.240501+00:00,down,down,1.0,0.21,2026-10-07T00:32:55.828111+00:00
BTC,KXBTC15M-26OCT062015-15,btc-updown-15m-1791332100,A,2026-10-07T00:15:00+00:00,2026-10-07T00:15:00Z,0.491,0.491,1.5,2026-10-07T00:15:05.397581+00:00,up,down,0.0,-0.491,2026-10-07T00:35:16.983578+00:00
ETH,KXETH15M-26OCT062045-45,eth-updown-15m-1791333000,B,2026-10-07T00:30:00+00:00,2026-10-07T00:45:00Z,0.74,1.26,0.74,2026-10-07T00:33:18.932757+00:00,up,up,1.0,0.26,2026-10-07T00:49:27.905834+00:00
BTC,KXBTC15M-26OCT062045-45,btc-updown-15m-1791333000,B,2026-10-07T00:30:00+00:00,2026-10-07T00:45:00Z,0.79,1.21,0.79,2026-10-07T00:35:22.276332+00:00,up,up,1.0,0.21,2026-10-07T00:50:27.532725+00:00
ETH,KXETH15M-26OCT062100-00,eth-updown-15m-1791333900,A,2026-10-07T00:45:00+00:00,2026-10-07T01:00:00Z,0.67,0.67,1.33,2026-10-07T00:52:21.873040+00:00,down,down,1.0,0.33,2026-10-07T01:05:05.444202+00:00
BTC,KXBTC15M-26OCT062100-00,btc-updown-15m-1791333900,A,2026-10-07T00:45:00+00:00,2026-10-07T01:00:00Z,0.74,0.74,1.26,2026-10-07T00:52:21.873040+00:00,up,up,1.0,0.26,2026-10-07T01:06:34.035902+00:00
BTC,KXBTC15M-26OCT062115-15,btc-updown-15m-1791335700,B,2026-10-07T01:15:00+00:00,2026-10-07T01:15:00Z,0.491,1.5,0.491,2026-10-07T01:15:00.309850+00:00,down,down,1.0,0.509,2026-10-07T01:35:15.563881+00:00
ETH,KXETH15M-26OCT062115-15,eth-updown-15m-1791335700,B,2026-10-07T01:15:00+00:00,2026-10-07T01:15:00Z,0.471,1.52,0.471,2026-10-07T01:15:00.309850+00:00,down,down,1.0,0.529,2026-10-07T01:36:42.819471+00:00
ETH,KXETH15M-26OCT062130-30,eth-updown-15m-1791336600,B,2026-10-07T01:30:00+00:00,2026-10-07T01:30:00Z,0.431,1.55,0.431,2026-10-07T01:30:01.111423+00:00,down,up,0.0,-0.431,2026-10-07T01:49:43.457674+00:00
ETH,KXETH15M-26OCT062145-45,eth-updown-15m-1791336600,B,2026-10-07T01:30:00+00:00,2026-10-07T01:45:00Z,0.76,1.24,0.76,2026-10-07T01:39:19.495770+00:00,up,up,1.0,0.24,2026-10-07T01:49:43.457674+00:00
BTC,KXBTC15M-26OCT062130-30,btc-updown-15m-1791336600,B,2026-10-07T01:30:00+00:00,2026-10-07T01:30:00Z,0.431,1.56,0.431,2026-10-07T01:30:01.111423+00:00,down,up,0.0,-0.431,2026-10-07T01:50:22.901423+00:00
BTC,KXBTC15M-26OCT062145-45,btc-updown-15m-1791336600,A,2026-10-07T01:30:00+00:00,2026-10-07T01:45:00Z,0.63,0.63,1.37,2026-10-07T01:35:15.001588+00:00,up,up,1.0,0.37,2026-10-07T01:50:22.901423+00:00
BTC,KXBTC15M-26OCT062200-00,btc-updown-15m-1791337500,A,2026-10-07T01:45:00+00:00,2026-10-07T02:00:00Z,0.78,0.78,1.22,2026-10-07T01:52:18.535018+00:00,down,down,1.0,0.22,2026-10-07T02:05:38.325744+00:00
ETH,KXETH15M-26OCT062200-00,eth-updown-15m-1791338400,B,2026-10-07T02:00:00+00:00,2026-10-07T02:00:00Z,0.671,1.32,0.671,2026-10-07T02:00:00.521106+00:00,down,down,1.0,0.329,2026-10-07T02:21:17.475696+00:00
ETH,KXETH15M-26OCT062215-15,eth-updown-15m-1791339300,B,2026-10-07T02:15:00+00:00,2026-10-07T02:15:00Z,0.521,1.47,0.521,2026-10-07T02:15:04.098566+00:00,down,down,1.0,0.479,2026-10-07T02:33:48.415476+00:00
ETH,KXETH15M-26OCT062230-30,eth-updown-15m-1791339300,B,2026-10-07T02:15:00+00:00,2026-10-07T02:30:00Z,0.747,1.244,0.747,2026-10-07T02:28:16.389301+00:00,down,down,1.0,0.253,2026-10-07T02:33:48.415476+00:00
BTC,KXBTC15M-26OCT062230-30,btc-updown-15m-1791339300,A,2026-10-07T02:15:00+00:00,2026-10-07T02:30:00Z,0.75,0.75,1.25,2026-10-07T02:23:09.308383+00:00,down,down,1.0,0.25,2026-10-07T02:34:53.817645+00:00
BTC,KXBTC15M-26OCT062245-45,btc-updown-15m-1791340200,A,2026-10-07T02:30:00+00:00,2026-10-07T02:45:00Z,0.75,0.75,1.25,2026-10-07T02:43:03.197101+00:00,down,down,1.0,0.25,2026-10-07T02:51:49.698032+00:00
ETH,KXETH15M-26OCT062245-45,eth-updown-15m-1791341100,A,2026-10-07T02:45:00+00:00,2026-10-07T02:45:00Z,0.541,0.541,1.45,2026-10-07T02:45:04.267202+00:00,up,down,0.0,-0.541,2026-10-07T03:05:48.909145+00:00
ETH,KXETH15M-26OCT062300-00,eth-updown-15m-1791342000,B,2026-10-07T03:00:00+00:00,2026-10-07T03:00:00Z,0.441,1.55,0.441,2026-10-07T03:00:04.415443+00:00,down,down,1.0,0.559,2026-10-07T03:18:47.229683+00:00
ETH,KXETH15M-26OCT062315-15,eth-updown-15m-1791342000,A,2026-10-07T03:00:00+00:00,2026-10-07T03:15:00Z,0.73,0.73,1.28,2026-10-07T03:14:07.233980+00:00,down,down,1.0,0.27,2026-10-07T03:18:47.229683+00:00
BTC,KXBTC15M-26OCT062300-00,btc-updown-15m-1791342000,A,2026-10-07T03:00:00+00:00,2026-10-07T03:00:00Z,0.481,0.481,1.5,2026-10-07T03:00:04.415443+00:00,up,up,1.0,0.519,2026-10-07T03:22:00.825850+00:00
ETH,KXETH15M-26OCT062330-30,eth-updown-15m-1791342900,A,2026-10-07T03:15:00+00:00,2026-10-07T03:30:00Z,0.76,0.76,1.24,2026-10-07T03:20:31.700518+00:00,down,down,1.0,0.24,2026-10-07T03:32:05.590589+00:00
BTC,KXBTC15M-26OCT062315-15,btc-updown-15m-1791342900,A,2026-10-07T03:15:00+00:00,2026-10-07T03:15:00Z,0.491,0.491,1.5,2026-10-07T03:15:02.708614+00:00,up,up,1.0,0.509,2026-10-07T03:34:56.378166+00:00
BTC,KXBTC15M-26OCT062330-30,btc-updown-15m-1791343800,A,2026-10-07T03:30:00+00:00,2026-10-07T03:30:00Z,0.492,0.492,1.499,2026-10-07T03:30:00.277309+00:00,up,up,1.0,0.508,2026-10-07T03:48:24.535944+00:00
ETH,KXETH15M-26OCT062345-45,eth-updown-15m-1791344700,A,2026-10-07T03:45:00+00:00,2026-10-07T03:45:00Z,0.501,0.501,1.49,2026-10-07T03:45:04.886882+00:00,up,down,0.0,-0.501,2026-10-07T04:05:13.358967+00:00
ETH,KXETH15M-26OCT070000-00,eth-updown-15m-1791344700,A,2026-10-07T03:45:00+00:00,2026-10-07T04:00:00Z,0.75,0.75,1.25,2026-10-07T03:57:14.558166+00:00,down,down,1.0,0.25,2026-10-07T04:05:13.358967+00:00
BTC,KXBTC15M-26OCT070000-00,btc-updown-15m-1791344700,A,2026-10-07T03:45:00+00:00,2026-10-07T04:00:00Z,0.44,0.44,1.56,2026-10-07T03:59:05.579628+00:00,down,down,1.0,0.56,2026-10-07T04:06:06.288625+00:00
BTC,KXBTC15M-26OCT070015-15,btc-updown-15m-1791345600,A,2026-10-07T04:00:00+00:00,2026-10-07T04:15:00Z,0.76,0.76,1.24,2026-10-07T04:07:15.129731+00:00,up,up,1.0,0.24,2026-10-07T04:17:53.132116+00:00
ETH,KXETH15M-26OCT070015-15,eth-updown-15m-1791345600,B,2026-10-07T04:00:00+00:00,2026-10-07T04:15:00Z,0.77,1.23,0.77,2026-10-07T04:09:22.307457+00:00,up,up,1.0,0.23,2026-10-07T04:21:10.372800+00:00
BTC,KXBTC15M-26OCT070030-30,btc-updown-15m-1791346500,B,2026-10-07T04:15:00+00:00,2026-10-07T04:30:00Z,0.71,1.29,0.71,2026-10-07T04:25:21.471518+00:00,up,down,2.0,1.29,2026-10-07T04:36:19.552364+00:00
BTC,KXBTC15M-26OCT070045-45,btc-updown-15m-1791347400,B,2026-10-07T04:30:00+00:00,2026-10-07T04:45:00Z,0.72,1.28,0.72,2026-10-07T04:36:30.257335+00:00,down,down,1.0,0.28,2026-10-07T04:47:22.784534+00:00
ETH,KXETH15M-26OCT070030-30,eth-updown-15m-1791347400,B,2026-10-07T04:30:00+00:00,2026-10-07T04:30:00Z,0.511,1.48,0.511,2026-10-07T04:30:02.727191+00:00,down,down,1.0,0.489,2026-10-07T04:50:22.524637+00:00
ETH,KXETH15M-26OCT070045-45,eth-updown-15m-1791347400,B,2026-10-07T04:30:00+00:00,2026-10-07T04:45:00Z,0.76,1.24,0.76,2026-10-07T04:36:41.183275+00:00,down,down,1.0,0.24,2026-10-07T04:50:22.524637+00:00
ETH,KXETH15M-26OCT070100-00,eth-updown-15m-1791349200,A,2026-10-07T05:00:00+00:00,2026-10-07T05:00:00Z,0.501,0.501,1.49,2026-10-07T05:00:05.575431+00:00,up,up,1.0,0.499,2026-10-07T05:19:33.403151+00:00
ETH,KXETH15M-26OCT070115-15,eth-updown-15m-1791349200,B,2026-10-07T05:00:00+00:00,2026-10-07T05:15:00Z,0.77,1.23,0.77,2026-10-07T05:05:31.874503+00:00,up,up,1.0,0.23,2026-10-07T05:19:33.403151+00:00
BTC,KXBTC15M-26OCT070100-00,btc-updown-15m-1791349200,A,2026-10-07T05:00:00+00:00,2026-10-07T05:00:00Z,0.511,0.511,1.48,2026-10-07T05:00:05.575431+00:00,up,up,1.0,0.489,2026-10-07T05:20:16.221090+00:00
BTC,KXBTC15M-26OCT070115-15,btc-updown-15m-1791350100,A,2026-10-07T05:15:00+00:00,2026-10-07T05:15:00Z,0.511,0.511,1.48,2026-10-07T05:15:02.857655+00:00,up,up,1.0,0.489,2026-10-07T05:34:26.486289+00:00
ETH,KXETH15M-26OCT070130-30,eth-updown-15m-1791351000,A,2026-10-07T05:30:00+00:00,2026-10-07T05:30:00Z,0.451,0.451,1.54,2026-10-07T05:30:02.753395+00:00,up,up,1.0,0.549,2026-10-07T05:48:04.665062+00:00
BTC,KXBTC15M-26OCT070130-30,btc-updown-15m-1791351000,A,2026-10-07T05:30:00+00:00,2026-10-07T05:30:00Z,0.491,0.491,1.5,2026-10-07T05:30:02.753395+00:00,up,up,1.0,0.509,2026-10-07T05:48:45.195101+00:00
BTC,KXBTC15M-26OCT070145-45,btc-updown-15m-1791351000,A,2026-10-07T05:30:00+00:00,2026-10-07T05:45:00Z,0.78,0.78,1.22,2026-10-07T05:36:03.177485+00:00,up,up,1.0,0.22,2026-10-07T05:48:45.195101+00:00
ETH,KXETH15M-26OCT070145-45,eth-updown-15m-1791351900,A,2026-10-07T05:45:00+00:00,2026-10-07T05:45:00Z,0.591,0.591,1.4,2026-10-07T05:45:02.373730+00:00,up,up,1.0,0.409,2026-10-07T06:06:27.113690+00:00
ETH,KXETH15M-26OCT070200-00,eth-updown-15m-1791351900,B,2026-10-07T05:45:00+00:00,2026-10-07T06:00:00Z,0.79,1.21,0.79,2026-10-07T05:47:57.969680+00:00,up,up,1.0,0.21,2026-10-07T06:06:27.113690+00:00
BTC,KXBTC15M-26OCT070215-15,btc-updown-15m-1791353700,B,2026-10-07T06:15:00+00:00,2026-10-07T06:15:00Z,0.501,1.49,0.501,2026-10-07T06:15:03.288918+00:00,down,down,1.0,0.499,2026-10-07T06:32:18.539721+00:00
BTC,KXBTC15M-26OCT070230-30,btc-updown-15m-1791354600,B,2026-10-07T06:30:00+00:00,2026-10-07T06:30:00Z,0.601,1.39,0.601,2026-10-07T06:30:02.642889+00:00,down,up,0.0,-0.601,2026-10-07T06:47:41.082111+00:00
BTC,KXBTC15M-26OCT070245-45,btc-updown-15m-1791354600,B,2026-10-07T06:30:00+00:00,2026-10-07T06:45:00Z,0.75,1.25,0.75,2026-10-07T06:32:40.617899+00:00,up,up,1.0,0.25,2026-10-07T06:47:41.082111+00:00
ETH,KXETH15M-26OCT070230-30,eth-updown-15m-1791354600,B,2026-10-07T06:30:00+00:00,2026-10-07T06:30:00Z,0.501,1.49,0.501,2026-10-07T06:30:02.642889+00:00,down,up,0.0,-0.501,2026-10-07T06:50:32.197117+00:00
ETH,KXETH15M-26OCT070300-00,eth-updown-15m-1791356400,B,2026-10-07T07:00:00+00:00,2026-10-07T07:00:00Z,0.521,1.47,0.521,2026-10-07T07:00:00.554093+00:00,down,up,0.0,-0.521,2026-10-07T07:19:43.640390+00:00
ETH,KXETH15M-26OCT070315-15,eth-updown-15m-1791356400,B,2026-10-07T07:00:00+00:00,2026-10-07T07:15:00Z,0.58,1.45,0.58,2026-10-07T07:11:06.984671+00:00,down,up,0.0,-0.58,2026-10-07T07:19:43.640390+00:00
BTC,KXBTC15M-26OCT070315-15,btc-updown-15m-1791356400,B,2026-10-07T07:00:00+00:00,2026-10-07T07:15:00Z,0.589,1.402,0.589,2026-10-07T07:11:06.984671+00:00,up,up,1.0,0.411,2026-10-07T07:19:49.899975+00:00
BTC,KXBTC15M-26OCT070300-00,btc-updown-15m-1791356400,B,2026-10-07T07:00:00+00:00,2026-10-07T07:00:00Z,0.571,1.41,0.571,2026-10-07T07:00:00.554093+00:00,down,up,0.0,-0.571,2026-10-07T07:19:56.100982+00:00
ETH,KXETH15M-26OCT070330-30,eth-updown-15m-1791357300,B,2026-10-07T07:15:00+00:00,2026-10-07T07:30:00Z,0.72,1.25,0.72,2026-10-07T07:22:32.830231+00:00,down,down,1.0,0.28,2026-10-07T07:34:52.282819+00:00
BTC,KXBTC15M-26OCT070330-30,btc-updown-15m-1791357300,B,2026-10-07T07:15:00+00:00,2026-10-07T07:30:00Z,0.77,1.23,0.77,2026-10-07T07:22:32.830231+00:00,down,down,1.0,0.23,2026-10-07T07:35:03.676597+00:00
BTC,KXBTC15M-26OCT070345-45,btc-updown-15m-1791359100,A,2026-10-07T07:45:00+00:00,2026-10-07T07:45:00Z,0.371,0.371,1.62,2026-10-07T07:45:03.248710+00:00,up,down,0.0,-0.371,2026-10-07T08:04:59.394129+00:00
ETH,KXETH15M-26OCT070345-45,eth-updown-15m-1791359100,A,2026-10-07T07:45:00+00:00,2026-10-07T07:45:00Z,0.401,0.401,1.59,2026-10-07T07:45:03.248710+00:00,up,down,0.0,-0.401,2026-10-07T08:06:26.966704+00:00
BTC,KXBTC15M-26OCT070400-00,btc-updown-15m-1791360000,B,2026-10-07T08:00:00+00:00,2026-10-07T08:00:00Z,0.571,1.41,0.571,2026-10-07T08:00:05.093786+00:00,down,down,1.0,0.429,2026-10-07T08:18:53.769174+00:00
ETH,KXETH15M-26OCT070400-00,eth-updown-15m-1791360000,B,2026-10-07T08:00:00+00:00,2026-10-07T08:00:00Z,0.541,1.45,0.541,2026-10-07T08:00:05.093786+00:00,down,down,1.0,0.459,2026-10-07T08:22:26.711750+00:00
ETH,KXETH15M-26OCT070415-15,eth-updown-15m-1791360000,B,2026-10-07T08:00:00+00:00,2026-10-07T08:15:00Z,0.75,1.25,0.75,2026-10-07T08:03:42.095609+00:00,down,down,1.0,0.25,2026-10-07T08:22:26.711750+00:00
BTC,KXBTC15M-26OCT070415-15,btc-updown-15m-1791360900,B,2026-10-07T08:15:00+00:00,2026-10-07T08:15:00Z,0.431,1.56,0.431,2026-10-07T08:15:01.655196+00:00,down,up,0.0,-0.431,2026-10-07T08:32:55.898530+00:00
BTC,KXBTC15M-26OCT070430-30,btc-updown-15m-1791360900,A,2026-10-07T08:15:00+00:00,2026-10-07T08:30:00Z,0.72,0.72,1.28,2026-10-07T08:23:56.231926+00:00,up,up,1.0,0.28,2026-10-07T08:32:55.898530+00:00
ETH,KXETH15M-26OCT070430-30,eth-updown-15m-1791360900,A,2026-10-07T08:15:00+00:00,2026-10-07T08:30:00Z,0.79,0.79,1.21,2026-10-07T08:18:35.527839+00:00,up,up,1.0,0.21,2026-10-07T08:35:22.269580+00:00
BTC,KXBTC15M-26OCT070445-45,btc-updown-15m-1791361800,A,2026-10-07T08:30:00+00:00,2026-10-07T08:45:00Z,0.75,0.75,1.25,2026-10-07T08:37:24.429005+00:00,down,down,1.0,0.25,2026-10-07T08:50:50.856936+00:00
ETH,KXETH15M-26OCT070445-45,eth-updown-15m-1791361800,A,2026-10-07T08:30:00+00:00,2026-10-07T08:45:00Z,0.75,0.75,1.25,2026-10-07T08:37:24.429005+00:00,down,down,1.0,0.25,2026-10-07T08:51:36.936082+00:00
BTC,KXBTC15M-26OCT070500-00,btc-updown-15m-1791362700,B,2026-10-07T08:45:00+00:00,2026-10-07T09:00:00Z,0.76,1.23,0.76,2026-10-07T08:55:21.590880+00:00,down,down,1.0,0.24,2026-10-07T09:03:19.288843+00:00
ETH,KXETH15M-26OCT070500-00,eth-updown-15m-1791362700,A,2026-10-07T08:45:00+00:00,2026-10-07T09:00:00Z,0.79,0.79,1.21,2026-10-07T08:51:13.810515+00:00,down,down,1.0,0.21,2026-10-07T09:05:09.610835+00:00
BTC,KXBTC15M-26OCT070515-15,btc-updown-15m-1791363600,B,2026-10-07T09:00:00+00:00,2026-10-07T09:15:00Z,0.73,1.27,0.73,2026-10-07T09:12:16.480828+00:00,down,down,1.0,0.27,2026-10-07T09:19:55.661083+00:00
ETH,KXETH15M-26OCT070515-15,eth-updown-15m-1791363600,A,2026-10-07T09:00:00+00:00,2026-10-07T09:15:00Z,0.78,0.78,1.22,2026-10-07T09:07:31.257906+00:00,down,down,1.0,0.22,2026-10-07T09:20:37.584314+00:00
BTC,KXBTC15M-26OCT070530-30,btc-updown-15m-1791365400,B,2026-10-07T09:30:00+00:00,2026-10-07T09:30:00Z,0.411,1.58,0.411,2026-10-07T09:30:19.630177+00:00,down,down,1.0,0.589,2026-10-07T09:48:55.385628+00:00
BTC,KXBTC15M-26OCT070545-45,btc-updown-15m-1791365400,B,2026-10-07T09:30:00+00:00,2026-10-07T09:45:00Z,0.652,1.348,0.652,2026-10-07T09:43:18.952522+00:00,down,down,1.0,0.348,2026-10-07T09:48:55.385628+00:00
ETH,KXETH15M-26OCT070530-30,eth-updown-15m-1791365400,B,2026-10-07T09:30:00+00:00,2026-10-07T09:30:00Z,0.511,1.48,0.511,2026-10-07T09:30:19.630177+00:00,down,down,1.0,0.489,2026-10-07T09:51:19.965770+00:00
BTC,KXBTC15M-26OCT070600-00,btc-updown-15m-1791366300,A,2026-10-07T09:45:00+00:00,2026-10-07T10:00:00Z,0.75,0.75,1.17,2026-10-07T09:54:10.441385+00:00,up,up,1.0,0.25,2026-10-07T10:06:43.125552+00:00
ETH,KXETH15M-26OCT070600-00,eth-updown-15m-1791367200,B,2026-10-07T10:00:00+00:00,2026-10-07T10:00:00Z,0.421,1.57,0.421,2026-10-07T10:00:01.580430+00:00,down,down,1.0,0.579,2026-10-07T10:17:23.050112+00:00
BTC,KXBTC15M-26OCT070615-15,btc-updown-15m-1791367200,A,2026-10-07T10:00:00+00:00,2026-10-07T10:15:00Z,0.66,0.66,1.35,2026-10-07T10:07:41.622349+00:00,up,up,1.0,0.34,2026-10-07T10:21:52.756818+00:00
ETH,KXETH15M-26OCT070615-15,eth-updown-15m-1791368100,B,2026-10-07T10:15:00+00:00,2026-10-07T10:15:00Z,0.431,1.56,0.431,2026-10-07T10:15:04.341866+00:00,down,up,0.0,-0.431,2026-10-07T10:32:47.287266+00:00
BTC,KXBTC15M-26OCT070630-30,btc-updown-15m-1791369000,A,2026-10-07T10:30:00+00:00,2026-10-07T10:30:00Z,0.541,0.541,1.45,2026-10-07T10:30:03.271636+00:00,up,down,0.0,-0.541,2026-10-07T10:47:49.893853+00:00
ETH,KXETH15M-26OCT070630-30,eth-updown-15m-1791369000,A,2026-10-07T10:30:00+00:00,2026-10-07T10:30:00Z,0.503,0.503,1.488,2026-10-07T10:30:03.271636+00:00,up,down,0.0,-0.503,2026-10-07T10:49:22.452523+00:00
ETH,KXETH15M-26OCT070645-45,eth-updown-15m-1791369900,B,2026-10-07T10:45:00+00:00,2026-10-07T10:45:00Z,0.451,1.54,0.451,2026-10-07T10:45:00.739554+00:00,down,up,0.0,-0.451,2026-10-07T11:06:04.468110+00:00
BTC,KXBTC15M-26OCT070645-45,btc-updown-15m-1791369900,B,2026-10-07T10:45:00+00:00,2026-10-07T10:45:00Z,0.481,1.51,0.481,2026-10-07T10:45:00.739554+00:00,down,up,0.0,-0.481,2026-10-07T11:06:51.063869+00:00
BTC,KXBTC15M-26OCT070700-00,btc-updown-15m-1791370800,A,2026-10-07T11:00:00+00:00,2026-10-07T11:00:00Z,0.501,0.501,1.49,2026-10-07T11:00:02.222607+00:00,up,up,1.0,0.499,2026-10-07T11:18:18.049244+00:00
BTC,KXBTC15M-26OCT070715-15,btc-updown-15m-1791370800,B,2026-10-07T11:00:00+00:00,2026-10-07T11:15:00Z,0.75,1.25,0.75,2026-10-07T11:05:06.976385+00:00,up,up,1.0,0.25,2026-10-07T11:18:18.049244+00:00
ETH,KXETH15M-26OCT070700-00,eth-updown-15m-1791370800,A,2026-10-07T11:00:00+00:00,2026-10-07T11:00:00Z,0.501,0.501,1.49,2026-10-07T11:00:02.222607+00:00,up,up,1.0,0.499,2026-10-07T11:20:08.033625+00:00
ETH,KXETH15M-26OCT070715-15,eth-updown-15m-1791370800,A,2026-10-07T11:00:00+00:00,2026-10-07T11:15:00Z,0.78,0.78,1.22,2026-10-07T11:03:02.366212+00:00,up,up,1.0,0.22,2026-10-07T11:20:08.033625+00:00
ETH,KXETH15M-26OCT070730-30,eth-updown-15m-1791372600,B,2026-10-07T11:30:00+00:00,2026-10-07T11:30:00Z,0.481,1.51,0.481,2026-10-07T11:30:03.257089+00:00,down,down,1.0,0.519,2026-10-07T11:47:27.737995+00:00
BTC,KXBTC15M-26OCT070745-45,btc-updown-15m-1791372600,A,2026-10-07T11:30:00+00:00,2026-10-07T11:45:00Z,0.76,0.76,1.24,2026-10-07T11:30:31.586092+00:00,down,down,1.0,0.24,2026-10-07T11:51:53.644587+00:00
ETH,KXETH15M-26OCT070745-45,eth-updown-15m-1791373500,B,2026-10-07T11:45:00+00:00,2026-10-07T11:45:00Z,0.481,1.51,0.481,2026-10-07T11:45:02.128195+00:00,down,up,0.0,-0.481,2026-10-07T12:04:16.911216+00:00
ETH,KXETH15M-26OCT070800-00,eth-updown-15m-1791373500,B,2026-10-07T11:45:00+00:00,2026-10-07T12:00:00Z,0.71,1.28,0.71,2026-10-07T11:48:07.945744+00:00,up,up,1.0,0.29,2026-10-07T12:04:16.911216+00:00
BTC,KXBTC15M-26OCT070800-00,btc-updown-15m-1791373500,B,2026-10-07T11:45:00+00:00,2026-10-07T12:00:00Z,0.72,1.28,0.72,2026-10-07T11:48:13.829098+00:00,up,up,1.0,0.28,2026-10-07T12:04:16.911216+00:00
ETH,KXETH15M-26OCT070815-15,eth-updown-15m-1791374400,A,2026-10-07T12:00:00+00:00,2026-10-07T12:15:00Z,0.76,0.76,1.24,2026-10-07T12:12:20.169745+00:00,up,up,1.0,0.24,2026-10-07T12:19:25.043554+00:00
BTC,KXBTC15M-26OCT070815-15,btc-updown-15m-1791374400,A,2026-10-07T12:00:00+00:00,2026-10-07T12:15:00Z,0.75,0.75,1.25,2026-10-07T12:00:43.523236+00:00,down,down,1.0,0.25,2026-10-07T12:20:24.373559+00:00
ETH,KXETH15M-26OCT070830-30,eth-updown-15m-1791376200,B,2026-10-07T12:30:00+00:00,2026-10-07T12:30:00Z,0.451,1.54,0.451,2026-10-07T12:30:00.887324+00:00,down,down,1.0,0.549,2026-10-07T12:50:47.948325+00:00
ETH,KXETH15M-26OCT070845-45,eth-updown-15m-1791376200,A,2026-10-07T12:30:00+00:00,2026-10-07T12:45:00Z,0.74,0.74,1.26,2026-10-07T12:41:59.846291+00:00,down,down,1.0,0.26,2026-10-07T12:50:47.948325+00:00
BTC,KXBTC15M-26OCT070845-45,btc-updown-15m-1791377100,A,2026-10-07T12:45:00+00:00,2026-10-07T12:45:00Z,0.521,0.521,1.47,2026-10-07T12:45:05.450098+00:00,up,down,0.0,-0.521,2026-10-07T13:02:25.310454+00:00
ETH,KXETH15M-26OCT070900-00,eth-updown-15m-1791377100,B,2026-10-07T12:45:00+00:00,2026-10-07T13:00:00Z,0.75,1.23,0.75,2026-10-07T12:58:27.487988+00:00,up,up,1.0,0.25,2026-10-07T13:05:46.171266+00:00
BTC,KXBTC15M-26OCT070900-00,btc-updown-15m-1791378000,B,2026-10-07T13:00:00+00:00,2026-10-07T13:00:00Z,0.471,1.52,0.471,2026-10-07T13:00:22.366080+00:00,down,down,1.0,0.529,2026-10-07T13:21:37.965691+00:00
BTC,KXBTC15M-26OCT070915-15,btc-updown-15m-1791378000,A,2026-10-07T13:00:00+00:00,2026-10-07T13:15:00Z,0.75,0.75,1.25,2026-10-07T13:04:13.432290+00:00,down,down,1.0,0.25,2026-10-07T13:21:37.965691+00:00
BTC,KXBTC15M-26OCT070930-30,btc-updown-15m-1791378900,A,2026-10-07T13:15:00+00:00,2026-10-07T13:30:00Z,0.79,0.79,1.21,2026-10-07T13:24:53.845220+00:00,down,down,1.0,0.21,2026-10-07T13:33:17.935604+00:00
ETH,KXETH15M-26OCT070915-15,eth-updown-15m-1791378900,B,2026-10-07T13:15:00+00:00,2026-10-07T13:15:00Z,0.451,1.52,0.451,2026-10-07T13:15:00.206081+00:00,down,up,0.0,-0.451,2026-10-07T13:35:16.040298+00:00
ETH,KXETH15M-26OCT070930-30,eth-updown-15m-1791378900,A,2026-10-07T13:15:00+00:00,2026-10-07T13:30:00Z,0.79,0.79,1.21,2026-10-07T13:25:15.568780+00:00,up,up,1.0,0.21,2026-10-07T13:35:16.040298+00:00
BTC,KXBTC15M-26OCT070945-45,btc-updown-15m-1791379800,A,2026-10-07T13:30:00+00:00,2026-10-07T13:45:00Z,0.73,0.73,1.27,2026-10-07T13:37:56.043223+00:00,down,down,1.0,0.27,2026-10-07T13:51:29.029246+00:00
ETH,KXETH15M-26OCT070945-45,eth-updown-15m-1791379800,A,2026-10-07T13:30:00+00:00,2026-10-07T13:45:00Z,0.77,0.77,1.23,2026-10-07T13:38:01.589685+00:00,down,down,1.0,0.23,2026-10-07T13:52:00.773931+00:00
ETH,KXETH15M-26OCT071000-00,eth-updown-15m-1791380700,A,2026-10-07T13:45:00+00:00,2026-10-07T14:00:00Z,0.73,0.73,1.29,2026-10-07T13:46:59.283403+00:00,up,up,1.0,0.27,2026-10-07T14:04:38.768546+00:00
BTC,KXBTC15M-26OCT071000-00,btc-updown-15m-1791380700,B,2026-10-07T13:45:00+00:00,2026-10-07T14:00:00Z,0.79,1.21,0.79,2026-10-07T13:48:42.370204+00:00,up,up,1.0,0.21,2026-10-07T14:06:43.488342+00:00
BTC,KXBTC15M-26OCT071015-15,btc-updown-15m-1791381600,B,2026-10-07T14:00:00+00:00,2026-10-07T14:15:00Z,0.77,1.23,0.77,2026-10-07T14:06:54.445249+00:00,down,down,1.0,0.23,2026-10-07T14:20:48.382103+00:00
ETH,KXETH15M-26OCT071015-15,eth-updown-15m-1791382500,B,2026-10-07T14:15:00+00:00,2026-10-07T14:15:00Z,0.481,1.5,0.481,2026-10-07T14:15:00.274468+00:00,down,down,1.0,0.519,2026-10-07T14:35:57.391980+00:00
ETH,KXETH15M-26OCT071030-30,eth-updown-15m-1791382500,A,2026-10-07T14:15:00+00:00,2026-10-07T14:30:00Z,0.68,0.68,1.32,2026-10-07T14:27:49.398788+00:00,down,down,1.0,0.32,2026-10-07T14:35:57.391980+00:00
BTC,KXBTC15M-26OCT071030-30,btc-updown-15m-1791382500,B,2026-10-07T14:15:00+00:00,2026-10-07T14:30:00Z,0.71,1.29,0.71,2026-10-07T14:25:06.222310+00:00,down,down,1.0,0.29,2026-10-07T14:36:56.876889+00:00
BTC,KXBTC15M-26OCT071045-45,btc-updown-15m-1791384300,B,2026-10-07T14:45:00+00:00,2026-10-07T14:45:00Z,0.501,1.49,0.501,2026-10-07T14:45:02.633176+00:00,down,down,1.0,0.499,2026-10-07T15:06:43.880952+00:00
BTC,KXBTC15M-26OCT071100-00,btc-updown-15m-1791384300,A,2026-10-07T14:45:00+00:00,2026-10-07T15:00:00Z,0.74,0.74,1.26,2026-10-07T14:52:51.561834+00:00,down,down,1.0,0.26,2026-10-07T15:06:43.880952+00:00
ETH,KXETH15M-26OCT071045-45,eth-updown-15m-1791384300,B,2026-10-07T14:45:00+00:00,2026-10-07T14:45:00Z,0.481,1.51,0.481,2026-10-07T14:45:02.633176+00:00,down,up,0.0,-0.481,2026-10-07T15:06:55.271301+00:00
BTC,KXBTC15M-26OCT071115-15,btc-updown-15m-1791385200,B,2026-10-07T15:00:00+00:00,2026-10-07T15:15:00Z,0.73,1.24,0.73,2026-10-07T15:11:48.596047+00:00,up,up,1.0,0.27,2026-10-07T15:20:32.030829+00:00
ETH,KXETH15M-26OCT071115-15,eth-updown-15m-1791385200,A,2026-10-07T15:00:00+00:00,2026-10-07T15:15:00Z,0.78,0.78,1.22,2026-10-07T15:07:39.190158+00:00,up,up,1.0,0.22,2026-10-07T15:22:02.874945+00:00
BTC,KXBTC15M-26OCT071130-30,btc-updown-15m-1791386100,A,2026-10-07T15:15:00+00:00,2026-10-07T15:30:00Z,0.79,0.79,1.21,2026-10-07T15:18:21.891708+00:00,down,down,1.0,0.21,2026-10-07T15:34:18.716789+00:00
ETH,KXETH15M-26OCT071130-30,eth-updown-15m-1791387000,B,2026-10-07T15:30:00+00:00,2026-10-07T15:30:00Z,0.481,1.5,0.481,2026-10-07T15:30:01.311222+00:00,down,up,0.0,-0.481,2026-10-07T15:48:29.449521+00:00
ETH,KXETH15M-26OCT071145-45,eth-updown-15m-1791387900,A,2026-10-07T15:45:00+00:00,2026-10-07T15:45:00Z,0.481,0.481,1.51,2026-10-07T15:45:05.547965+00:00,up,up,1.0,0.519,2026-10-07T16:04:48.775011+00:00
BTC,KXBTC15M-26OCT071200-00,btc-updown-15m-1791388800,A,2026-10-07T16:00:00+00:00,2026-10-07T16:00:00Z,0.511,0.511,1.48,2026-10-07T16:00:01.666570+00:00,up,up,1.0,0.489,2026-10-07T16:21:20.647912+00:00
ETH,KXETH15M-26OCT071200-00,eth-updown-15m-1791388800,A,2026-10-07T16:00:00+00:00,2026-10-07T16:00:00Z,0.501,0.501,1.41,2026-10-07T16:00:01.666570+00:00,up,up,1.0,0.499,2026-10-07T16:21:26.594450+00:00
ETH,KXETH15M-26OCT071215-15,eth-updown-15m-1791388800,B,2026-10-07T16:00:00+00:00,2026-10-07T16:15:00Z,0.79,1.2,0.79,2026-10-07T16:03:11.623966+00:00,up,up,1.0,0.21,2026-10-07T16:21:26.594450+00:00
BTC,KXBTC15M-26OCT071215-15,btc-updown-15m-1791389700,A,2026-10-07T16:15:00+00:00,2026-10-07T16:15:00Z,0.551,0.551,1.44,2026-10-07T16:15:04.475877+00:00,up,up,1.0,0.449,2026-10-07T16:32:20.646004+00:00
BTC,KXBTC15M-26OCT071230-30,btc-updown-15m-1791389700,A,2026-10-07T16:15:00+00:00,2026-10-07T16:30:00Z,0.75,0.75,1.26,2026-10-07T16:24:29.474884+00:00,up,up,1.0,0.25,2026-10-07T16:32:20.646004+00:00
ETH,KXETH15M-26OCT071230-30,eth-updown-15m-1791389700,A,2026-10-07T16:15:00+00:00,2026-10-07T16:30:00Z,0.663,0.663,1.329,2026-10-07T16:24:29.474884+00:00,down,down,1.0,0.337,2026-10-07T16:36:53.250711+00:00
BTC,KXBTC15M-26OCT071245-45,btc-updown-15m-1791390600,A,2026-10-07T16:30:00+00:00,2026-10-07T16:45:00Z,0.79,0.79,1.21,2026-10-07T16:36:41.225525+00:00,down,down,1.0,0.21,2026-10-07T16:51:16.706545+00:00
BTC,KXBTC15M-26OCT071300-00,btc-updown-15m-1791391500,A,2026-10-07T16:45:00+00:00,2026-10-07T17:00:00Z,0.77,0.77,1.23,2026-10-07T16:56:11.989838+00:00,down,down,1.0,0.23,2026-10-07T17:05:26.416120+00:00
ETH,KXETH15M-26OCT071245-45,eth-updown-15m-1791391500,B,2026-10-07T16:45:00+00:00,2026-10-07T16:45:00Z,0.421,1.57,0.421,2026-10-07T16:45:02.996701+00:00,down,up,0.0,-0.421,2026-10-07T17:07:29.094565+00:00
ETH,KXETH15M-26OCT071300-00,eth-updown-15m-1791392400,A,2026-10-07T17:00:00+00:00,2026-10-07T17:00:00Z,0.451,0.451,1.54,2026-10-07T17:00:01.904300+00:00,up,up,1.0,0.549,2026-10-07T17:21:10.187331+00:00
ETH,KXETH15M-26OCT071315-15,eth-updown-15m-1791393300,A,2026-10-07T17:15:00+00:00,2026-10-07T17:15:00Z,0.451,0.451,1.52,2026-10-07T17:15:01.401670+00:00,up,down,0.0,-0.451,2026-10-07T17:32:08.005571+00:00
ETH,KXETH15M-26OCT071330-30,eth-updown-15m-1791393300,B,2026-10-07T17:15:00+00:00,2026-10-07T17:30:00Z,0.78,1.22,0.78,2026-10-07T17:18:41.179328+00:00,down,down,1.0,0.22,2026-10-07T17:32:08.005571+00:00
BTC,KXBTC15M-26OCT071315-15,btc-updown-15m-1791393300,A,2026-10-07T17:15:00+00:00,2026-10-07T17:15:00Z,0.491,0.491,1.5,2026-10-07T17:15:01.401670+00:00,up,down,0.0,-0.491,2026-10-07T17:34:20.404770+00:00
BTC,KXBTC15M-26OCT071345-45,btc-updown-15m-1791394200,A,2026-10-07T17:30:00+00:00,2026-10-07T17:45:00Z,0.67,0.67,1.33,2026-10-07T17:40:59.649415+00:00,down,down,1.0,0.33,2026-10-07T17:47:13.138195+00:00
ETH,KXETH15M-26OCT071345-45,eth-updown-15m-1791394200,A,2026-10-07T17:30:00+00:00,2026-10-07T17:45:00Z,0.79,0.79,1.21,2026-10-07T17:36:17.204065+00:00,down,down,1.0,0.21,2026-10-07T17:51:41.882649+00:00
ETH,KXETH15M-26OCT071400-00,eth-updown-15m-1791396000,A,2026-10-07T18:00:00+00:00,2026-10-07T18:00:00Z,0.561,0.561,1.43,2026-10-07T18:00:05.266341+00:00,up,up,1.0,0.439,2026-10-07T18:19:27.642380+00:00
BTC,KXBTC15M-26OCT071400-00,btc-updown-15m-1791396000,A,2026-10-07T18:00:00+00:00,2026-10-07T18:00:00Z,0.531,0.531,1.46,2026-10-07T18:00:05.266341+00:00,up,up,1.0,0.469,2026-10-07T18:22:24.709748+00:00
BTC,KXBTC15M-26OCT071415-15,btc-updown-15m-1791396900,A,2026-10-07T18:15:00+00:00,2026-10-07T18:15:00Z,0.501,0.501,1.49,2026-10-07T18:15:02.478441+00:00,up,up,1.0,0.499,2026-10-07T18:34:36.168739+00:00
BTC,KXBTC15M-26OCT071430-30,btc-updown-15m-1791396900,B,2026-10-07T18:15:00+00:00,2026-10-07T18:30:00Z,0.66,1.34,0.66,2026-10-07T18:27:51.693299+00:00,up,up,1.0,0.34,2026-10-07T18:34:36.168739+00:00
ETH,KXETH15M-26OCT071415-15,eth-updown-15m-1791396900,A,2026-10-07T18:15:00+00:00,2026-10-07T18:15:00Z,0.481,0.481,1.51,2026-10-07T18:15:02.478441+00:00,up,down,0.0,-0.481,2026-10-07T18:35:08.532220+00:00
BTC,KXBTC15M-26OCT071445-45,btc-updown-15m-1791397800,B,2026-10-07T18:30:00+00:00,2026-10-07T18:45:00Z,0.693,1.298,0.693,2026-10-07T18:43:32.382534+00:00,down,down,1.0,0.307,2026-10-07T18:49:52.169773+00:00
ETH,KXETH15M-26OCT071430-30,eth-updown-15m-1791397800,B,2026-10-07T18:30:00+00:00,2026-10-07T18:30:00Z,0.452,1.53,0.452,2026-10-07T18:30:01.274778+00:00,down,down,1.0,0.548,2026-10-07T18:50:59.710935+00:00
ETH,KXETH15M-26OCT071445-45,eth-updown-15m-1791397800,A,2026-10-07T18:30:00+00:00,2026-10-07T18:45:00Z,0.78,0.78,1.22,2026-10-07T18:31:24.833483+00:00,down,down,1.0,0.22,2026-10-07T18:50:59.710935+00:00
BTC,KXBTC15M-26OCT071500-00,btc-updown-15m-1791399600,A,2026-10-07T19:00:00+00:00,2026-10-07T19:00:00Z,0.561,0.561,1.43,2026-10-07T19:00:05.104532+00:00,up,down,0.0,-0.561,2026-10-07T19:20:24.319806+00:00
ETH,KXETH15M-26OCT071500-00,eth-updown-15m-1791399600,A,2026-10-07T19:00:00+00:00,2026-10-07T19:00:00Z,0.571,0.571,1.42,2026-10-07T19:00:05.104532+00:00,up,down,0.0,-0.571,2026-10-07T19:20:24.319806+00:00
ETH,KXETH15M-26OCT071515-15,eth-updown-15m-1791399600,A,2026-10-07T19:00:00+00:00,2026-10-07T19:15:00Z,0.78,0.78,1.22,2026-10-07T19:06:23.782150+00:00,down,down,1.0,0.22,2026-10-07T19:20:24.319806+00:00
BTC,KXBTC15M-26OCT071515-15,btc-updown-15m-1791399600,A,2026-10-07T19:00:00+00:00,2026-10-07T19:15:00Z,0.76,0.76,1.24,2026-10-07T19:06:40.500452+00:00,down,down,1.0,0.24,2026-10-07T19:20:24.319806+00:00
BTC,KXBTC15M-26OCT071530-30,btc-updown-15m-1791401400,A,2026-10-07T19:30:00+00:00,2026-10-07T19:30:00Z,0.471,0.471,1.52,2026-10-07T19:30:05.142057+00:00,up,down,0.0,-0.471,2026-10-07T19:49:21.053271+00:00
BTC,KXBTC15M-26OCT071545-45,btc-updown-15m-1791401400,B,2026-10-07T19:30:00+00:00,2026-10-07T19:45:00Z,0.79,1.21,0.79,2026-10-07T19:43:57.023189+00:00,down,down,1.0,0.21,2026-10-07T19:49:21.053271+00:00
ETH,KXETH15M-26OCT071545-45,eth-updown-15m-1791401400,A,2026-10-07T19:30:00+00:00,2026-10-07T19:45:00Z,0.7,0.7,1.31,2026-10-07T19:36:24.667752+00:00,up,up,1.0,0.3,2026-10-07T19:50:16.548664+00:00
ETH,KXETH15M-26OCT071600-00,eth-updown-15m-1791402300,B,2026-10-07T19:45:00+00:00,2026-10-07T20:00:00Z,0.78,1.22,0.78,2026-10-07T19:57:03.010214+00:00,up,up,1.0,0.22,2026-10-07T20:05:21.839925+00:00
BTC,KXBTC15M-26OCT071600-00,btc-updown-15m-1791403200,B,2026-10-07T20:00:00+00:00,2026-10-07T20:00:00Z,0.441,1.56,0.441,2026-10-07T20:00:00.717425+00:00,down,up,0.0,-0.441,2026-10-07T20:20:40.832876+00:00
ETH,KXETH15M-26OCT071615-15,eth-updown-15m-1791404100,A,2026-10-07T20:15:00+00:00,2026-10-07T20:15:00Z,0.411,0.411,1.58,2026-10-07T20:15:05.556883+00:00,up,up,1.0,0.589,2026-10-07T20:35:22.312099+00:00
ETH,KXETH15M-26OCT071630-30,eth-updown-15m-1791404100,B,2026-10-07T20:15:00+00:00,2026-10-07T20:30:00Z,0.79,1.22,0.79,2026-10-07T20:26:27.657783+00:00,up,up,1.0,0.21,2026-10-07T20:35:22.312099+00:00
BTC,KXBTC15M-26OCT071615-15,btc-updown-15m-1791404100,A,2026-10-07T20:15:00+00:00,2026-10-07T20:15:00Z,0.401,0.401,1.59,2026-10-07T20:15:05.556883+00:00,up,up,1.0,0.599,2026-10-07T20:36:14.202631+00:00
BTC,KXBTC15M-26OCT071630-30,btc-updown-15m-1791404100,B,2026-10-07T20:15:00+00:00,2026-10-07T20:30:00Z,0.62,1.2,0.62,2026-10-07T20:29:20.075663+00:00,up,up,1.0,0.38,2026-10-07T20:36:14.202631+00:00
BTC,KXBTC15M-26OCT071645-45,btc-updown-15m-1791405900,B,2026-10-07T20:45:00+00:00,2026-10-07T20:45:00Z,0.491,1.5,0.491,2026-10-07T20:45:01.637023+00:00,down,up,0.0,-0.491,2026-10-07T21:06:02.946075+00:00
BTC,KXBTC15M-26OCT071700-00,btc-updown-15m-1791405900,A,2026-10-07T20:45:00+00:00,2026-10-07T21:00:00Z,0.79,0.79,1.21,2026-10-07T20:52:44.204576+00:00,up,up,1.0,0.21,2026-10-07T21:06:02.946075+00:00
ETH,KXETH15M-26OCT071645-45,eth-updown-15m-1791405900,B,2026-10-07T20:45:00+00:00,2026-10-07T20:45:00Z,0.451,1.54,0.451,2026-10-07T20:45:01.637023+00:00,down,up,0.0,-0.451,2026-10-07T21:07:02.729698+00:00
ETH,KXETH15M-26OCT071715-15,eth-updown-15m-1791406800,A,2026-10-07T21:00:00+00:00,2026-10-07T21:15:00Z,0.77,0.77,1.23,2026-10-07T21:03:32.849908+00:00,down,down,1.0,0.23,2026-10-07T21:22:19.896041+00:00
BTC,KXBTC15M-26OCT071715-15,btc-updown-15m-1791407700,B,2026-10-07T21:15:00+00:00,2026-10-07T21:15:00Z,0.401,1.59,0.401,2026-10-07T21:15:00.409933+00:00,down,down,1.0,0.599,2026-10-07T21:32:22.496007+00:00
BTC,KXBTC15M-26OCT071730-30,btc-updown-15m-1791407700,A,2026-10-07T21:15:00+00:00,2026-10-07T21:30:00Z,0.6,0.6,1.35,2026-10-07T21:27:02.103016+00:00,down,down,1.0,0.4,2026-10-07T21:32:22.496007+00:00
ETH,KXETH15M-26OCT071730-30,eth-updown-15m-1791408600,B,2026-10-07T21:30:00+00:00,2026-10-07T21:30:00Z,0.481,1.51,0.481,2026-10-07T21:30:03.302915+00:00,down,down,1.0,0.519,2026-10-07T21:49:12.030624+00:00
BTC,KXBTC15M-26OCT071745-45,btc-updown-15m-1791409500,B,2026-10-07T21:45:00+00:00,2026-10-07T21:45:00Z,0.441,1.55,0.441,2026-10-07T21:45:02.722861+00:00,down,down,1.0,0.559,2026-10-07T22:05:32.305812+00:00
ETH,KXETH15M-26OCT071745-45,eth-updown-15m-1791409500,B,2026-10-07T21:45:00+00:00,2026-10-07T21:45:00Z,0.461,1.53,0.461,2026-10-07T21:45:02.722861+00:00,down,up,0.0,-0.461,2026-10-07T22:06:36.861789+00:00
ETH,KXETH15M-26OCT071800-00,eth-updown-15m-1791409500,A,2026-10-07T21:45:00+00:00,2026-10-07T22:00:00Z,0.79,0.79,1.25,2026-10-07T21:50:35.805919+00:00,up,up,1.0,0.21,2026-10-07T22:06:36.861789+00:00
BTC,KXBTC15M-26OCT071800-00,btc-updown-15m-1791410400,B,2026-10-07T22:00:00+00:00,2026-10-07T22:00:00Z,0.471,1.52,0.471,2026-10-07T22:00:04.736485+00:00,down,up,0.0,-0.471,2026-10-07T22:19:41.786101+00:00
BTC,KXBTC15M-26OCT071815-15,btc-updown-15m-1791410400,A,2026-10-07T22:00:00+00:00,2026-10-07T22:15:00Z,0.79,0.79,1.21,2026-10-07T22:03:59.171879+00:00,up,up,1.0,0.21,2026-10-07T22:19:41.786101+00:00
ETH,KXETH15M-26OCT071815-15,eth-updown-15m-1791410400,A,2026-10-07T22:00:00+00:00,2026-10-07T22:15:00Z,0.75,0.75,1.25,2026-10-07T22:02:43.337534+00:00,up,up,1.0,0.25,2026-10-07T22:19:47.863309+00:00
ETH,KXETH15M-26OCT071830-30,eth-updown-15m-1791411300,B,2026-10-07T22:15:00+00:00,2026-10-07T22:30:00Z,0.79,1.22,0.79,2026-10-07T22:24:32.509205+00:00,up,up,1.0,0.21,2026-10-07T22:33:41.987529+00:00
BTC,KXBTC15M-26OCT071830-30,btc-updown-15m-1791412200,A,2026-10-07T22:30:00+00:00,2026-10-07T22:30:00Z,0.401,0.401,1.59,2026-10-07T22:30:01.185893+00:00,up,down,0.0,-0.401,2026-10-07T22:47:26.691711+00:00
BTC,KXBTC15M-26OCT071845-45,btc-updown-15m-1791412200,B,2026-10-07T22:30:00+00:00,2026-10-07T22:45:00Z,0.77,1.23,0.77,2026-10-07T22:36:37.852627+00:00,down,down,1.0,0.23,2026-10-07T22:47:26.691711+00:00
ETH,KXETH15M-26OCT071845-45,eth-updown-15m-1791412200,B,2026-10-07T22:30:00+00:00,2026-10-07T22:45:00Z,0.72,1.28,0.72,2026-10-07T22:36:37.852627+00:00,up,up,1.0,0.28,2026-10-07T22:50:48.209624+00:00
ETH,KXETH15M-26OCT071900-00,eth-updown-15m-1791414000,B,2026-10-07T23:00:00+00:00,2026-10-07T23:00:00Z,0.541,1.45,0.541,2026-10-07T23:00:04.407066+00:00,down,down,1.0,0.459,2026-10-07T23:17:25.735016+00:00
BTC,KXBTC15M-26OCT071900-00,btc-updown-15m-1791414000,B,2026-10-07T23:00:00+00:00,2026-10-07T23:00:00Z,0.571,1.42,0.571,2026-10-07T23:00:04.407066+00:00,down,down,1.0,0.429,2026-10-07T23:21:06.145430+00:00
ETH,KXETH15M-26OCT071915-15,eth-updown-15m-1791414900,B,2026-10-07T23:15:00+00:00,2026-10-07T23:15:00Z,0.471,1.52,0.471,2026-10-07T23:15:03.373095+00:00,down,up,0.0,-0.471,2026-10-07T23:34:16.573274+00:00
BTC,KXBTC15M-26OCT071915-15,btc-updown-15m-1791414900,B,2026-10-07T23:15:00+00:00,2026-10-07T23:15:00Z,0.481,1.51,0.481,2026-10-07T23:15:03.373095+00:00,down,up,0.0,-0.481,2026-10-07T23:36:15.136696+00:00
ETH,KXETH15M-26OCT071930-30,eth-updown-15m-1791415800,A,2026-10-07T23:30:00+00:00,2026-10-07T23:30:00Z,0.571,0.571,1.42,2026-10-07T23:30:05.696327+00:00,up,down,0.0,-0.571,2026-10-07T23:49:28.681890+00:00
ETH,KXETH15M-26OCT071945-45,eth-updown-15m-1791415800,A,2026-10-07T23:30:00+00:00,2026-10-07T23:45:00Z,0.77,0.77,1.23,2026-10-07T23:37:50.154965+00:00,down,down,1.0,0.23,2026-10-07T23:49:28.681890+00:00
BTC,KXBTC15M-26OCT071930-30,btc-updown-15m-1791415800,A,2026-10-07T23:30:00+00:00,2026-10-07T23:30:00Z,0.621,0.621,1.37,2026-10-07T23:30:05.696327+00:00,up,up,1.0,0.379,2026-10-07T23:51:48.963024+00:00
BTC,KXBTC15M-26OCT071945-45,btc-updown-15m-1791415800,A,2026-10-07T23:30:00+00:00,2026-10-07T23:45:00Z,0.76,0.76,1.24,2026-10-07T23:37:55.745337+00:00,up,up,1.0,0.24,2026-10-07T23:51:48.963024+00:00
ETH,KXETH15M-26OCT072000-00,eth-updown-15m-1791416700,A,2026-10-07T23:45:00+00:00,2026-10-08T00:00:00Z,0.79,0.79,1.21,2026-10-07T23:48:16.561370+00:00,down,down,1.0,0.21,2026-10-08T00:02:37.962931+00:00
BTC,KXBTC15M-26OCT072000-00,btc-updown-15m-1791416700,B,2026-10-07T23:45:00+00:00,2026-10-08T00:00:00Z,0.756,1.355,0.756,2026-10-07T23:58:31.886875+00:00,down,down,1.0,0.244,2026-10-08T00:04:20.845676+00:00
BTC,KXBTC15M-26OCT072015-15,btc-updown-15m-1791418500,B,2026-10-08T00:15:00+00:00,2026-10-08T00:15:00Z,0.501,1.49,0.501,2026-10-08T00:15:02.466721+00:00,down,up,0.0,-0.501,2026-10-08T00:34:53.086959+00:00
BTC,KXBTC15M-26OCT072030-30,btc-updown-15m-1791418500,A,2026-10-08T00:15:00+00:00,2026-10-08T00:30:00Z,0.75,0.75,1.25,2026-10-08T00:24:53.534152+00:00,up,up,1.0,0.25,2026-10-08T00:34:53.086959+00:00
ETH,KXETH15M-26OCT072030-30,eth-updown-15m-1791418500,B,2026-10-08T00:15:00+00:00,2026-10-08T00:30:00Z,0.78,1.22,0.78,2026-10-08T00:26:50.880682+00:00,up,up,1.0,0.22,2026-10-08T00:37:02.329816+00:00
ETH,KXETH15M-26OCT072045-45,eth-updown-15m-1791419400,A,2026-10-08T00:30:00+00:00,2026-10-08T00:45:00Z,0.3,0.3,1.71,2026-10-08T00:44:29.079376+00:00,up,down,0.0,-0.3,2026-10-08T00:47:36.892660+00:00
BTC,KXBTC15M-26OCT072045-45,btc-updown-15m-1791419400,B,2026-10-08T00:30:00+00:00,2026-10-08T00:45:00Z,0.75,1.25,0.75,2026-10-08T00:37:47.722783+00:00,up,up,1.0,0.25,2026-10-08T00:49:25.817847+00:00
BTC,KXBTC15M-26OCT072100-00,btc-updown-15m-1791420300,B,2026-10-08T00:45:00+00:00,2026-10-08T01:00:00Z,0.74,1.26,0.74,2026-10-08T00:46:41.185172+00:00,up,up,1.0,0.26,2026-10-08T01:04:38.411663+00:00
BTC,KXBTC15M-26OCT072115-15,btc-updown-15m-1791421200,B,2026-10-08T01:00:00+00:00,2026-10-08T01:15:00Z,0.78,1.22,0.78,2026-10-08T01:00:31.895679+00:00,down,down,1.0,0.22,2026-10-08T01:17:47.507608+00:00
ETH,KXETH15M-26OCT072100-00,eth-updown-15m-1791421200,A,2026-10-08T01:00:00+00:00,2026-10-08T01:00:00Z,0.351,0.351,1.64,2026-10-08T01:00:02.005933+00:00,up,up,1.0,0.649,2026-10-08T01:21:06.075419+00:00
ETH,KXETH15M-26OCT072115-15,eth-updown-15m-1791422100,A,2026-10-08T01:15:00+00:00,2026-10-08T01:15:00Z,0.451,0.451,1.54,2026-10-08T01:15:01.416137+00:00,up,down,0.0,-0.451,2026-10-08T01:35:17.713359+00:00
ETH,KXETH15M-26OCT072130-30,eth-updown-15m-1791422100,B,2026-10-08T01:15:00+00:00,2026-10-08T01:30:00Z,0.73,1.27,0.73,2026-10-08T01:16:40.032838+00:00,down,down,1.0,0.27,2026-10-08T01:35:17.713359+00:00
ETH,KXETH15M-26OCT072145-45,eth-updown-15m-1791423000,B,2026-10-08T01:30:00+00:00,2026-10-08T01:45:00Z,0.78,1.22,0.78,2026-10-08T01:33:01.442950+00:00,up,up,1.0,0.22,2026-10-08T01:47:29.978261+00:00
BTC,KXBTC15M-26OCT072130-30,btc-updown-15m-1791423000,B,2026-10-08T01:30:00+00:00,2026-10-08T01:30:00Z,0.501,1.47,0.501,2026-10-08T01:30:01.051025+00:00,down,down,1.0,0.499,2026-10-08T01:51:19.628404+00:00
BTC,KXBTC15M-26OCT072145-45,btc-updown-15m-1791423000,B,2026-10-08T01:30:00+00:00,2026-10-08T01:45:00Z,0.75,1.25,0.75,2026-10-08T01:33:01.442950+00:00,down,down,1.0,0.25,2026-10-08T01:51:19.628404+00:00
ETH,KXETH15M-26OCT072200-00,eth-updown-15m-1791423900,A,2026-10-08T01:45:00+00:00,2026-10-08T02:00:00Z,0.77,0.77,1.23,2026-10-08T01:51:02.513462+00:00,down,down,1.0,0.23,2026-10-08T02:03:17.777180+00:00
BTC,KXBTC15M-26OCT072200-00,btc-updown-15m-1791424800,B,2026-10-08T02:00:00+00:00,2026-10-08T02:00:00Z,0.401,1.59,0.401,2026-10-08T02:00:05.273543+00:00,down,down,1.0,0.599,2026-10-08T02:18:44.161916+00:00
BTC,KXBTC15M-26OCT072215-15,btc-updown-15m-1791424800,B,2026-10-08T02:00:00+00:00,2026-10-08T02:15:00Z,0.786,1.205,0.786,2026-10-08T02:13:27.431912+00:00,down,down,1.0,0.214,2026-10-08T02:18:44.161916+00:00
ETH,KXETH15M-26OCT072215-15,eth-updown-15m-1791424800,A,2026-10-08T02:00:00+00:00,2026-10-08T02:15:00Z,0.77,0.77,1.23,2026-10-08T02:10:02.502821+00:00,down,down,1.0,0.23,2026-10-08T02:18:55.073416+00:00
BTC,KXBTC15M-26OCT072230-30,btc-updown-15m-1791425700,B,2026-10-08T02:15:00+00:00,2026-10-08T02:30:00Z,0.75,1.25,0.75,2026-10-08T02:22:34.175037+00:00,up,up,1.0,0.25,2026-10-08T02:34:04.403688+00:00
ETH,KXETH15M-26OCT072230-30,eth-updown-15m-1791425700,A,2026-10-08T02:15:00+00:00,2026-10-08T02:30:00Z,0.76,0.76,1.24,2026-10-08T02:17:20.909634+00:00,up,up,1.0,0.24,2026-10-08T02:34:39.089236+00:00
ETH,KXETH15M-26OCT072245-45,eth-updown-15m-1791427500,A,2026-10-08T02:45:00+00:00,2026-10-08T02:45:00Z,0.471,0.471,1.52,2026-10-08T02:45:02.568274+00:00,up,down,0.0,-0.471,2026-10-08T03:02:45.876548+00:00
ETH,KXETH15M-26OCT072300-00,eth-updown-15m-1791427500,A,2026-10-08T02:45:00+00:00,2026-10-08T03:00:00Z,0.77,0.77,1.23,2026-10-08T02:50:23.356702+00:00,down,down,1.0,0.23,2026-10-08T03:02:45.876548+00:00
BTC,KXBTC15M-26OCT072245-45,btc-updown-15m-1791427500,A,2026-10-08T02:45:00+00:00,2026-10-08T02:45:00Z,0.521,0.521,1.47,2026-10-08T02:45:02.568274+00:00,up,down,0.0,-0.521,2026-10-08T03:04:54.807033+00:00
BTC,KXBTC15M-26OCT072300-00,btc-updown-15m-1791427500,A,2026-10-08T02:45:00+00:00,2026-10-08T03:00:00Z,0.79,0.79,1.21,2026-10-08T02:50:23.356702+00:00,down,down,1.0,0.21,2026-10-08T03:04:54.807033+00:00
ETH,KXETH15M-26OCT072315-15,eth-updown-15m-1791429300,B,2026-10-08T03:15:00+00:00,2026-10-08T03:15:00Z,0.471,1.52,0.471,2026-10-08T03:15:02.216887+00:00,down,up,0.0,-0.471,2026-10-08T03:33:47.781216+00:00
ETH,KXETH15M-26OCT072330-30,eth-updown-15m-1791429300,B,2026-10-08T03:15:00+00:00,2026-10-08T03:30:00Z,0.78,1.22,0.78,2026-10-08T03:23:02.838028+00:00,up,up,1.0,0.22,2026-10-08T03:33:47.781216+00:00
BTC,KXBTC15M-26OCT072315-15,btc-updown-15m-1791429300,B,2026-10-08T03:15:00+00:00,2026-10-08T03:15:00Z,0.481,1.51,0.481,2026-10-08T03:15:02.216887+00:00,down,up,0.0,-0.481,2026-10-08T03:37:31.739715+00:00
BTC,KXBTC15M-26OCT072330-30,btc-updown-15m-1791429300,B,2026-10-08T03:15:00+00:00,2026-10-08T03:30:00Z,0.79,1.21,0.79,2026-10-08T03:26:45.919902+00:00,up,up,1.0,0.21,2026-10-08T03:37:31.739715+00:00
BTC,KXBTC15M-26OCT072345-45,btc-updown-15m-1791430200,B,2026-10-08T03:30:00+00:00,2026-10-08T03:45:00Z,0.78,1.22,0.78,2026-10-08T03:31:05.196383+00:00,down,down,1.0,0.22,2026-10-08T03:49:45.062068+00:00
ETH,KXETH15M-26OCT072345-45,eth-updown-15m-1791430200,B,2026-10-08T03:30:00+00:00,2026-10-08T03:45:00Z,0.74,1.26,0.74,2026-10-08T03:39:17.011588+00:00,down,down,1.0,0.26,2026-10-08T03:51:45.630538+00:00
ETH,KXETH15M-26OCT080000-00,eth-updown-15m-1791431100,A,2026-10-08T03:45:00+00:00,2026-10-08T04:00:00Z,0.71,0.71,1.3,2026-10-08T03:58:05.162181+00:00,down,down,1.0,0.29,2026-10-08T04:06:38.355595+00:00
ETH,KXETH15M-26OCT080015-15,eth-updown-15m-1791432000,A,2026-10-08T04:00:00+00:00,2026-10-08T04:15:00Z,0.75,0.75,1.25,2026-10-08T04:06:26.585788+00:00,down,down,1.0,0.25,2026-10-08T04:18:20.169518+00:00
BTC,KXBTC15M-26OCT080000-00,btc-updown-15m-1791432000,B,2026-10-08T04:00:00+00:00,2026-10-08T04:00:00Z,0.621,1.37,0.621,2026-10-08T04:00:18.787519+00:00,down,down,1.0,0.379,2026-10-08T04:20:53.621473+00:00
BTC,KXBTC15M-26OCT080015-15,btc-updown-15m-1791432000,B,2026-10-08T04:00:00+00:00,2026-10-08T04:15:00Z,0.79,1.21,0.79,2026-10-08T04:08:05.695993+00:00,down,down,1.0,0.21,2026-10-08T04:20:53.621473+00:00
ETH,KXETH15M-26OCT080030-30,eth-updown-15m-1791432900,A,2026-10-08T04:15:00+00:00,2026-10-08T04:30:00Z,0.7,0.7,1.3,2026-10-08T04:20:16.381448+00:00,up,up,1.0,0.3,2026-10-08T04:34:30.949878+00:00
BTC,KXBTC15M-26OCT080030-30,btc-updown-15m-1791432900,A,2026-10-08T04:15:00+00:00,2026-10-08T04:30:00Z,0.73,0.73,1.27,2026-10-08T04:20:16.381448+00:00,up,up,1.0,0.27,2026-10-08T04:35:23.596555+00:00
BTC,KXBTC15M-26OCT080045-45,btc-updown-15m-1791433800,A,2026-10-08T04:30:00+00:00,2026-10-08T04:45:00Z,0.79,0.79,1.21,2026-10-08T04:31:55.104568+00:00,down,down,1.0,0.21,2026-10-08T04:49:35.641825+00:00
ETH,KXETH15M-26OCT080045-45,eth-updown-15m-1791433800,A,2026-10-08T04:30:00+00:00,2026-10-08T04:45:00Z,0.78,0.78,1.23,2026-10-08T04:31:55.104568+00:00,down,down,1.0,0.22,2026-10-08T04:50:14.311668+00:00
BTC,KXBTC15M-26OCT080100-00,btc-updown-15m-1791434700,B,2026-10-08T04:45:00+00:00,2026-10-08T05:00:00Z,0.78,1.22,0.78,2026-10-08T04:52:03.603348+00:00,up,up,1.0,0.22,2026-10-08T05:03:52.859864+00:00
BTC,KXBTC15M-26OCT080115-15,btc-updown-15m-1791435600,A,2026-10-08T05:00:00+00:00,2026-10-08T05:15:00Z,0.79,0.79,1.21,2026-10-08T05:03:07.178288+00:00,up,up,1.0,0.21,2026-10-08T05:17:00.729894+00:00
ETH,KXETH15M-26OCT080100-00,eth-updown-15m-1791435600,A,2026-10-08T05:00:00+00:00,2026-10-08T05:00:00Z,0.471,0.471,1.52,2026-10-08T05:00:02.642509+00:00,up,up,1.0,0.529,2026-10-08T05:20:15.760096+00:00
ETH,KXETH15M-26OCT080115-15,eth-updown-15m-1791435600,B,2026-10-08T05:00:00+00:00,2026-10-08T05:15:00Z,0.78,1.22,0.78,2026-10-08T05:03:41.718390+00:00,up,up,1.0,0.22,2026-10-08T05:20:15.760096+00:00
ETH,KXETH15M-26OCT080130-30,eth-updown-15m-1791437400,A,2026-10-08T05:30:00+00:00,2026-10-08T05:30:00Z,0.421,0.421,1.56,2026-10-08T05:30:02.079868+00:00,up,down,0.0,-0.421,2026-10-08T05:47:09.269241+00:00
ETH,KXETH15M-26OCT080145-45,eth-updown-15m-1791437400,B,2026-10-08T05:30:00+00:00,2026-10-08T05:45:00Z,0.76,1.24,0.76,2026-10-08T05:33:07.502520+00:00,down,down,1.0,0.24,2026-10-08T05:47:09.269241+00:00
BTC,KXBTC15M-26OCT080130-30,btc-updown-15m-1791437400,A,2026-10-08T05:30:00+00:00,2026-10-08T05:30:00Z,0.491,0.491,1.51,2026-10-08T05:30:02.079868+00:00,up,down,0.0,-0.491,2026-10-08T05:47:33.302782+00:00
BTC,KXBTC15M-26OCT080145-45,btc-updown-15m-1791437400,B,2026-10-08T05:30:00+00:00,2026-10-08T05:45:00Z,0.78,1.2,0.78,2026-10-08T05:33:07.502520+00:00,down,down,1.0,0.22,2026-10-08T05:47:33.302782+00:00
BTC,KXBTC15M-26OCT080200-00,btc-updown-15m-1791439200,B,2026-10-08T06:00:00+00:00,2026-10-08T06:00:00Z,0.531,1.46,0.531,2026-10-08T06:00:03.908532+00:00,down,up,0.0,-0.531,2026-10-08T06:18:27.002484+00:00
ETH,KXETH15M-26OCT080200-00,eth-updown-15m-1791439200,B,2026-10-08T06:00:00+00:00,2026-10-08T06:00:00Z,0.491,1.5,0.491,2026-10-08T06:00:03.908532+00:00,down,up,0.0,-0.491,2026-10-08T06:20:24.649982+00:00
ETH,KXETH15M-26OCT080215-15,eth-updown-15m-1791439200,B,2026-10-08T06:00:00+00:00,2026-10-08T06:15:00Z,0.79,1.22,0.79,2026-10-08T06:01:04.607873+00:00,up,up,1.0,0.21,2026-10-08T06:20:24.649982+00:00
BTC,KXBTC15M-26OCT080215-15,btc-updown-15m-1791440100,A,2026-10-08T06:15:00+00:00,2026-10-08T06:15:00Z,0.561,0.561,1.42,2026-10-08T06:15:03.747751+00:00,up,down,0.0,-0.561,2026-10-08T06:36:42.273950+00:00
ETH,KXETH15M-26OCT080230-30,eth-updown-15m-1791441000,B,2026-10-08T06:30:00+00:00,2026-10-08T06:30:00Z,0.541,1.45,0.541,2026-10-08T06:30:00.707032+00:00,down,up,0.0,-0.541,2026-10-08T06:48:54.011638+00:00
ETH,KXETH15M-26OCT080245-45,eth-updown-15m-1791441000,B,2026-10-08T06:30:00+00:00,2026-10-08T06:45:00Z,0.78,1.22,0.78,2026-10-08T06:36:09.866339+00:00,up,up,1.0,0.22,2026-10-08T06:48:54.011638+00:00
BTC,KXBTC15M-26OCT080230-30,btc-updown-15m-1791441000,B,2026-10-08T06:30:00+00:00,2026-10-08T06:30:00Z,0.511,1.48,0.511,2026-10-08T06:30:00.707032+00:00,down,up,0.0,-0.511,2026-10-08T06:49:27.600033+00:00
BTC,KXBTC15M-26OCT080245-45,btc-updown-15m-1791441000,A,2026-10-08T06:30:00+00:00,2026-10-08T06:45:00Z,0.79,0.79,1.19,2026-10-08T06:36:26.379412+00:00,up,up,1.0,0.21,2026-10-08T06:49:27.600033+00:00
BTC,KXBTC15M-26OCT080300-00,btc-updown-15m-1791442800,A,2026-10-08T07:00:00+00:00,2026-10-08T07:00:00Z,0.401,0.401,1.59,2026-10-08T07:00:03.037541+00:00,up,up,1.0,0.599,2026-10-08T09:06:11.331331+00:00
ETH,KXETH15M-26OCT080300-00,eth-updown-15m-1791442800,A,2026-10-08T07:00:00+00:00,2026-10-08T07:00:00Z,0.371,0.371,1.62,2026-10-08T07:00:03.037541+00:00,up,up,1.0,0.629,2026-10-08T09:06:16.882985+00:00
BTC,KXBTC15M-26OCT080515-15,btc-updown-15m-1791450900,A,2026-10-08T09:15:00+00:00,2026-10-08T09:15:00Z,0.451,0.451,1.54,2026-10-08T09:15:01.932915+00:00,up,down,0.0,-0.451,2026-10-08T09:33:15.160190+00:00
BTC,KXBTC15M-26OCT080530-30,btc-updown-15m-1791450900,A,2026-10-08T09:15:00+00:00,2026-10-08T09:30:00Z,0.78,0.78,1.22,2026-10-08T09:26:20.728402+00:00,down,down,1.0,0.22,2026-10-08T09:33:15.160190+00:00
ETH,KXETH15M-26OCT080545-45,eth-updown-15m-1791451800,B,2026-10-08T09:30:00+00:00,2026-10-08T09:45:00Z,0.74,1.26,0.74,2026-10-08T09:31:38.185226+00:00,up,up,1.0,0.26,2026-10-08T09:48:31.647156+00:00
BTC,KXBTC15M-26OCT080545-45,btc-updown-15m-1791452700,A,2026-10-08T09:45:00+00:00,2026-10-08T09:45:00Z,0.571,0.571,1.42,2026-10-08T09:45:04.378693+00:00,up,up,1.0,0.429,2026-10-08T10:03:14.991593+00:00
BTC,KXBTC15M-26OCT080600-00,btc-updown-15m-1791452700,B,2026-10-08T09:45:00+00:00,2026-10-08T10:00:00Z,0.78,1.22,0.78,2026-10-08T09:51:59.519342+00:00,up,up,1.0,0.22,2026-10-08T10:03:14.991593+00:00
ETH,KXETH15M-26OCT080600-00,eth-updown-15m-1791452700,B,2026-10-08T09:45:00+00:00,2026-10-08T10:00:00Z,0.79,1.21,0.79,2026-10-08T09:51:59.519342+00:00,up,up,1.0,0.21,2026-10-08T10:04:32.295700+00:00
BTC,KXBTC15M-26OCT080615-15,btc-updown-15m-1791453600,A,2026-10-08T10:00:00+00:00,2026-10-08T10:15:00Z,0.77,0.77,1.23,2026-10-08T10:05:35.703421+00:00,down,down,1.0,0.23,2026-10-08T10:19:01.623609+00:00
ETH,KXETH15M-26OCT080615-15,eth-updown-15m-1791453600,A,2026-10-08T10:00:00+00:00,2026-10-08T10:15:00Z,0.72,0.72,1.28,2026-10-08T10:05:35.703421+00:00,down,down,1.0,0.28,2026-10-08T10:21:08.888291+00:00
ETH,KXETH15M-26OCT080630-30,eth-updown-15m-1791455400,B,2026-10-08T10:30:00+00:00,2026-10-08T10:30:00Z,0.411,1.58,0.411,2026-10-08T10:30:05.086788+00:00,down,down,1.0,0.589,2026-10-08T10:47:59.369676+00:00
BTC,KXBTC15M-26OCT080630-30,btc-updown-15m-1791455400,B,2026-10-08T10:30:00+00:00,2026-10-08T10:30:00Z,0.341,1.65,0.341,2026-10-08T10:30:05.086788+00:00,down,down,1.0,0.659,2026-10-08T10:50:54.851606+00:00
ETH,KXETH15M-26OCT080645-45,eth-updown-15m-1791456300,B,2026-10-08T10:45:00+00:00,2026-10-08T10:45:00Z,0.321,1.67,0.321,2026-10-08T10:45:05.303102+00:00,down,down,1.0,0.679,2026-10-08T11:04:24.650843+00:00
ETH,KXETH15M-26OCT080700-00,eth-updown-15m-1791456300,A,2026-10-08T10:45:00+00:00,2026-10-08T11:00:00Z,0.75,0.75,1.25,2026-10-08T10:54:16.673720+00:00,down,down,1.0,0.25,2026-10-08T11:04:24.650843+00:00
BTC,KXBTC15M-26OCT080700-00,btc-updown-15m-1791456300,A,2026-10-08T10:45:00+00:00,2026-10-08T11:00:00Z,0.78,0.78,1.22,2026-10-08T10:54:22.456075+00:00,up,up,1.0,0.22,2026-10-08T11:05:09.140614+00:00
BTC,KXBTC15M-26OCT080715-15,btc-updown-15m-1791458100,B,2026-10-08T11:15:00+00:00,2026-10-08T11:15:00Z,0.541,1.45,0.541,2026-10-08T11:15:03.142594+00:00,down,up,0.0,-0.541,2026-10-08T11:34:15.793488+00:00
BTC,KXBTC15M-26OCT080730-30,btc-updown-15m-1791458100,A,2026-10-08T11:15:00+00:00,2026-10-08T11:30:00Z,0.77,0.77,1.23,2026-10-08T11:26:02.266867+00:00,up,up,1.0,0.23,2026-10-08T11:34:15.793488+00:00
ETH,KXETH15M-26OCT080715-15,eth-updown-15m-1791458100,B,2026-10-08T11:15:00+00:00,2026-10-08T11:15:00Z,0.581,1.43,0.581,2026-10-08T11:15:03.142594+00:00,down,down,1.0,0.419,2026-10-08T11:36:41.575002+00:00
ETH,KXETH15M-26OCT080730-30,eth-updown-15m-1791458100,B,2026-10-08T11:15:00+00:00,2026-10-08T11:30:00Z,0.75,1.25,0.75,2026-10-08T11:23:55.639641+00:00,down,down,1.0,0.25,2026-10-08T11:36:41.575002+00:00
BTC,KXBTC15M-26OCT080745-45,btc-updown-15m-1791459000,B,2026-10-08T11:30:00+00:00,2026-10-08T11:45:00Z,0.79,1.21,0.79,2026-10-08T11:30:30.729564+00:00,up,up,1.0,0.21,2026-10-08T11:47:40.257823+00:00
ETH,KXETH15M-26OCT080745-45,eth-updown-15m-1791459000,B,2026-10-08T11:30:00+00:00,2026-10-08T11:45:00Z,0.79,1.21,0.79,2026-10-08T11:39:47.262936+00:00,up,up,1.0,0.21,2026-10-08T11:51:26.240603+00:00
BTC,KXBTC15M-26OCT080800-00,btc-updown-15m-1791459900,A,2026-10-08T11:45:00+00:00,2026-10-08T12:00:00Z,0.79,0.79,1.21,2026-10-08T11:48:02.552017+00:00,down,down,1.0,0.21,2026-10-08T12:03:30.641731+00:00
ETH,KXETH15M-26OCT080800-00,eth-updown-15m-1791460800,B,2026-10-08T12:00:00+00:00,2026-10-08T12:00:00Z,0.531,1.45,0.531,2026-10-08T12:00:04.225439+00:00,down,down,1.0,0.469,2026-10-08T12:19:59.965358+00:00
ETH,KXETH15M-26OCT080815-15,eth-updown-15m-1791460800,B,2026-10-08T12:00:00+00:00,2026-10-08T12:15:00Z,0.75,1.25,0.75,2026-10-08T12:07:34.945966+00:00,down,down,1.0,0.25,2026-10-08T12:19:59.965358+00:00
BTC,KXBTC15M-26OCT080815-15,btc-updown-15m-1791461700,B,2026-10-08T12:15:00+00:00,2026-10-08T12:15:00Z,0.461,1.53,0.461,2026-10-08T12:15:00.714471+00:00,down,up,0.0,-0.461,2026-10-08T12:32:46.465306+00:00
BTC,KXBTC15M-26OCT080830-30,btc-updown-15m-1791461700,B,2026-10-08T12:15:00+00:00,2026-10-08T12:30:00Z,0.79,1.22,0.79,2026-10-08T12:20:10.443038+00:00,up,up,1.0,0.21,2026-10-08T12:32:46.465306+00:00
ETH,KXETH15M-26OCT080830-30,eth-updown-15m-1791461700,A,2026-10-08T12:15:00+00:00,2026-10-08T12:30:00Z,0.73,0.73,1.27,2026-10-08T12:18:22.387046+00:00,down,down,1.0,0.27,2026-10-08T12:33:13.662017+00:00
ETH,KXETH15M-26OCT080845-45,eth-updown-15m-1791462600,A,2026-10-08T12:30:00+00:00,2026-10-08T12:45:00Z,0.79,0.79,1.22,2026-10-08T12:30:32.893646+00:00,down,down,1.0,0.21,2026-10-08T12:48:14.354461+00:00
BTC,KXBTC15M-26OCT080845-45,btc-updown-15m-1791463500,B,2026-10-08T12:45:00+00:00,2026-10-08T12:45:00Z,0.591,1.4,0.591,2026-10-08T12:45:00.400035+00:00,down,down,1.0,0.409,2026-10-08T13:04:33.538503+00:00
BTC,KXBTC15M-26OCT080900-00,btc-updown-15m-1791463500,B,2026-10-08T12:45:00+00:00,2026-10-08T13:00:00Z,0.74,1.26,0.74,2026-10-08T12:51:00.829487+00:00,down,down,1.0,0.26,2026-10-08T13:04:33.538503+00:00
ETH,KXETH15M-26OCT080900-00,eth-updown-15m-1791463500,B,2026-10-08T12:45:00+00:00,2026-10-08T13:00:00Z,0.78,1.21,0.78,2026-10-08T12:51:00.829487+00:00,down,down,1.0,0.22,2026-10-08T13:05:19.073506+00:00
BTC,KXBTC15M-26OCT080915-15,btc-updown-15m-1791464400,B,2026-10-08T13:00:00+00:00,2026-10-08T13:15:00Z,0.76,1.24,0.76,2026-10-08T13:05:18.488545+00:00,up,up,1.0,0.24,2026-10-08T13:18:25.708754+00:00
BTC,KXBTC15M-26OCT080930-30,btc-updown-15m-1791465300,A,2026-10-08T13:15:00+00:00,2026-10-08T13:30:00Z,0.79,0.79,1.21,2026-10-08T13:24:30.680397+00:00,down,down,1.0,0.21,2026-10-08T13:35:58.404824+00:00
ETH,KXETH15M-26OCT080915-15,eth-updown-15m-1791465300,A,2026-10-08T13:15:00+00:00,2026-10-08T13:15:00Z,0.431,0.431,1.56,2026-10-08T13:15:03.731406+00:00,up,down,0.0,-0.431,2026-10-08T13:36:37.515865+00:00
ETH,KXETH15M-26OCT080930-30,eth-updown-15m-1791465300,A,2026-10-08T13:15:00+00:00,2026-10-08T13:30:00Z,0.79,0.79,1.21,2026-10-08T13:27:01.555413+00:00,down,down,1.0,0.21,2026-10-08T13:36:37.515865+00:00
BTC,KXBTC15M-26OCT080945-45,btc-updown-15m-1791466200,B,2026-10-08T13:30:00+00:00,2026-10-08T13:45:00Z,0.59,1.4,0.59,2026-10-08T13:30:05.797536+00:00,down,down,1.0,0.41,2026-10-08T13:48:16.091021+00:00
ETH,KXETH15M-26OCT080945-45,eth-updown-15m-1791467100,B,2026-10-08T13:45:00+00:00,2026-10-08T13:45:00Z,0.561,1.43,0.561,2026-10-08T13:45:04.168974+00:00,down,up,0.0,-0.561,2026-10-08T14:04:36.016289+00:00
ETH,KXETH15M-26OCT081000-00,eth-updown-15m-1791467100,B,2026-10-08T13:45:00+00:00,2026-10-08T14:00:00Z,0.77,1.25,0.77,2026-10-08T13:46:13.263826+00:00,up,up,1.0,0.23,2026-10-08T14:04:36.016289+00:00
BTC,KXBTC15M-26OCT081000-00,btc-updown-15m-1791467100,A,2026-10-08T13:45:00+00:00,2026-10-08T14:00:00Z,0.77,0.77,1.26,2026-10-08T13:57:04.574877+00:00,up,up,1.0,0.23,2026-10-08T14:05:23.743560+00:00
ETH,KXETH15M-26OCT081030-30,eth-updown-15m-1791468900,B,2026-10-08T14:15:00+00:00,2026-10-08T14:30:00Z,0.53,1.48,0.53,2026-10-08T14:28:47.986905+00:00,up,up,1.0,0.47,2026-10-08T14:32:10.804042+00:00
BTC,KXBTC15M-26OCT081015-15,btc-updown-15m-1791468900,A,2026-10-08T14:15:00+00:00,2026-10-08T14:15:00Z,0.511,0.511,1.48,2026-10-08T14:15:04.547270+00:00,up,up,1.0,0.489,2026-10-08T14:32:59.650568+00:00
BTC,KXBTC15M-26OCT081030-30,btc-updown-15m-1791468900,A,2026-10-08T14:15:00+00:00,2026-10-08T14:30:00Z,0.77,0.77,1.23,2026-10-08T14:24:35.560067+00:00,up,up,1.0,0.23,2026-10-08T14:32:59.650568+00:00
BTC,KXBTC15M-26OCT081100-00,btc-updown-15m-1791470700,B,2026-10-08T14:45:00+00:00,2026-10-08T15:00:00Z,0.77,1.23,0.77,2026-10-08T14:55:16.572086+00:00,up,up,1.0,0.23,2026-10-08T15:03:20.097984+00:00
ETH,KXETH15M-26OCT081045-45,eth-updown-15m-1791470700,B,2026-10-08T14:45:00+00:00,2026-10-08T14:45:00Z,0.461,1.53,0.461,2026-10-08T14:45:03.327421+00:00,down,up,0.0,-0.461,2026-10-08T15:04:15.070977+00:00
ETH,KXETH15M-26OCT081100-00,eth-updown-15m-1791470700,A,2026-10-08T14:45:00+00:00,2026-10-08T15:00:00Z,0.77,0.77,1.24,2026-10-08T14:53:43.182950+00:00,up,up,1.0,0.23,2026-10-08T15:04:15.070977+00:00
BTC,KXBTC15M-26OCT081115-15,btc-updown-15m-1791472500,B,2026-10-08T15:15:00+00:00,2026-10-08T15:15:00Z,0.551,1.45,0.551,2026-10-08T15:15:04.777750+00:00,down,down,1.0,0.449,2026-10-08T15:32:58.178440+00:00
ETH,KXETH15M-26OCT081115-15,eth-updown-15m-1791472500,B,2026-10-08T15:15:00+00:00,2026-10-08T15:15:00Z,0.521,1.47,0.521,2026-10-08T15:15:04.777750+00:00,down,down,1.0,0.479,2026-10-08T15:36:48.092487+00:00
ETH,KXETH15M-26OCT081130-30,eth-updown-15m-1791472500,A,2026-10-08T15:15:00+00:00,2026-10-08T15:30:00Z,0.73,0.73,1.27,2026-10-08T15:16:45.068112+00:00,down,down,1.0,0.27,2026-10-08T15:36:48.092487+00:00
BTC,KXBTC15M-26OCT081145-45,btc-updown-15m-1791474300,B,2026-10-08T15:45:00+00:00,2026-10-08T15:45:00Z,0.471,1.52,0.471,2026-10-08T15:45:01.424233+00:00,down,down,1.0,0.529,2026-10-08T16:03:21.408526+00:00
BTC,KXBTC15M-26OCT081200-00,btc-updown-15m-1791474300,A,2026-10-08T15:45:00+00:00,2026-10-08T16:00:00Z,0.78,0.78,1.22,2026-10-08T15:55:43.379348+00:00,down,down,1.0,0.22,2026-10-08T16:03:21.408526+00:00
ETH,KXETH15M-26OCT081145-45,eth-updown-15m-1791474300,B,2026-10-08T15:45:00+00:00,2026-10-08T15:45:00Z,0.441,1.55,0.441,2026-10-08T15:45:01.424233+00:00,down,down,1.0,0.559,2026-10-08T16:06:05.155427+00:00
ETH,KXETH15M-26OCT081200-00,eth-updown-15m-1791474300,A,2026-10-08T15:45:00+00:00,2026-10-08T16:00:00Z,0.76,0.76,1.22,2026-10-08T15:52:14.068872+00:00,down,down,1.0,0.24,2026-10-08T16:06:05.155427+00:00
ETH,KXETH15M-26OCT081215-15,eth-updown-15m-1791475200,A,2026-10-08T16:00:00+00:00,2026-10-08T16:15:00Z,0.79,0.79,1.22,2026-10-08T16:12:18.997091+00:00,down,down,1.0,0.21,2026-10-08T16:19:03.540599+00:00
BTC,KXBTC15M-26OCT081215-15,btc-updown-15m-1791475200,A,2026-10-08T16:00:00+00:00,2026-10-08T16:15:00Z,0.79,0.79,1.21,2026-10-08T16:12:18.997091+00:00,up,up,1.0,0.21,2026-10-08T16:20:01.263112+00:00
ETH,KXETH15M-26OCT081230-30,eth-updown-15m-1791476100,B,2026-10-08T16:15:00+00:00,2026-10-08T16:30:00Z,0.7,1.27,0.7,2026-10-08T16:17:15.756644+00:00,up,up,1.0,0.3,2026-10-08T16:35:22.297019+00:00
BTC,KXBTC15M-26OCT081230-30,btc-updown-15m-1791476100,B,2026-10-08T16:15:00+00:00,2026-10-08T16:30:00Z,0.72,1.28,0.72,2026-10-08T16:17:15.756644+00:00,up,up,1.0,0.28,2026-10-08T16:38:18.145131+00:00
ETH,KXETH15M-26OCT081245-45,eth-updown-15m-1791477000,A,2026-10-08T16:30:00+00:00,2026-10-08T16:45:00Z,0.56,0.56,1.44,2026-10-08T16:43:40.818658+00:00,down,down,1.0,0.44,2026-10-08T16:48:13.226355+00:00
BTC,KXBTC15M-26OCT081245-45,btc-updown-15m-1791477000,A,2026-10-08T16:30:00+00:00,2026-10-08T16:45:00Z,0.74,0.74,1.26,2026-10-08T16:42:58.099984+00:00,down,down,1.0,0.26,2026-10-08T16:49:08.704092+00:00
ETH,KXETH15M-26OCT081315-15,eth-updown-15m-1791478800,B,2026-10-08T17:00:00+00:00,2026-10-08T17:15:00Z,0.74,1.26,0.74,2026-10-08T17:07:55.156377+00:00,up,up,1.0,0.26,2026-10-08T17:20:26.035492+00:00
BTC,KXBTC15M-26OCT081300-00,btc-updown-15m-1791478800,B,2026-10-08T17:00:00+00:00,2026-10-08T17:00:00Z,0.461,1.53,0.461,2026-10-08T17:00:02.939646+00:00,down,down,1.0,0.539,2026-10-08T17:22:21.355352+00:00
BTC,KXBTC15M-26OCT081315-15,btc-updown-15m-1791478800,B,2026-10-08T17:00:00+00:00,2026-10-08T17:15:00Z,0.77,1.23,0.77,2026-10-08T17:13:04.531030+00:00,down,down,1.0,0.23,2026-10-08T17:22:21.355352+00:00
BTC,KXBTC15M-26OCT081330-30,btc-updown-15m-1791480600,B,2026-10-08T17:30:00+00:00,2026-10-08T17:30:00Z,0.461,1.53,0.461,2026-10-08T17:30:04.517088+00:00,down,up,0.0,-0.461,2026-10-08T17:48:20.907182+00:00
ETH,KXETH15M-26OCT081330-30,eth-updown-15m-1791480600,B,2026-10-08T17:30:00+00:00,2026-10-08T17:30:00Z,0.481,1.51,0.481,2026-10-08T17:30:04.517088+00:00,down,up,0.0,-0.481,2026-10-08T17:48:20.907182+00:00
ETH,KXETH15M-26OCT081345-45,eth-updown-15m-1791480600,B,2026-10-08T17:30:00+00:00,2026-10-08T17:45:00Z,0.78,1.21,0.78,2026-10-08T17:39:41.800282+00:00,up,up,1.0,0.22,2026-10-08T17:48:20.907182+00:00
BTC,KXBTC15M-26OCT081345-45,btc-updown-15m-1791481500,A,2026-10-08T17:45:00+00:00,2026-10-08T17:45:00Z,0.451,0.451,1.55,2026-10-08T17:45:02.283195+00:00,up,down,0.0,-0.451,2026-10-08T18:04:58.922648+00:00
ETH,KXETH15M-26OCT081400-00,eth-updown-15m-1791482400,B,2026-10-08T18:00:00+00:00,2026-10-08T18:00:00Z,0.381,1.61,0.381,2026-10-08T18:00:05.742861+00:00,down,down,1.0,0.619,2026-10-08T18:19:40.888295+00:00
BTC,KXBTC15M-26OCT081400-00,btc-updown-15m-1791482400,B,2026-10-08T18:00:00+00:00,2026-10-08T18:00:00Z,0.341,1.65,0.341,2026-10-08T18:00:05.742861+00:00,down,down,1.0,0.659,2026-10-08T18:20:03.932602+00:00
ETH,KXETH15M-26OCT081415-15,eth-updown-15m-1791483300,B,2026-10-08T18:15:00+00:00,2026-10-08T18:15:00Z,0.401,1.59,0.401,2026-10-08T18:15:04.153321+00:00,down,up,0.0,-0.401,2026-10-08T18:35:26.198584+00:00
BTC,KXBTC15M-26OCT081430-30,btc-updown-15m-1791484200,A,2026-10-08T18:30:00+00:00,2026-10-08T18:30:00Z,0.331,0.331,1.66,2026-10-08T18:30:21.502509+00:00,up,up,1.0,0.669,2026-10-08T18:47:24.286151+00:00
BTC,KXBTC15M-26OCT081445-45,btc-updown-15m-1791484200,B,2026-10-08T18:30:00+00:00,2026-10-08T18:45:00Z,0.79,1.21,0.79,2026-10-08T18:38:29.567314+00:00,up,up,1.0,0.21,2026-10-08T18:47:24.286151+00:00
ETH,KXETH15M-26OCT081445-45,eth-updown-15m-1791485100,A,2026-10-08T18:45:00+00:00,2026-10-08T18:45:00Z,0.451,0.451,1.53,2026-10-08T18:45:01.440527+00:00,up,down,0.0,-0.451,2026-10-08T19:03:45.175764+00:00
ETH,KXETH15M-26OCT081500-00,eth-updown-15m-1791485100,A,2026-10-08T18:45:00+00:00,2026-10-08T19:00:00Z,0.75,0.75,1.23,2026-10-08T18:58:35.837171+00:00,down,down,1.0,0.25,2026-10-08T19:03:45.175764+00:00
ETH,KXETH15M-26OCT081515-15,eth-updown-15m-1791486000,B,2026-10-08T19:00:00+00:00,2026-10-08T19:15:00Z,0.597,1.396,0.597,2026-10-08T19:10:33.590505+00:00,up,up,1.0,0.403,2026-10-08T19:18:17.767874+00:00
BTC,KXBTC15M-26OCT081500-00,btc-updown-15m-1791486000,B,2026-10-08T19:00:00+00:00,2026-10-08T19:00:00Z,0.481,1.51,0.481,2026-10-08T19:00:05.117336+00:00,down,down,1.0,0.519,2026-10-08T19:19:15.216272+00:00
BTC,KXBTC15M-26OCT081515-15,btc-updown-15m-1791486000,A,2026-10-08T19:00:00+00:00,2026-10-08T19:15:00Z,0.79,0.79,1.21,2026-10-08T19:07:12.180249+00:00,up,down,0.0,-0.79,2026-10-08T19:19:15.216272+00:00
ETH,KXETH15M-26OCT081530-30,eth-updown-15m-1791487800,A,2026-10-08T19:30:00+00:00,2026-10-08T19:30:00Z,0.441,0.441,1.55,2026-10-08T19:30:04.794308+00:00,up,up,1.0,0.559,2026-10-08T19:47:50.745724+00:00
BTC,KXBTC15M-26OCT081530-30,btc-updown-15m-1791487800,A,2026-10-08T19:30:00+00:00,2026-10-08T19:30:00Z,0.441,0.441,1.55,2026-10-08T19:30:04.794308+00:00,up,up,1.0,0.559,2026-10-08T19:50:21.883325+00:00
BTC,KXBTC15M-26OCT081545-45,btc-updown-15m-1791488700,A,2026-10-08T19:45:00+00:00,2026-10-08T19:45:00Z,0.481,0.481,1.51,2026-10-08T19:45:02.720898+00:00,up,up,1.0,0.519,2026-10-08T20:05:24.632356+00:00
BTC,KXBTC15M-26OCT081600-00,btc-updown-15m-1791488700,B,2026-10-08T19:45:00+00:00,2026-10-08T20:00:00Z,0.78,1.22,0.78,2026-10-08T19:53:01.502091+00:00,up,up,1.0,0.22,2026-10-08T20:05:24.632356+00:00
ETH,KXETH15M-26OCT081545-45,eth-updown-15m-1791488700,A,2026-10-08T19:45:00+00:00,2026-10-08T19:45:00Z,0.441,0.441,1.55,2026-10-08T19:45:02.720898+00:00,up,up,1.0,0.559,2026-10-08T20:06:39.920625+00:00
ETH,KXETH15M-26OCT081600-00,eth-updown-15m-1791488700,A,2026-10-08T19:45:00+00:00,2026-10-08T20:00:00Z,0.78,0.78,1.22,2026-10-08T19:49:34.671454+00:00,up,up,1.0,0.22,2026-10-08T20:06:39.920625+00:00
BTC,KXBTC15M-26OCT081615-15,btc-updown-15m-1791490500,A,2026-10-08T20:15:00+00:00,2026-10-08T20:15:00Z,0.441,0.441,1.55,2026-10-08T20:15:00.213091+00:00,up,down,0.0,-0.441,2026-10-08T20:34:01.482024+00:00
ETH,KXETH15M-26OCT081615-15,eth-updown-15m-1791490500,A,2026-10-08T20:15:00+00:00,2026-10-08T20:15:00Z,0.431,0.431,1.55,2026-10-08T20:15:00.213091+00:00,up,down,0.0,-0.431,2026-10-08T20:36:22.507771+00:00
ETH,KXETH15M-26OCT081630-30,eth-updown-15m-1791490500,B,2026-10-08T20:15:00+00:00,2026-10-08T20:30:00Z,0.749,1.242,0.749,2026-10-08T20:26:26.647304+00:00,down,down,1.0,0.251,2026-10-08T20:36:22.507771+00:00
BTC,KXBTC15M-26OCT081630-30,btc-updown-15m-1791491400,B,2026-10-08T20:30:00+00:00,2026-10-08T20:30:00Z,0.551,1.44,0.551,2026-10-08T20:30:02.481648+00:00,down,up,0.0,-0.551,2026-10-08T20:49:03.384867+00:00
BTC,KXBTC15M-26OCT081645-45,btc-updown-15m-1791491400,B,2026-10-08T20:30:00+00:00,2026-10-08T20:45:00Z,0.77,1.23,0.77,2026-10-08T20:39:08.464269+00:00,up,up,1.0,0.23,2026-10-08T20:49:03.384867+00:00
ETH,KXETH15M-26OCT081645-45,eth-updown-15m-1791491400,B,2026-10-08T20:30:00+00:00,2026-10-08T20:45:00Z,0.77,1.23,0.77,2026-10-08T20:39:14.355464+00:00,up,up,1.0,0.23,2026-10-08T20:51:25.459938+00:00
ETH,KXETH15M-26OCT081700-00,eth-updown-15m-1791492300,B,2026-10-08T20:45:00+00:00,2026-10-08T21:00:00Z,0.62,1.38,0.62,2026-10-08T20:56:58.015304+00:00,up,up,1.0,0.38,2026-10-08T21:02:31.077328+00:00
BTC,KXBTC15M-26OCT081700-00,btc-updown-15m-1791492300,B,2026-10-08T20:45:00+00:00,2026-10-08T21:00:00Z,0.79,1.21,0.79,2026-10-08T20:57:20.421631+00:00,down,down,1.0,0.21,2026-10-08T21:04:46.664159+00:00
ETH,KXETH15M-26OCT081715-15,eth-updown-15m-1791493200,A,2026-10-08T21:00:00+00:00,2026-10-08T21:15:00Z,0.79,0.79,1.21,2026-10-08T21:12:02.635105+00:00,down,down,1.0,0.21,2026-10-08T21:18:52.301040+00:00
ETH,KXETH15M-26OCT081730-30,eth-updown-15m-1791494100,A,2026-10-08T21:15:00+00:00,2026-10-08T21:30:00Z,0.77,0.77,1.23,2026-10-08T21:22:28.811597+00:00,up,up,1.0,0.23,2026-10-08T21:34:39.858539+00:00
BTC,KXBTC15M-26OCT081715-15,btc-updown-15m-1791494100,B,2026-10-08T21:15:00+00:00,2026-10-08T21:15:00Z,0.531,1.46,0.531,2026-10-08T21:15:03.899935+00:00,down,down,1.0,0.469,2026-10-08T21:34:57.152668+00:00
BTC,KXBTC15M-26OCT081730-30,btc-updown-15m-1791494100,A,2026-10-08T21:15:00+00:00,2026-10-08T21:30:00Z,0.76,0.76,1.24,2026-10-08T21:22:39.725110+00:00,down,down,1.0,0.24,2026-10-08T21:34:57.152668+00:00
ETH,KXETH15M-26OCT081745-45,eth-updown-15m-1791495000,B,2026-10-08T21:30:00+00:00,2026-10-08T21:45:00Z,0.73,1.26,0.73,2026-10-08T21:35:13.646561+00:00,up,up,1.0,0.27,2026-10-08T21:50:54.619941+00:00
BTC,KXBTC15M-26OCT081745-45,btc-updown-15m-1791495900,A,2026-10-08T21:45:00+00:00,2026-10-08T21:45:00Z,0.491,0.491,1.5,2026-10-08T21:45:02.105658+00:00,up,down,0.0,-0.491,2026-10-08T22:06:03.255427+00:00
BTC,KXBTC15M-26OCT081800-00,btc-updown-15m-1791495900,B,2026-10-08T21:45:00+00:00,2026-10-08T22:00:00Z,0.79,1.21,0.79,2026-10-08T21:55:05.850542+00:00,down,down,1.0,0.21,2026-10-08T22:06:03.255427+00:00
ETH,KXETH15M-26OCT081800-00,eth-updown-15m-1791495900,B,2026-10-08T21:45:00+00:00,2026-10-08T22:00:00Z,0.72,1.28,0.72,2026-10-08T21:53:40.474436+00:00,up,up,1.0,0.28,2026-10-08T22:06:08.994443+00:00
BTC,KXBTC15M-26OCT081815-15,btc-updown-15m-1791497700,A,2026-10-08T22:15:00+00:00,2026-10-08T22:15:00Z,0.441,0.441,1.59,2026-10-08T22:15:00.937397+00:00,up,down,0.0,-0.441,2026-10-08T22:36:21.933218+00:00
BTC,KXBTC15M-26OCT081830-30,btc-updown-15m-1791497700,B,2026-10-08T22:15:00+00:00,2026-10-08T22:30:00Z,0.74,1.25,0.74,2026-10-08T22:28:24.806888+00:00,down,down,1.0,0.26,2026-10-08T22:36:21.933218+00:00
ETH,KXETH15M-26OCT081815-15,eth-updown-15m-1791497700,A,2026-10-08T22:15:00+00:00,2026-10-08T22:15:00Z,0.371,0.371,1.62,2026-10-08T22:15:00.937397+00:00,up,down,0.0,-0.371,2026-10-08T22:36:56.533787+00:00
ETH,KXETH15M-26OCT081830-30,eth-updown-15m-1791498600,B,2026-10-08T22:30:00+00:00,2026-10-08T22:30:00Z,0.571,1.42,0.571,2026-10-08T22:30:02.274175+00:00,down,up,0.0,-0.571,2026-10-08T22:52:28.155646+00:00
ETH,KXETH15M-26OCT081845-45,eth-updown-15m-1791498600,B,2026-10-08T22:30:00+00:00,2026-10-08T22:45:00Z,0.77,1.23,0.77,2026-10-08T22:34:16.921822+00:00,up,up,1.0,0.23,2026-10-08T22:52:28.155646+00:00
ETH,KXETH15M-26OCT081900-00,eth-updown-15m-1791499500,A,2026-10-08T22:45:00+00:00,2026-10-08T23:00:00Z,0.79,0.79,1.21,2026-10-08T22:51:00.596064+00:00,down,down,1.0,0.21,2026-10-08T23:03:30.490513+00:00
BTC,KXBTC15M-26OCT081845-45,btc-updown-15m-1791499500,A,2026-10-08T22:45:00+00:00,2026-10-08T22:45:00Z,0.431,0.431,1.56,2026-10-08T22:45:00.584684+00:00,up,down,0.0,-0.431,2026-10-08T23:03:42.051153+00:00
BTC,KXBTC15M-26OCT081900-00,btc-updown-15m-1791499500,A,2026-10-08T22:45:00+00:00,2026-10-08T23:00:00Z,0.78,0.78,1.22,2026-10-08T22:50:48.575779+00:00,down,down,1.0,0.22,2026-10-08T23:03:42.051153+00:00
BTC,KXBTC15M-26OCT081915-15,btc-updown-15m-1791500400,A,2026-10-08T23:00:00+00:00,2026-10-08T23:15:00Z,0.78,0.78,1.22,2026-10-08T23:02:31.441498+00:00,down,down,1.0,0.22,2026-10-08T23:18:00.478050+00:00
ETH,KXETH15M-26OCT081915-15,eth-updown-15m-1791500400,A,2026-10-08T23:00:00+00:00,2026-10-08T23:15:00Z,0.79,0.79,1.21,2026-10-08T23:06:55.231098+00:00,up,up,1.0,0.21,2026-10-08T23:18:56.358578+00:00
BTC,KXBTC15M-26OCT081930-30,btc-updown-15m-1791501300,A,2026-10-08T23:15:00+00:00,2026-10-08T23:30:00Z,0.48,0.48,1.52,2026-10-08T23:28:29.091408+00:00,down,down,1.0,0.52,2026-10-08T23:32:37.071983+00:00
ETH,KXETH15M-26OCT081930-30,eth-updown-15m-1791502200,A,2026-10-08T23:30:00+00:00,2026-10-08T23:30:00Z,0.501,0.501,1.49,2026-10-08T23:30:02.689472+00:00,up,down,0.0,-0.501,2026-10-08T23:49:59.419678+00:00
ETH,KXETH15M-26OCT081945-45,eth-updown-15m-1791502200,B,2026-10-08T23:30:00+00:00,2026-10-08T23:45:00Z,0.73,1.27,0.73,2026-10-08T23:39:46.600700+00:00,down,down,1.0,0.27,2026-10-08T23:49:59.419678+00:00
